"time","cover","species","climsim","vital"
500,0.0168970231637409,1,"temp","growth_rec"
501,0.208278378090402,1,"temp","growth_rec"
502,0.0138396424353539,1,"temp","growth_rec"
503,0.0237197871905981,1,"temp","growth_rec"
504,0.0139800622267628,1,"temp","growth_rec"
505,0.033708886065094,1,"temp","growth_rec"
506,0.0213761194839531,1,"temp","growth_rec"
507,0.03483222149461,1,"temp","growth_rec"
508,0.396246371157662,1,"temp","growth_rec"
509,1.11764101427789,1,"temp","growth_rec"
510,2.82889972862306,1,"temp","growth_rec"
511,2.61634720876731,1,"temp","growth_rec"
512,1.1300143127766,1,"temp","growth_rec"
513,0.243534994636566,1,"temp","growth_rec"
514,0.0754923939908697,1,"temp","growth_rec"
515,0.0308416833267961,1,"temp","growth_rec"
516,0.0361672151018002,1,"temp","growth_rec"
517,0.042527305004528,1,"temp","growth_rec"
518,0.0595834677370195,1,"temp","growth_rec"
519,0.0673882666464758,1,"temp","growth_rec"
520,0.571896189211982,1,"temp","growth_rec"
521,1.78117722523525,1,"temp","growth_rec"
522,1.09581810137258,1,"temp","growth_rec"
523,0.698696794064794,1,"temp","growth_rec"
524,0.508102337960654,1,"temp","growth_rec"
525,2.15409657642313,1,"temp","growth_rec"
526,2.26493318983267,1,"temp","growth_rec"
527,1.44804822518405,1,"temp","growth_rec"
528,1.04999550126826,1,"temp","growth_rec"
529,0.142584644211765,1,"temp","growth_rec"
530,0.0686730361066142,1,"temp","growth_rec"
531,0.00410609683864027,1,"temp","growth_rec"
532,0.052892328046218,1,"temp","growth_rec"
533,0.182540907742759,1,"temp","growth_rec"
534,0.143767580876518,1,"temp","growth_rec"
535,0.185426199523804,1,"temp","growth_rec"
536,0.977550423733643,1,"temp","growth_rec"
537,1.48405040600784,1,"temp","growth_rec"
538,0.345662897546107,1,"temp","growth_rec"
539,1.31355854973417,1,"temp","growth_rec"
540,0.681913872404018,1,"temp","growth_rec"
541,0.0340871259538568,1,"temp","growth_rec"
542,0.0188604593996935,1,"temp","growth_rec"
543,0.0316980105098712,1,"temp","growth_rec"
544,0.0423550653638018,1,"temp","growth_rec"
545,0.0766553432039911,1,"temp","growth_rec"
546,0.0839583186376875,1,"temp","growth_rec"
547,0.345250319777007,1,"temp","growth_rec"
548,1.5463959784221,1,"temp","growth_rec"
549,0.875057061583681,1,"temp","growth_rec"
550,0.257275093961305,1,"temp","growth_rec"
551,0.348043262275696,1,"temp","growth_rec"
552,0.300194111351297,1,"temp","growth_rec"
553,0.266124829912409,1,"temp","growth_rec"
554,0.272438723054407,1,"temp","growth_rec"
555,0.275919510026592,1,"temp","growth_rec"
556,0.107983057827862,1,"temp","growth_rec"
557,0.00925626805550073,1,"temp","growth_rec"
558,0.142831706476452,1,"temp","growth_rec"
559,0.143524596823889,1,"temp","growth_rec"
560,0.204004208601193,1,"temp","growth_rec"
561,0.267182794544475,1,"temp","growth_rec"
562,0.235093743714169,1,"temp","growth_rec"
563,0.204133986424476,1,"temp","growth_rec"
564,1.24669161065142,1,"temp","growth_rec"
565,0.721856237307223,1,"temp","growth_rec"
566,0.701305128169104,1,"temp","growth_rec"
567,0.20665957426371,1,"temp","growth_rec"
568,1.31422993723519,1,"temp","growth_rec"
569,0.755976138489478,1,"temp","growth_rec"
570,2.01655959636149,1,"temp","growth_rec"
571,0.987637729776988,1,"temp","growth_rec"
572,0.584445117637116,1,"temp","growth_rec"
573,0.415939340875828,1,"temp","growth_rec"
574,0.368147823364983,1,"temp","growth_rec"
575,0.120788785337697,1,"temp","growth_rec"
576,0.175635818162787,1,"temp","growth_rec"
577,0.157169417447815,1,"temp","growth_rec"
578,0.0642151265869383,1,"temp","growth_rec"
579,0.0755392220036592,1,"temp","growth_rec"
580,0.641254762366231,1,"temp","growth_rec"
581,0.192704480771057,1,"temp","growth_rec"
582,1.18237699062899,1,"temp","growth_rec"
583,0.688910348248516,1,"temp","growth_rec"
584,0.46575256160578,1,"temp","growth_rec"
585,1.19136970419215,1,"temp","growth_rec"
586,0.319867757584253,1,"temp","growth_rec"
587,0.316848519866522,1,"temp","growth_rec"
588,0.256923656975067,1,"temp","growth_rec"
589,1.4161993447026,1,"temp","growth_rec"
590,0.793148513434926,1,"temp","growth_rec"
591,0.741687607427052,1,"temp","growth_rec"
592,0.547674874252516,1,"temp","growth_rec"
593,0.391320544785612,1,"temp","growth_rec"
594,0.134446531278403,1,"temp","growth_rec"
595,0.0579455640075395,1,"temp","growth_rec"
596,0.0696764458804751,1,"temp","growth_rec"
597,0.0331694865758961,1,"temp","growth_rec"
598,0.0181385837557236,1,"temp","growth_rec"
599,0.0110537247621926,1,"temp","growth_rec"
600,0.0209247747048476,1,"temp","growth_rec"
601,0.012283570102925,1,"temp","growth_rec"
602,0.0299667579406602,1,"temp","growth_rec"
603,0.0194938410442398,1,"temp","growth_rec"
604,0.0311441880500852,1,"temp","growth_rec"
605,0.0175035016686652,1,"temp","growth_rec"
606,0.013528093689741,1,"temp","growth_rec"
607,0.0255522131981587,1,"temp","growth_rec"
608,0.0594123219706454,1,"temp","growth_rec"
609,0.0349564564955769,1,"temp","growth_rec"
610,0.0544624150791195,1,"temp","growth_rec"
611,0.0288265848114008,1,"temp","growth_rec"
612,0.0427460598437151,1,"temp","growth_rec"
613,0.0663311435368706,1,"temp","growth_rec"
614,0.087205389823008,1,"temp","growth_rec"
615,0.717305220504779,1,"temp","growth_rec"
616,0.477041382320782,1,"temp","growth_rec"
617,1.24434014988816,1,"temp","growth_rec"
618,0.857465048958157,1,"temp","growth_rec"
619,0.256040352489168,1,"temp","growth_rec"
620,1.66129264137886,1,"temp","growth_rec"
621,1.01431504479109,1,"temp","growth_rec"
622,2.11514363721844,1,"temp","growth_rec"
623,1.15051532720692,1,"temp","growth_rec"
624,0.747725961551949,1,"temp","growth_rec"
625,0.535420848233013,1,"temp","growth_rec"
626,0.180844320668457,1,"temp","growth_rec"
627,0.0789744030467966,1,"temp","growth_rec"
628,0.662464588906588,1,"temp","growth_rec"
629,0.200550687984281,1,"temp","growth_rec"
630,0.213540502544515,1,"temp","growth_rec"
631,0.222490192022376,1,"temp","growth_rec"
632,0.228557504325163,1,"temp","growth_rec"
633,0.0162447217433438,1,"temp","growth_rec"
634,0.103192155514415,1,"temp","growth_rec"
635,0.107472132824638,1,"temp","growth_rec"
636,0.163529193767524,1,"temp","growth_rec"
637,0.184697154941832,1,"temp","growth_rec"
638,1.061854814642,1,"temp","growth_rec"
639,1.8861263236483,1,"temp","growth_rec"
640,0.937361502125611,1,"temp","growth_rec"
641,0.640830862347689,1,"temp","growth_rec"
642,0.187024474331152,1,"temp","growth_rec"
643,0.172769207788412,1,"temp","growth_rec"
644,1.02281570165851,1,"temp","growth_rec"
645,0.274881996781617,1,"temp","growth_rec"
646,0.273211105789518,1,"temp","growth_rec"
647,0.22267795067821,1,"temp","growth_rec"
648,0.695573060840168,1,"temp","growth_rec"
649,0.196475246486278,1,"temp","growth_rec"
650,0.645585180997936,1,"temp","growth_rec"
651,0.193122040152443,1,"temp","growth_rec"
652,0.172096428162109,1,"temp","growth_rec"
653,1.07923897116119,1,"temp","growth_rec"
654,0.88672946051647,1,"temp","growth_rec"
655,1.53906170366478,1,"temp","growth_rec"
656,1.35342192225138,1,"temp","growth_rec"
657,0.29788626945327,1,"temp","growth_rec"
658,0.207074356261177,1,"temp","growth_rec"
659,0.164966203149049,1,"temp","growth_rec"
660,0.740478969405392,1,"temp","growth_rec"
661,0.566508990665112,1,"temp","growth_rec"
662,0.332187593097596,1,"temp","growth_rec"
663,0.0181515953015359,1,"temp","growth_rec"
664,0.0260575872991732,1,"temp","growth_rec"
665,0.231623698222095,1,"temp","growth_rec"
666,0.575131594422422,1,"temp","growth_rec"
667,0.162339223501284,1,"temp","growth_rec"
668,0.142676347882293,1,"temp","growth_rec"
669,0.0569844059933124,1,"temp","growth_rec"
670,0.446288710012074,1,"temp","growth_rec"
671,0.951115758009231,1,"temp","growth_rec"
672,0.249613843218799,1,"temp","growth_rec"
673,0.212865054285522,1,"temp","growth_rec"
674,1.06966891634019,1,"temp","growth_rec"
675,0.678029904465653,1,"temp","growth_rec"
676,0.0354095418472983,1,"temp","growth_rec"
677,0.0222218380483361,1,"temp","growth_rec"
678,0.038902843610552,1,"temp","growth_rec"
679,0.412464611918859,1,"temp","growth_rec"
680,1.63650626818316,1,"temp","growth_rec"
681,0.954339072150776,1,"temp","growth_rec"
682,2.67870526052394,1,"temp","growth_rec"
683,0.616127585783691,1,"temp","growth_rec"
684,0.571566270928909,1,"temp","growth_rec"
685,0.198754017217138,1,"temp","growth_rec"
686,0.198558714945028,1,"temp","growth_rec"
687,0.0150771248061876,1,"temp","growth_rec"
688,0.0300434363604377,1,"temp","growth_rec"
689,0.0438259006963355,1,"temp","growth_rec"
690,0.0575991961470603,1,"temp","growth_rec"
691,0.0798286228711213,1,"temp","growth_rec"
692,0.634393718117066,1,"temp","growth_rec"
693,0.450354465801093,1,"temp","growth_rec"
694,0.369458640256743,1,"temp","growth_rec"
695,0.370072722140891,1,"temp","growth_rec"
696,0.134970657090062,1,"temp","growth_rec"
697,0.145427347674382,1,"temp","growth_rec"
698,0.152075474157081,1,"temp","growth_rec"
699,1.15081201900844,1,"temp","growth_rec"
700,0.0589418636276084,1,"temp","growth_rec"
701,0.077682937586652,1,"temp","growth_rec"
702,0.0943303870156456,1,"temp","growth_rec"
703,0.747004753795692,1,"temp","growth_rec"
704,0.577778486176793,1,"temp","growth_rec"
705,0.188407341256353,1,"temp","growth_rec"
706,0.0828866268389288,1,"temp","growth_rec"
707,0.148255949621226,1,"temp","growth_rec"
708,0.160025686921155,1,"temp","growth_rec"
709,0.182489992371461,1,"temp","growth_rec"
710,0.660375692559776,1,"temp","growth_rec"
711,0.466420684007572,1,"temp","growth_rec"
712,0.369781343450763,1,"temp","growth_rec"
713,0.347524445745311,1,"temp","growth_rec"
714,0.0234590073458669,1,"temp","growth_rec"
715,0.0374280706528839,1,"temp","growth_rec"
716,0.0516784814048943,1,"temp","growth_rec"
717,0.0264894568388756,1,"temp","growth_rec"
718,0.0425688259925187,1,"temp","growth_rec"
719,0.0644587126099345,1,"temp","growth_rec"
720,0.0750201412133321,1,"temp","growth_rec"
721,0.642040114000505,1,"temp","growth_rec"
722,1.3746171266168,1,"temp","growth_rec"
723,0.851201410215718,1,"temp","growth_rec"
724,1.84052274822164,1,"temp","growth_rec"
725,0.0863090122853066,1,"temp","growth_rec"
726,0.107120669082045,1,"temp","growth_rec"
727,0.122704984275613,1,"temp","growth_rec"
728,0.0564830879610945,1,"temp","growth_rec"
729,0.0729530769949366,1,"temp","growth_rec"
730,0.086669851297619,1,"temp","growth_rec"
731,0.113135663364676,1,"temp","growth_rec"
732,0.115243890939264,1,"temp","growth_rec"
733,0.0503239038834512,1,"temp","growth_rec"
734,0.0693386071315453,1,"temp","growth_rec"
735,0.0882061912711684,1,"temp","growth_rec"
736,0.112948344258654,1,"temp","growth_rec"
737,0.117868816530965,1,"temp","growth_rec"
738,0.00930592237918119,1,"temp","growth_rec"
739,0.12289203039386,1,"temp","growth_rec"
740,0.118074916547541,1,"temp","growth_rec"
741,0.12116852471021,1,"temp","growth_rec"
742,0.119883837894146,1,"temp","growth_rec"
743,0.123574313312181,1,"temp","growth_rec"
744,0.450092360066389,1,"temp","growth_rec"
745,0.323708653618451,1,"temp","growth_rec"
746,0.254282495603539,1,"temp","growth_rec"
747,1.34954997729804,1,"temp","growth_rec"
748,1.69733980373416,1,"temp","growth_rec"
749,0.362439390085111,1,"temp","growth_rec"
750,0.274567111432367,1,"temp","growth_rec"
751,1.16883944091275,1,"temp","growth_rec"
752,0.679048589608132,1,"temp","growth_rec"
753,0.48960011599771,1,"temp","growth_rec"
754,1.19939048464421,1,"temp","growth_rec"
755,0.605541444117128,1,"temp","growth_rec"
756,0.123194439402438,1,"temp","growth_rec"
757,0.0967802503091396,1,"temp","growth_rec"
758,0.366105849821504,1,"temp","growth_rec"
759,0.193403813300254,1,"temp","growth_rec"
760,0.140992153868999,1,"temp","growth_rec"
761,0.0457875839255876,1,"temp","growth_rec"
762,0.0459803484938484,1,"temp","growth_rec"
763,0.048376652419735,1,"temp","growth_rec"
764,0.0222511118547789,1,"temp","growth_rec"
765,0.228663654349574,1,"temp","growth_rec"
766,0.0775338387279828,1,"temp","growth_rec"
767,0.0799720420170758,1,"temp","growth_rec"
768,0.121789823259065,1,"temp","growth_rec"
769,0.744169270506792,1,"temp","growth_rec"
770,1.33480247222453,1,"temp","growth_rec"
771,1.81130468472282,1,"temp","growth_rec"
772,1.07105325802362,1,"temp","growth_rec"
773,0.792277172959382,1,"temp","growth_rec"
774,1.66195814405112,1,"temp","growth_rec"
775,1.02730352727624,1,"temp","growth_rec"
776,0.291787378757316,1,"temp","growth_rec"
777,1.51646725777974,1,"temp","growth_rec"
778,0.0694699046033167,1,"temp","growth_rec"
779,0.0845088199845625,1,"temp","growth_rec"
780,0.36112011872217,1,"temp","growth_rec"
781,0.287946003533333,1,"temp","growth_rec"
782,1.51232374446509,1,"temp","growth_rec"
783,2.04565977614381,1,"temp","growth_rec"
784,1.46619233589644,1,"temp","growth_rec"
785,0.685435131483995,1,"temp","growth_rec"
786,0.865558398250346,1,"temp","growth_rec"
787,0.405270708886822,1,"temp","growth_rec"
788,0.232680769751367,1,"temp","growth_rec"
789,0.151675831081033,1,"temp","growth_rec"
790,0.370106464387745,1,"temp","growth_rec"
791,0.545383718779176,1,"temp","growth_rec"
792,0.333781585909602,1,"temp","growth_rec"
793,0.222102481875058,1,"temp","growth_rec"
794,0.575293060617861,1,"temp","growth_rec"
795,0.134029594663627,1,"temp","growth_rec"
796,0.508569341526641,1,"temp","growth_rec"
797,0.120490912832192,1,"temp","growth_rec"
798,0.0398123306087082,1,"temp","growth_rec"
799,0.0181416247114013,1,"temp","growth_rec"
800,0.0282172057976448,1,"temp","growth_rec"
801,0.0352084939527412,1,"temp","growth_rec"
802,0.0438704518587164,1,"temp","growth_rec"
803,0.0216688494798094,1,"temp","growth_rec"
804,0.0451448945856743,1,"temp","growth_rec"
805,0.0652337679936676,1,"temp","growth_rec"
806,0.0306013877105013,1,"temp","growth_rec"
807,0.0485052540036325,1,"temp","growth_rec"
808,0.44360410423156,1,"temp","growth_rec"
809,0.140906729708338,1,"temp","growth_rec"
810,0.135472819536675,1,"temp","growth_rec"
811,0.133261751299412,1,"temp","growth_rec"
812,0.137586397716538,1,"temp","growth_rec"
813,0.197818271534925,1,"temp","growth_rec"
814,0.178372823113263,1,"temp","growth_rec"
815,0.171902247440123,1,"temp","growth_rec"
816,0.192256297865629,1,"temp","growth_rec"
817,0.253277805668703,1,"temp","growth_rec"
818,0.222529774550122,1,"temp","growth_rec"
819,0.19360363342664,1,"temp","growth_rec"
820,0.175830181361226,1,"temp","growth_rec"
821,0.0712091087010445,1,"temp","growth_rec"
822,0.0830490994268265,1,"temp","growth_rec"
823,0.0932482404906255,1,"temp","growth_rec"
824,0.0453974997794824,1,"temp","growth_rec"
825,0.0608905969388872,1,"temp","growth_rec"
826,0.0754435938031039,1,"temp","growth_rec"
827,0.105515227372502,1,"temp","growth_rec"
828,0.135785897904301,1,"temp","growth_rec"
829,0.141747494443603,1,"temp","growth_rec"
830,0.140805608186467,1,"temp","growth_rec"
831,0.141109882994316,1,"temp","growth_rec"
832,0.529173930565523,1,"temp","growth_rec"
833,0.465273435573496,1,"temp","growth_rec"
834,1.91287566245114,1,"temp","growth_rec"
835,1.2160033429727,1,"temp","growth_rec"
836,0.740879415265152,1,"temp","growth_rec"
837,0.570551875390567,1,"temp","growth_rec"
838,0.186589963515024,1,"temp","growth_rec"
839,0.200192419931274,1,"temp","growth_rec"
840,0.184539488301516,1,"temp","growth_rec"
841,0.175439358307847,1,"temp","growth_rec"
842,0.243341376835251,1,"temp","growth_rec"
843,0.0933362195260109,1,"temp","growth_rec"
844,0.378847164684945,1,"temp","growth_rec"
845,0.125767696620642,1,"temp","growth_rec"
846,0.849712426125728,1,"temp","growth_rec"
847,0.536092786396481,1,"temp","growth_rec"
848,0.16564867774229,1,"temp","growth_rec"
849,0.585855312306287,1,"temp","growth_rec"
850,0.177036522948037,1,"temp","growth_rec"
851,0.0728825736078186,1,"temp","growth_rec"
852,0.634322512135071,1,"temp","growth_rec"
853,0.422827995151031,1,"temp","growth_rec"
854,0.31318344278418,1,"temp","growth_rec"
855,0.111521041497761,1,"temp","growth_rec"
856,0.128691121102715,1,"temp","growth_rec"
857,0.0546910014476976,1,"temp","growth_rec"
858,0.0296032792182496,1,"temp","growth_rec"
859,0.0475090622171839,1,"temp","growth_rec"
860,0.0612088944586187,1,"temp","growth_rec"
861,0.0752733049386236,1,"temp","growth_rec"
862,0.1021902000195,1,"temp","growth_rec"
863,0.121398967413381,1,"temp","growth_rec"
864,0.0526419923885453,1,"temp","growth_rec"
865,0.240856270938833,1,"temp","growth_rec"
866,0.226300253505121,1,"temp","growth_rec"
867,0.0852862254171295,1,"temp","growth_rec"
868,0.092388739116897,1,"temp","growth_rec"
869,0.100672526689707,1,"temp","growth_rec"
870,0.150910136830809,1,"temp","growth_rec"
871,0.205373101539293,1,"temp","growth_rec"
872,0.185937521230434,1,"temp","growth_rec"
873,0.173029955234564,1,"temp","growth_rec"
874,0.158834728037688,1,"temp","growth_rec"
875,0.0644485646618496,1,"temp","growth_rec"
876,0.107776276170269,1,"temp","growth_rec"
877,0.778162224594908,1,"temp","growth_rec"
878,0.487597744130502,1,"temp","growth_rec"
879,1.64108867113295,1,"temp","growth_rec"
880,0.988007720423824,1,"temp","growth_rec"
881,1.99652463670371,1,"temp","growth_rec"
882,1.34739036322047,1,"temp","growth_rec"
883,0.727906085707672,1,"temp","growth_rec"
884,0.459832659802929,1,"temp","growth_rec"
885,1.53985296340217,1,"temp","growth_rec"
886,1.52914551102553,1,"temp","growth_rec"
887,0.737415878003061,1,"temp","growth_rec"
888,0.983668325495808,1,"temp","growth_rec"
889,0.60300962787748,1,"temp","growth_rec"
890,0.0844335462026807,1,"temp","growth_rec"
891,0.0372605067563322,1,"temp","growth_rec"
892,0.0185614627178065,1,"temp","growth_rec"
893,0.0192111270260259,1,"temp","growth_rec"
894,0.108026450754897,1,"temp","growth_rec"
895,0.651323882744131,1,"temp","growth_rec"
896,0.519440149945051,1,"temp","growth_rec"
897,0.38011536874644,1,"temp","growth_rec"
898,0.305873240347882,1,"temp","growth_rec"
899,0.261755188664389,1,"temp","growth_rec"
900,0.0182338268201463,1,"temp","growth_rec"
901,0.11381264928887,1,"temp","growth_rec"
902,0.434268545985927,1,"temp","growth_rec"
903,1.64192593561983,1,"temp","growth_rec"
904,0.879875250743769,1,"temp","growth_rec"
905,0.807571372067071,1,"temp","growth_rec"
906,0.632845802367138,1,"temp","growth_rec"
907,0.434991226101593,1,"temp","growth_rec"
908,1.1490390159809,1,"temp","growth_rec"
909,0.685008605875709,1,"temp","growth_rec"
910,1.98106211934739,1,"temp","growth_rec"
911,1.3825819161056,1,"temp","growth_rec"
912,0.913804277614933,1,"temp","growth_rec"
913,0.253680137998164,1,"temp","growth_rec"
914,0.21471180910516,1,"temp","growth_rec"
915,0.0813743497559031,1,"temp","growth_rec"
916,0.107281725574883,1,"temp","growth_rec"
917,0.405693036552302,1,"temp","growth_rec"
918,0.13004660008449,1,"temp","growth_rec"
919,0.154864301325698,1,"temp","growth_rec"
920,0.152233322409258,1,"temp","growth_rec"
921,0.149605850006112,1,"temp","growth_rec"
922,0.14272121600997,1,"temp","growth_rec"
923,0.503610382896024,1,"temp","growth_rec"
924,0.35064329444152,1,"temp","growth_rec"
925,1.45783951828178,1,"temp","growth_rec"
926,1.1219080087531,1,"temp","growth_rec"
927,1.8091270109563,1,"temp","growth_rec"
928,1.03203842711369,1,"temp","growth_rec"
929,0.584582335644993,1,"temp","growth_rec"
930,0.164379295233667,1,"temp","growth_rec"
931,0.147227398298688,1,"temp","growth_rec"
932,0.159836945017928,1,"temp","growth_rec"
933,0.168716906413524,1,"temp","growth_rec"
934,0.147118646447343,1,"temp","growth_rec"
935,0.481118745862927,1,"temp","growth_rec"
936,0.323468504752522,1,"temp","growth_rec"
937,0.241551031772882,1,"temp","growth_rec"
938,0.0873948064812821,1,"temp","growth_rec"
939,0.338411738601683,1,"temp","growth_rec"
940,0.300455531812801,1,"temp","growth_rec"
941,0.334293355276197,1,"temp","growth_rec"
942,0.252087199995548,1,"temp","growth_rec"
943,1.19792897139137,1,"temp","growth_rec"
944,1.47020123703185,1,"temp","growth_rec"
945,1.33948574269108,1,"temp","growth_rec"
946,0.642975054951674,1,"temp","growth_rec"
947,0.376285484775244,1,"temp","growth_rec"
948,0.263184098632475,1,"temp","growth_rec"
949,0.193000318463286,1,"temp","growth_rec"
950,0.862890586858022,1,"temp","growth_rec"
951,0.210071135922997,1,"temp","growth_rec"
952,0.0699718500388093,1,"temp","growth_rec"
953,0.0318585897898777,1,"temp","growth_rec"
954,0.00420271268097291,1,"temp","growth_rec"
955,0.00988271454316035,1,"temp","growth_rec"
956,0.00691957155781397,1,"temp","growth_rec"
957,0.0153032232635747,1,"temp","growth_rec"
958,0.0270611980353628,1,"temp","growth_rec"
959,0.0425704136615923,1,"temp","growth_rec"
960,0.384593467975636,1,"temp","growth_rec"
961,0.309094262096442,1,"temp","growth_rec"
962,0.259168544858965,1,"temp","growth_rec"
963,0.232414648074363,1,"temp","growth_rec"
964,0.215310534137734,1,"temp","growth_rec"
965,0.740647063171912,1,"temp","growth_rec"
966,0.50614107717388,1,"temp","growth_rec"
967,0.466375742577573,1,"temp","growth_rec"
968,0.530463188841589,1,"temp","growth_rec"
969,0.404568348051548,1,"temp","growth_rec"
970,1.85176522733133,1,"temp","growth_rec"
971,1.96526848816806,1,"temp","growth_rec"
972,1.31669794399591,1,"temp","growth_rec"
973,0.609984182195197,1,"temp","growth_rec"
974,0.347100597802289,1,"temp","growth_rec"
975,0.830021995899972,1,"temp","growth_rec"
976,0.177971723532552,1,"temp","growth_rec"
977,0.441585394126267,1,"temp","growth_rec"
978,0.249931621080935,1,"temp","growth_rec"
979,0.163656164419235,1,"temp","growth_rec"
980,0.576922874439653,1,"temp","growth_rec"
981,0.356909366727172,1,"temp","growth_rec"
982,0.578408346745363,1,"temp","growth_rec"
983,0.436019719806521,1,"temp","growth_rec"
984,0.212587724359875,1,"temp","growth_rec"
985,0.0551197305689465,1,"temp","growth_rec"
986,0.0469701822329467,1,"temp","growth_rec"
987,0.0435457067045963,1,"temp","growth_rec"
988,0.161777596579916,1,"temp","growth_rec"
989,0.127005703467879,1,"temp","growth_rec"
990,0.115499093494566,1,"temp","growth_rec"
991,0.120239852206887,1,"temp","growth_rec"
992,0.048759634261196,1,"temp","growth_rec"
993,0.0240892669786178,1,"temp","growth_rec"
994,0.0137229196676184,1,"temp","growth_rec"
995,0.00870908129207198,1,"temp","growth_rec"
996,0.00785706898301844,1,"temp","growth_rec"
997,0.112388220114604,1,"temp","growth_rec"
998,0.139234686465499,1,"temp","growth_rec"
999,0.139091052501568,1,"temp","growth_rec"
1000,0.0108089558238992,1,"temp","growth_rec"
1001,0.141924787363973,1,"temp","growth_rec"
1002,0.197454964389943,1,"temp","growth_rec"
1003,1.14615672014857,1,"temp","growth_rec"
1004,1.74802968204096,1,"temp","growth_rec"
1005,0.92174705514245,1,"temp","growth_rec"
1006,0.659504799776162,1,"temp","growth_rec"
1007,0.19966961950988,1,"temp","growth_rec"
1008,0.0147572936026767,1,"temp","growth_rec"
1009,0.00991982008276397,1,"temp","growth_rec"
1010,0.00690484815771709,1,"temp","growth_rec"
1011,0.0137241847908304,1,"temp","growth_rec"
1012,0.0113393902418156,1,"temp","growth_rec"
1013,0.0214704593778251,1,"temp","growth_rec"
1014,0.0507400374912838,1,"temp","growth_rec"
1015,0.255088964077977,1,"temp","growth_rec"
1016,0.233058017069868,1,"temp","growth_rec"
1017,0.266172920228889,1,"temp","growth_rec"
1018,0.10805747943575,1,"temp","growth_rec"
1019,0.877451421223334,1,"temp","growth_rec"
1020,0.632969098054226,1,"temp","growth_rec"
1021,1.63322833449046,1,"temp","growth_rec"
1022,0.984503802317684,1,"temp","growth_rec"
1023,0.756768619708266,1,"temp","growth_rec"
1024,0.0451720076751286,1,"temp","growth_rec"
1025,0.514067883287282,1,"temp","growth_rec"
1026,0.476586170785855,1,"temp","growth_rec"
1027,1.31164269734691,1,"temp","growth_rec"
1028,0.350791295860929,1,"temp","growth_rec"
1029,0.132255926898968,1,"temp","growth_rec"
1030,0.162617574159552,1,"temp","growth_rec"
1031,1.21756263847337,1,"temp","growth_rec"
1032,1.08028371793943,1,"temp","growth_rec"
1033,0.702262656788423,1,"temp","growth_rec"
1034,0.507514542977861,1,"temp","growth_rec"
1035,1.39377032735748,1,"temp","growth_rec"
1036,0.85421494159361,1,"temp","growth_rec"
1037,0.710061097813449,1,"temp","growth_rec"
1038,0.223097342189378,1,"temp","growth_rec"
1039,0.214133037980776,1,"temp","growth_rec"
1040,0.765175105992369,1,"temp","growth_rec"
1041,2.44676507117753,1,"temp","growth_rec"
1042,1.56818232655979,1,"temp","growth_rec"
1043,0.348347403413718,1,"temp","growth_rec"
1044,0.0701327832328718,1,"temp","growth_rec"
1045,0.0220244028320843,1,"temp","growth_rec"
1046,0.0336361398056997,1,"temp","growth_rec"
1047,0.00387469305657144,1,"temp","growth_rec"
1048,0.00927698891814714,1,"temp","growth_rec"
1049,0.0166013012665996,1,"temp","growth_rec"
1050,0.0261855343760673,1,"temp","growth_rec"
1051,0.0149091844606074,1,"temp","growth_rec"
1052,0.0241864784815557,1,"temp","growth_rec"
1053,0.274096720066563,1,"temp","growth_rec"
1054,0.777315606086538,1,"temp","growth_rec"
1055,2.0573699373855,1,"temp","growth_rec"
1056,1.16859386165458,1,"temp","growth_rec"
1057,2.63776906525242,1,"temp","growth_rec"
1058,0.582011737790699,1,"temp","growth_rec"
1059,1.4968227574118,1,"temp","growth_rec"
1060,1.23426983223678,1,"temp","growth_rec"
1061,0.0614014470662761,1,"temp","growth_rec"
1062,0.0885311256323715,1,"temp","growth_rec"
1063,0.706820360996886,1,"temp","growth_rec"
1064,0.698593646146702,1,"temp","growth_rec"
1065,0.509214846022106,1,"temp","growth_rec"
1066,0.0312629720678454,1,"temp","growth_rec"
1067,0.333443079247528,1,"temp","growth_rec"
1068,0.325152575843815,1,"temp","growth_rec"
1069,0.944019034227764,1,"temp","growth_rec"
1070,0.60082585204683,1,"temp","growth_rec"
1071,0.424604616774147,1,"temp","growth_rec"
1072,0.14772992260483,1,"temp","growth_rec"
1073,0.0653662540279462,1,"temp","growth_rec"
1074,0.00648828813777052,1,"temp","growth_rec"
1075,0.0157574915345158,1,"temp","growth_rec"
1076,0.0101151216622798,1,"temp","growth_rec"
1077,0.0264431673235439,1,"temp","growth_rec"
1078,0.0180551618970451,1,"temp","growth_rec"
1079,0.241793345908688,1,"temp","growth_rec"
1080,0.247092212123469,1,"temp","growth_rec"
1081,0.100559315538573,1,"temp","growth_rec"
1082,0.118835380675196,1,"temp","growth_rec"
1083,1.00164403989207,1,"temp","growth_rec"
1084,0.669193254495894,1,"temp","growth_rec"
1085,0.502088737700111,1,"temp","growth_rec"
1086,0.453961620450503,1,"temp","growth_rec"
1087,0.163412786973874,1,"temp","growth_rec"
1088,0.173824615234783,1,"temp","growth_rec"
1089,0.179510859660929,1,"temp","growth_rec"
1090,0.0782990770923114,1,"temp","growth_rec"
1091,0.039002471060566,1,"temp","growth_rec"
1092,0.0536152562534989,1,"temp","growth_rec"
1093,0.0679087022423444,1,"temp","growth_rec"
1094,0.00648520524616587,1,"temp","growth_rec"
1095,0.0138303282489965,1,"temp","growth_rec"
1096,0.00276435702349321,1,"temp","growth_rec"
1097,0.0288877523590682,1,"temp","growth_rec"
1098,0.158885937407818,1,"temp","growth_rec"
1099,0.220907684005517,1,"temp","growth_rec"
1100,0.234858411462201,1,"temp","growth_rec"
1101,0.204453069446742,1,"temp","growth_rec"
1102,0.681443989263997,1,"temp","growth_rec"
1103,0.0375844140328652,1,"temp","growth_rec"
1104,0.0243627772659311,1,"temp","growth_rec"
1105,0.0433042906867634,1,"temp","growth_rec"
1106,0.225673895925808,1,"temp","growth_rec"
1107,0.250529850609591,1,"temp","growth_rec"
1108,0.237766360779498,1,"temp","growth_rec"
1109,0.0967812794988379,1,"temp","growth_rec"
1110,0.786625966754175,1,"temp","growth_rec"
1111,0.652064629042728,1,"temp","growth_rec"
1112,0.213145218525707,1,"temp","growth_rec"
1113,0.245276794139627,1,"temp","growth_rec"
1114,0.822630933830046,1,"temp","growth_rec"
1115,0.667632253685594,1,"temp","growth_rec"
1116,0.499026559940184,1,"temp","growth_rec"
1117,0.431346350994737,1,"temp","growth_rec"
1118,0.340312062620045,1,"temp","growth_rec"
1119,0.0229362240110253,1,"temp","growth_rec"
1120,0.0372147581853615,1,"temp","growth_rec"
1121,0.0583264742773422,1,"temp","growth_rec"
1122,0.0330172613511279,1,"temp","growth_rec"
1123,0.0489190381423772,1,"temp","growth_rec"
1124,0.469783909892381,1,"temp","growth_rec"
1125,0.161421300694588,1,"temp","growth_rec"
1126,0.174455083197944,1,"temp","growth_rec"
1127,0.177897002867971,1,"temp","growth_rec"
1128,0.0768532762425514,1,"temp","growth_rec"
1129,0.0924922466973934,1,"temp","growth_rec"
1130,0.10796983494885,1,"temp","growth_rec"
1131,0.130596609236852,1,"temp","growth_rec"
1132,0.133551167057761,1,"temp","growth_rec"
1133,0.509371490435037,1,"temp","growth_rec"
1134,0.374341941494437,1,"temp","growth_rec"
1135,1.79979910172333,1,"temp","growth_rec"
1136,1.39901035560451,1,"temp","growth_rec"
1137,0.837783773988661,1,"temp","growth_rec"
1138,0.573255257628162,1,"temp","growth_rec"
1139,2.15972016622444,1,"temp","growth_rec"
1140,1.6448605400167,1,"temp","growth_rec"
1141,0.9936201273556,1,"temp","growth_rec"
1142,0.603563832836224,1,"temp","growth_rec"
1143,0.313479206880196,1,"temp","growth_rec"
1144,0.0862468937855933,1,"temp","growth_rec"
1145,0.0752410534452601,1,"temp","growth_rec"
1146,0.415052411541512,1,"temp","growth_rec"
1147,0.237023813365336,1,"temp","growth_rec"
1148,0.231323439874288,1,"temp","growth_rec"
1149,0.0720972319235241,1,"temp","growth_rec"
1150,0.0821796843278917,1,"temp","growth_rec"
1151,0.0334303134914664,1,"temp","growth_rec"
1152,0.147065233671194,1,"temp","growth_rec"
1153,0.00978722462579733,1,"temp","growth_rec"
1154,0.0167015240180775,1,"temp","growth_rec"
1155,0.0371930066601719,1,"temp","growth_rec"
1156,0.0480424914820517,1,"temp","growth_rec"
1157,0.0602137142943935,1,"temp","growth_rec"
1158,0.556681609135831,1,"temp","growth_rec"
1159,0.402380721013356,1,"temp","growth_rec"
1160,0.143162490250149,1,"temp","growth_rec"
1161,0.149438639788878,1,"temp","growth_rec"
1162,0.152446189517354,1,"temp","growth_rec"
1163,0.0659757393311007,1,"temp","growth_rec"
1164,0.0330232617006509,1,"temp","growth_rec"
1165,0.0509502521591954,1,"temp","growth_rec"
1166,0.0257580138161938,1,"temp","growth_rec"
1167,0.0364672822263661,1,"temp","growth_rec"
1168,0.0471278482291028,1,"temp","growth_rec"
1169,0.0258620529444841,1,"temp","growth_rec"
1170,0.00379604809631684,1,"temp","growth_rec"
1171,0.0137469019812608,1,"temp","growth_rec"
1172,0.0356379571931958,1,"temp","growth_rec"
1173,0.0732600343407183,1,"temp","growth_rec"
1174,0.103144110350684,1,"temp","growth_rec"
1175,0.00858441161142977,1,"temp","growth_rec"
1176,0.016952626735911,1,"temp","growth_rec"
1177,0.0280688004817736,1,"temp","growth_rec"
1178,0.156479602401123,1,"temp","growth_rec"
1179,0.22380596340371,1,"temp","growth_rec"
1180,0.746182599072968,1,"temp","growth_rec"
1181,0.751188400645096,1,"temp","growth_rec"
1182,0.77083163135623,1,"temp","growth_rec"
1183,2.58765686787957,1,"temp","growth_rec"
1184,1.33963064428908,1,"temp","growth_rec"
1185,0.0676924993856979,1,"temp","growth_rec"
1186,0.620496342627739,1,"temp","growth_rec"
1187,0.45390745727772,1,"temp","growth_rec"
1188,0.429459771599116,1,"temp","growth_rec"
1189,0.410628614431949,1,"temp","growth_rec"
1190,0.395534752474555,1,"temp","growth_rec"
1191,0.318442955494793,1,"temp","growth_rec"
1192,1.70558455283891,1,"temp","growth_rec"
1193,0.0774793898573874,1,"temp","growth_rec"
1194,0.0936032095435276,1,"temp","growth_rec"
1195,0.00826057549696502,1,"temp","growth_rec"
1196,0.00843165758196425,1,"temp","growth_rec"
1197,0.0174851953710535,1,"temp","growth_rec"
1198,0.0307669407912629,1,"temp","growth_rec"
1199,0.176664569818121,1,"temp","growth_rec"
1200,1.23173715906492,1,"temp","growth_rec"
1201,2.24643765157216,1,"temp","growth_rec"
1202,2.97053465726474,1,"temp","growth_rec"
1203,1.69938578035967,1,"temp","growth_rec"
1204,1.45443224199474,1,"temp","growth_rec"
1205,1.29777534031679,1,"temp","growth_rec"
1206,0.866177213344496,1,"temp","growth_rec"
1207,0.604135426440869,1,"temp","growth_rec"
1208,0.676220614490594,1,"temp","growth_rec"
1209,2.6241344995995,1,"temp","growth_rec"
1210,0.112162210857088,1,"temp","growth_rec"
1211,0.0572232057191733,1,"temp","growth_rec"
1212,0.545477029061786,1,"temp","growth_rec"
1213,0.0331343128967797,1,"temp","growth_rec"
1214,0.00442358899742409,1,"temp","growth_rec"
1215,0.00352474604859142,1,"temp","growth_rec"
1216,0.00878234842311414,1,"temp","growth_rec"
1217,0.0229711878669583,1,"temp","growth_rec"
1218,0.255206656495413,1,"temp","growth_rec"
1219,0.0160473272178831,1,"temp","growth_rec"
1220,0.199012225357554,1,"temp","growth_rec"
1221,0.243350725841609,1,"temp","growth_rec"
1222,0.697729797867251,1,"temp","growth_rec"
1223,0.453144250707543,1,"temp","growth_rec"
1224,0.329310581048791,1,"temp","growth_rec"
1225,0.266849350720566,1,"temp","growth_rec"
1226,0.255295329690653,1,"temp","growth_rec"
1227,0.320191081315368,1,"temp","growth_rec"
1228,0.312840151624461,1,"temp","growth_rec"
1229,1.53384581342995,1,"temp","growth_rec"
1230,0.875128251037748,1,"temp","growth_rec"
1231,0.558434485587709,1,"temp","growth_rec"
1232,0.391574473631863,1,"temp","growth_rec"
1233,0.304927076405337,1,"temp","growth_rec"
1234,0.363754034798188,1,"temp","growth_rec"
1235,0.123672998150328,1,"temp","growth_rec"
1236,0.850902119536933,1,"temp","growth_rec"
1237,1.8081411849789,1,"temp","growth_rec"
1238,1.00288756380424,1,"temp","growth_rec"
1239,0.839092024847716,1,"temp","growth_rec"
1240,0.737524435345386,1,"temp","growth_rec"
1241,0.461606899508755,1,"temp","growth_rec"
1242,1.56844206193353,1,"temp","growth_rec"
1243,0.79557000462173,1,"temp","growth_rec"
1244,0.486420886989517,1,"temp","growth_rec"
1245,0.400062776388791,1,"temp","growth_rec"
1246,0.124150877884494,1,"temp","growth_rec"
1247,0.438159969452977,1,"temp","growth_rec"
1248,0.363082411691446,1,"temp","growth_rec"
1249,0.295374542472367,1,"temp","growth_rec"
1250,0.223201984157893,1,"temp","growth_rec"
1251,1.10500322251658,1,"temp","growth_rec"
1252,0.594515288683776,1,"temp","growth_rec"
1253,0.428579902055932,1,"temp","growth_rec"
1254,0.312210543872988,1,"temp","growth_rec"
1255,0.236702829756149,1,"temp","growth_rec"
1256,0.0153401571518281,1,"temp","growth_rec"
1257,0.00996743591582031,1,"temp","growth_rec"
1258,0.123107872169909,1,"temp","growth_rec"
1259,0.137772979804846,1,"temp","growth_rec"
1260,0.0566573517621719,1,"temp","growth_rec"
1261,0.255214694690906,1,"temp","growth_rec"
1262,0.221552892162613,1,"temp","growth_rec"
1263,0.0847690176437063,1,"temp","growth_rec"
1264,0.692054536364197,1,"temp","growth_rec"
1265,1.33743647787696,1,"temp","growth_rec"
1266,0.749154874119865,1,"temp","growth_rec"
1267,0.493864946971586,1,"temp","growth_rec"
1268,0.157238670493295,1,"temp","growth_rec"
1269,0.159592538131804,1,"temp","growth_rec"
1270,0.153011629171539,1,"temp","growth_rec"
1271,1.05268297274675,1,"temp","growth_rec"
1272,0.633204790378693,1,"temp","growth_rec"
1273,1.93569709354133,1,"temp","growth_rec"
1274,0.97576463336805,1,"temp","growth_rec"
1275,0.59158669464928,1,"temp","growth_rec"
1276,0.033416911315592,1,"temp","growth_rec"
1277,0.00445935706668773,1,"temp","growth_rec"
1278,0.0118488936781364,1,"temp","growth_rec"
1279,0.00805091973346937,1,"temp","growth_rec"
1280,0.0156834034884582,1,"temp","growth_rec"
1281,0.0377085978153207,1,"temp","growth_rec"
1282,0.00456991201394359,1,"temp","growth_rec"
1283,0.00140496673513961,1,"temp","growth_rec"
1284,0.00343767690532187,1,"temp","growth_rec"
1285,0.00380458517843063,1,"temp","growth_rec"
1286,0.00124934063703924,1,"temp","growth_rec"
1287,0.00385074421816999,1,"temp","growth_rec"
1288,0.00829933733188469,1,"temp","growth_rec"
1289,0.0148757365351412,1,"temp","growth_rec"
1290,0.0239805836379573,1,"temp","growth_rec"
1291,0.0352676216177324,1,"temp","growth_rec"
1292,0.0561999450241078,1,"temp","growth_rec"
1293,0.520476667494744,1,"temp","growth_rec"
1294,0.376521717930005,1,"temp","growth_rec"
1295,0.443728664737918,1,"temp","growth_rec"
1296,0.15535555861659,1,"temp","growth_rec"
1297,1.05777444831341,1,"temp","growth_rec"
1298,0.658982915864841,1,"temp","growth_rec"
1299,0.0383928169110983,1,"temp","growth_rec"
1300,0.207551360094819,1,"temp","growth_rec"
1301,0.193175758507256,1,"temp","growth_rec"
1302,0.264672809276147,1,"temp","growth_rec"
1303,0.257987039311413,1,"temp","growth_rec"
1304,0.223770455365786,1,"temp","growth_rec"
1305,0.0889623027614263,1,"temp","growth_rec"
1306,0.148743275487097,1,"temp","growth_rec"
1307,0.0114683977573784,1,"temp","growth_rec"
1308,0.0203218399837774,1,"temp","growth_rec"
1309,0.030942021888765,1,"temp","growth_rec"
1310,0.302762094751825,1,"temp","growth_rec"
1311,0.244709583311924,1,"temp","growth_rec"
1312,0.213377619925034,1,"temp","growth_rec"
1313,0.0857675390973842,1,"temp","growth_rec"
1314,0.111857141958486,1,"temp","growth_rec"
1315,0.825664185199943,1,"temp","growth_rec"
1316,0.238983827923815,1,"temp","growth_rec"
1317,1.39883134022743,1,"temp","growth_rec"
1318,2.42520805123004,1,"temp","growth_rec"
1319,1.2022292231583,1,"temp","growth_rec"
1320,0.0588540361694695,1,"temp","growth_rec"
1321,0.0840133044509444,1,"temp","growth_rec"
1322,0.0956596661814555,1,"temp","growth_rec"
1323,0.104869504173895,1,"temp","growth_rec"
1324,0.126142048385669,1,"temp","growth_rec"
1325,0.935529396888286,1,"temp","growth_rec"
1326,0.615914395867523,1,"temp","growth_rec"
1327,0.190777230395519,1,"temp","growth_rec"
1328,0.679441235049834,1,"temp","growth_rec"
1329,0.479793010362533,1,"temp","growth_rec"
1330,0.0298169272103156,1,"temp","growth_rec"
1331,0.0455176845219294,1,"temp","growth_rec"
1332,0.0682138451977834,1,"temp","growth_rec"
1333,0.0335294414098811,1,"temp","growth_rec"
1334,0.0462320720031748,1,"temp","growth_rec"
1335,0.0594995292183013,1,"temp","growth_rec"
1336,0.0319555311427956,1,"temp","growth_rec"
1337,0.00424886729422462,1,"temp","growth_rec"
1338,0.00922350595647504,1,"temp","growth_rec"
1339,0.00858646320576171,1,"temp","growth_rec"
1340,0.0194310032585697,1,"temp","growth_rec"
1341,0.0358950799606779,1,"temp","growth_rec"
1342,0.0488356544087173,1,"temp","growth_rec"
1343,0.00528243695333417,1,"temp","growth_rec"
1344,0.0118916583920266,1,"temp","growth_rec"
1345,0.0316010084719373,1,"temp","growth_rec"
1346,0.0212429938319616,1,"temp","growth_rec"
1347,0.00343493756928969,1,"temp","growth_rec"
1348,0.00878655732204489,1,"temp","growth_rec"
1349,0.00214257165638901,1,"temp","growth_rec"
1350,0.00182840779155074,1,"temp","growth_rec"
1351,0.00158501533344907,1,"temp","growth_rec"
1352,0.00406986443726472,1,"temp","growth_rec"
1353,0.00131297099620125,1,"temp","growth_rec"
1354,0.0265078235521173,1,"temp","growth_rec"
1355,0.0164240267567746,1,"temp","growth_rec"
1356,0.029348500490476,1,"temp","growth_rec"
1357,0.321090794637944,1,"temp","growth_rec"
1358,0.112489066661173,1,"temp","growth_rec"
1359,0.00917276868198725,1,"temp","growth_rec"
1360,0.138000948201464,1,"temp","growth_rec"
1361,0.137043705144471,1,"temp","growth_rec"
1362,0.924096238192593,1,"temp","growth_rec"
1363,0.590580940080366,1,"temp","growth_rec"
1364,1.78598930428167,1,"temp","growth_rec"
1365,0.970580865336907,1,"temp","growth_rec"
1366,0.269446673473225,1,"temp","growth_rec"
1367,0.228758066556416,1,"temp","growth_rec"
1368,0.0870461279809463,1,"temp","growth_rec"
1369,0.108249629435947,1,"temp","growth_rec"
1370,0.113267682667359,1,"temp","growth_rec"
1371,0.116083216658522,1,"temp","growth_rec"
1372,0.00933127034255649,1,"temp","growth_rec"
1373,0.0182736417560377,1,"temp","growth_rec"
1374,0.229661515620576,1,"temp","growth_rec"
1375,0.196564378030699,1,"temp","growth_rec"
1376,0.0779746019847886,1,"temp","growth_rec"
1377,0.0397024518600504,1,"temp","growth_rec"
1378,0.0551379495298252,1,"temp","growth_rec"
1379,0.0704538276067445,1,"temp","growth_rec"
1380,0.0383093045422801,1,"temp","growth_rec"
1381,0.0616101015948404,1,"temp","growth_rec"
1382,0.0924432683049614,1,"temp","growth_rec"
1383,0.796820509940425,1,"temp","growth_rec"
1384,2.31486571461476,1,"temp","growth_rec"
1385,0.101673198347455,1,"temp","growth_rec"
1386,0.120002814307086,1,"temp","growth_rec"
1387,0.134749990516785,1,"temp","growth_rec"
1388,0.063791922895757,1,"temp","growth_rec"
1389,0.0330614200396206,1,"temp","growth_rec"
1390,0.0188212804023044,1,"temp","growth_rec"
1391,0.0433642438209695,1,"temp","growth_rec"
1392,0.0562323884619024,1,"temp","growth_rec"
1393,0.00571655638011584,1,"temp","growth_rec"
1394,0.0115652429539882,1,"temp","growth_rec"
1395,0.0201706784192636,1,"temp","growth_rec"
1396,0.0344014329101649,1,"temp","growth_rec"
1397,0.176789346972819,1,"temp","growth_rec"
1398,0.0701734778868076,1,"temp","growth_rec"
1399,0.302477609552073,1,"temp","growth_rec"
1400,0.0193086235463166,1,"temp","growth_rec"
1401,0.0121742132019171,1,"temp","growth_rec"
1402,0.0202695968146682,1,"temp","growth_rec"
1403,0.0349488215247671,1,"temp","growth_rec"
1404,0.0662843691439894,1,"temp","growth_rec"
1405,0.0760491245956936,1,"temp","growth_rec"
1406,0.0964519317783602,1,"temp","growth_rec"
1407,0.104993938675353,1,"temp","growth_rec"
1408,0.775812440055828,1,"temp","growth_rec"
1409,2.20053909396844,1,"temp","growth_rec"
1410,1.2998791519145,1,"temp","growth_rec"
1411,0.837075868930167,1,"temp","growth_rec"
1412,0.6039084078956,1,"temp","growth_rec"
1413,0.19657401181963,1,"temp","growth_rec"
1414,0.196114607373484,1,"temp","growth_rec"
1415,0.0843594260492102,1,"temp","growth_rec"
1416,0.101814476529626,1,"temp","growth_rec"
1417,0.169718008830136,1,"temp","growth_rec"
1418,0.247997954957,1,"temp","growth_rec"
1419,0.0175582046904873,1,"temp","growth_rec"
1420,0.0114659549269716,1,"temp","growth_rec"
1421,0.0235637769952102,1,"temp","growth_rec"
1422,0.245623894509142,1,"temp","growth_rec"
1423,0.230943978815439,1,"temp","growth_rec"
1424,0.22721984319919,1,"temp","growth_rec"
1425,0.201808966170843,1,"temp","growth_rec"
1426,0.273932820961988,1,"temp","growth_rec"
1427,0.0186734655584254,1,"temp","growth_rec"
1428,0.217327538799814,1,"temp","growth_rec"
1429,0.0825539086958967,1,"temp","growth_rec"
1430,0.636309938105554,1,"temp","growth_rec"
1431,1.75858590634333,1,"temp","growth_rec"
1432,1.91179111262387,1,"temp","growth_rec"
1433,1.13457580371556,1,"temp","growth_rec"
1434,0.940352460275029,1,"temp","growth_rec"
1435,0.644137589748215,1,"temp","growth_rec"
1436,0.195140655198068,1,"temp","growth_rec"
1437,0.197813858345752,1,"temp","growth_rec"
1438,0.211388361705435,1,"temp","growth_rec"
1439,0.185047233442367,1,"temp","growth_rec"
1440,0.167128115652531,1,"temp","growth_rec"
1441,0.172398887270071,1,"temp","growth_rec"
1442,1.05321039446475,1,"temp","growth_rec"
1443,1.5914078147582,1,"temp","growth_rec"
1444,0.874789330712256,1,"temp","growth_rec"
1445,0.431279587413742,1,"temp","growth_rec"
1446,0.208428566235282,1,"temp","growth_rec"
1447,0.128787377008237,1,"temp","growth_rec"
1448,0.085151367569957,1,"temp","growth_rec"
1449,0.0666335278273695,1,"temp","growth_rec"
1450,0.0794279522068171,1,"temp","growth_rec"
1451,0.0780655022022556,1,"temp","growth_rec"
1452,0.0683505817149861,1,"temp","growth_rec"
1453,0.0787107897253626,1,"temp","growth_rec"
1454,0.00648441600681706,1,"temp","growth_rec"
1455,0.0144444862781924,1,"temp","growth_rec"
1456,0.033681897469448,1,"temp","growth_rec"
1457,0.0456729911520877,1,"temp","growth_rec"
1458,0.066117333522665,1,"temp","growth_rec"
1459,0.11619989122959,1,"temp","growth_rec"
1460,0.138747409319943,1,"temp","growth_rec"
1461,0.0631563035348023,1,"temp","growth_rec"
1462,0.567945784343039,1,"temp","growth_rec"
1463,0.187585628225817,1,"temp","growth_rec"
1464,1.29944268994739,1,"temp","growth_rec"
1465,2.39162547517908,1,"temp","growth_rec"
1466,0.0981289284481287,1,"temp","growth_rec"
1467,0.764942032459817,1,"temp","growth_rec"
1468,1.89990004582126,1,"temp","growth_rec"
1469,1.00373081771015,1,"temp","growth_rec"
1470,0.408906956796466,1,"temp","growth_rec"
1471,0.234919049303459,1,"temp","growth_rec"
1472,0.011065097808158,1,"temp","growth_rec"
1473,0.00668247968764858,1,"temp","growth_rec"
1474,0.012879592303599,1,"temp","growth_rec"
1475,0.00260226515490044,1,"temp","growth_rec"
1476,0.0073879403371238,1,"temp","growth_rec"
1477,0.110795948145129,1,"temp","growth_rec"
1478,0.686475204186478,1,"temp","growth_rec"
1479,0.527127457745765,1,"temp","growth_rec"
1480,0.16572266851271,1,"temp","growth_rec"
1481,0.0678112644740813,1,"temp","growth_rec"
1482,0.0876150709475292,1,"temp","growth_rec"
1483,0.351612056466254,1,"temp","growth_rec"
1484,0.303612841085331,1,"temp","growth_rec"
1485,0.256408878298025,1,"temp","growth_rec"
1486,0.261960250106294,1,"temp","growth_rec"
1487,0.323398144678437,1,"temp","growth_rec"
1488,0.115537299343827,1,"temp","growth_rec"
1489,0.123018564720383,1,"temp","growth_rec"
1490,0.0530539647560106,1,"temp","growth_rec"
1491,0.486512160441813,1,"temp","growth_rec"
1492,1.44628726697562,1,"temp","growth_rec"
1493,1.57019472280952,1,"temp","growth_rec"
1494,0.066583418607307,1,"temp","growth_rec"
1495,0.079332960211127,1,"temp","growth_rec"
1496,0.125860635773497,1,"temp","growth_rec"
1497,0.125894042050636,1,"temp","growth_rec"
1498,0.136662156178829,1,"temp","growth_rec"
1499,0.0573476236294273,1,"temp","growth_rec"
1500,0.481590229962984,1,"temp","growth_rec"
1501,0.411627352293616,1,"temp","growth_rec"
1502,1.55997131082151,1,"temp","growth_rec"
1503,1.19562651351534,1,"temp","growth_rec"
1504,0.0577882128032989,1,"temp","growth_rec"
1505,0.00608070559516578,1,"temp","growth_rec"
1506,0.00170391970308429,1,"temp","growth_rec"
1507,0.00474574860263995,1,"temp","growth_rec"
1508,0.0145738200107063,1,"temp","growth_rec"
1509,0.00283463568209711,1,"temp","growth_rec"
1510,0.00803551503859259,1,"temp","growth_rec"
1511,0.0157944187124907,1,"temp","growth_rec"
1512,0.0300130401204339,1,"temp","growth_rec"
1513,0.0419979840668504,1,"temp","growth_rec"
1514,0.0613034570369485,1,"temp","growth_rec"
1515,0.562707620984502,1,"temp","growth_rec"
1516,0.420869721710798,1,"temp","growth_rec"
1517,0.333130381630096,1,"temp","growth_rec"
1518,0.318815115101148,1,"temp","growth_rec"
1519,1.65273670653375,1,"temp","growth_rec"
1520,1.06450999158118,1,"temp","growth_rec"
1521,0.996166732368737,1,"temp","growth_rec"
1522,0.738310027763756,1,"temp","growth_rec"
1523,2.43800362842954,1,"temp","growth_rec"
1524,1.26345045642389,1,"temp","growth_rec"
1525,1.10942354368205,1,"temp","growth_rec"
1526,0.696096415830965,1,"temp","growth_rec"
1527,0.220258749904512,1,"temp","growth_rec"
1528,0.204569203572848,1,"temp","growth_rec"
1529,0.198677330295623,1,"temp","growth_rec"
1530,0.184624712137838,1,"temp","growth_rec"
1531,0.180269495838601,1,"temp","growth_rec"
1532,0.619890490088542,1,"temp","growth_rec"
1533,0.428954730143559,1,"temp","growth_rec"
1534,1.11604227667335,1,"temp","growth_rec"
1535,0.747337202622768,1,"temp","growth_rec"
1536,0.597450533279336,1,"temp","growth_rec"
1537,0.472049245338322,1,"temp","growth_rec"
1538,0.0284957731881447,1,"temp","growth_rec"
1539,0.0424848101416078,1,"temp","growth_rec"
1540,0.387452809295624,1,"temp","growth_rec"
1541,1.42292226689313,1,"temp","growth_rec"
1542,1.74731137284068,1,"temp","growth_rec"
1543,1.62372348081721,1,"temp","growth_rec"
1544,1.41435125209764,1,"temp","growth_rec"
1545,0.302108374207711,1,"temp","growth_rec"
1546,0.318021448199895,1,"temp","growth_rec"
1547,0.0976734701438982,1,"temp","growth_rec"
1548,0.135630490212856,1,"temp","growth_rec"
1549,0.142011272210638,1,"temp","growth_rec"
1550,0.00996944060948539,1,"temp","growth_rec"
1551,0.119888713033605,1,"temp","growth_rec"
1552,0.129581441216189,1,"temp","growth_rec"
1553,0.139888698461208,1,"temp","growth_rec"
1554,0.140832311023529,1,"temp","growth_rec"
1555,0.0101975553744392,1,"temp","growth_rec"
1556,0.0184588106497519,1,"temp","growth_rec"
1557,0.0138649864575381,1,"temp","growth_rec"
1558,0.0247877352876783,1,"temp","growth_rec"
1559,0.0565301262102568,1,"temp","growth_rec"
1560,0.51519944570062,1,"temp","growth_rec"
1561,0.0313129973127844,1,"temp","growth_rec"
1562,0.0482496183163244,1,"temp","growth_rec"
1563,0.0654328596145748,1,"temp","growth_rec"
1564,0.0329626402711728,1,"temp","growth_rec"
1565,0.0216922719883255,1,"temp","growth_rec"
1566,0.0394126873729219,1,"temp","growth_rec"
1567,0.00473005578270118,1,"temp","growth_rec"
1568,0.0111196208947954,1,"temp","growth_rec"
1569,0.14698189673346,1,"temp","growth_rec"
1570,0.147007055681734,1,"temp","growth_rec"
1571,0.927187354313277,1,"temp","growth_rec"
1572,0.650412139411027,1,"temp","growth_rec"
1573,0.455345611534366,1,"temp","growth_rec"
1574,1.88893575167453,1,"temp","growth_rec"
1575,1.11622015449653,1,"temp","growth_rec"
1576,2.07437677225687,1,"temp","growth_rec"
1577,1.36665313118343,1,"temp","growth_rec"
1578,0.739612046812248,1,"temp","growth_rec"
1579,0.466734447206987,1,"temp","growth_rec"
1580,1.49137512461435,1,"temp","growth_rec"
1581,0.327074680831424,1,"temp","growth_rec"
1582,0.10810274861612,1,"temp","growth_rec"
1583,0.102967642185816,1,"temp","growth_rec"
1584,0.144759005091323,1,"temp","growth_rec"
1585,0.18677228977381,1,"temp","growth_rec"
1586,0.187727511873881,1,"temp","growth_rec"
1587,0.230709350631187,1,"temp","growth_rec"
1588,1.09430607331189,1,"temp","growth_rec"
1589,0.607351998457486,1,"temp","growth_rec"
1590,0.574654813019713,1,"temp","growth_rec"
1591,0.461607940197733,1,"temp","growth_rec"
1592,1.07795088293494,1,"temp","growth_rec"
1593,0.622740036031496,1,"temp","growth_rec"
1594,0.596433394223707,1,"temp","growth_rec"
1595,1.62329744998504,1,"temp","growth_rec"
1596,0.372685880923345,1,"temp","growth_rec"
1597,1.34839172633512,1,"temp","growth_rec"
1598,0.679469029732151,1,"temp","growth_rec"
1599,0.487318935927865,1,"temp","growth_rec"
1600,0.311327535183251,1,"temp","growth_rec"
1601,0.22190347307762,1,"temp","growth_rec"
1602,0.194817227248702,1,"temp","growth_rec"
1603,0.0126947445194928,1,"temp","growth_rec"
1604,0.0102272281538451,1,"temp","growth_rec"
1605,0.134375037853638,1,"temp","growth_rec"
1606,0.135015903003084,1,"temp","growth_rec"
1607,0.0103063518547092,1,"temp","growth_rec"
1608,0.146683948537917,1,"temp","growth_rec"
1609,0.135529869886843,1,"temp","growth_rec"
1610,0.912538271400037,1,"temp","growth_rec"
1611,0.805695833518796,1,"temp","growth_rec"
1612,1.9670956148476,1,"temp","growth_rec"
1613,1.01425716285871,1,"temp","growth_rec"
1614,0.272845464185935,1,"temp","growth_rec"
1615,0.237322072910021,1,"temp","growth_rec"
1616,0.208719426394493,1,"temp","growth_rec"
1617,0.0833792303809008,1,"temp","growth_rec"
1618,0.0401405048186968,1,"temp","growth_rec"
1619,0.0535661340331793,1,"temp","growth_rec"
1620,0.0670060174360523,1,"temp","growth_rec"
1621,0.55833274422018,1,"temp","growth_rec"
1622,0.41958747770846,1,"temp","growth_rec"
1623,0.14672629525349,1,"temp","growth_rec"
1624,0.154597994511968,1,"temp","growth_rec"
1625,0.224100101648409,1,"temp","growth_rec"
1626,0.0883560907424287,1,"temp","growth_rec"
1627,0.00785266884760683,1,"temp","growth_rec"
1628,0.0158778236711812,1,"temp","growth_rec"
1629,0.0308021227197893,1,"temp","growth_rec"
1630,0.0440582187225653,1,"temp","growth_rec"
1631,0.0268618357218913,1,"temp","growth_rec"
1632,0.33208672960502,1,"temp","growth_rec"
1633,1.64138271491408,1,"temp","growth_rec"
1634,3.05504917261704,1,"temp","growth_rec"
1635,1.57523023848108,1,"temp","growth_rec"
1636,1.40410803426077,1,"temp","growth_rec"
1637,0.90431147749771,1,"temp","growth_rec"
1638,0.639827200061977,1,"temp","growth_rec"
1639,2.68609374099999,1,"temp","growth_rec"
1640,1.50493696283748,1,"temp","growth_rec"
1641,3.08490143068072,1,"temp","growth_rec"
1642,1.65814545409513,1,"temp","growth_rec"
1643,1.99537079988215,1,"temp","growth_rec"
1644,1.20219572221141,1,"temp","growth_rec"
1645,0.151501648192172,1,"temp","growth_rec"
1646,0.07585511766286,1,"temp","growth_rec"
1647,0.0402594831180906,1,"temp","growth_rec"
1648,0.0277703617656357,1,"temp","growth_rec"
1649,0.0299673758740496,1,"temp","growth_rec"
1650,0.0322315854485693,1,"temp","growth_rec"
1651,0.0392324624422211,1,"temp","growth_rec"
1652,0.184514091501745,1,"temp","growth_rec"
1653,0.199724602374707,1,"temp","growth_rec"
1654,0.014021286271367,1,"temp","growth_rec"
1655,0.0354679203126768,1,"temp","growth_rec"
1656,0.0484544829496214,1,"temp","growth_rec"
1657,0.0676188747026826,1,"temp","growth_rec"
1658,0.114462960347757,1,"temp","growth_rec"
1659,0.121225926622449,1,"temp","growth_rec"
1660,0.884717182587581,1,"temp","growth_rec"
1661,0.583213944132636,1,"temp","growth_rec"
1662,0.415331236592167,1,"temp","growth_rec"
1663,0.338870161338157,1,"temp","growth_rec"
1664,0.990173848991045,1,"temp","growth_rec"
1665,0.281848869855836,1,"temp","growth_rec"
1666,0.354613192989052,1,"temp","growth_rec"
1667,0.417736846311697,1,"temp","growth_rec"
1668,0.323374883259273,1,"temp","growth_rec"
1669,0.320730356049422,1,"temp","growth_rec"
1670,0.115183319177283,1,"temp","growth_rec"
1671,0.834496014595583,1,"temp","growth_rec"
1672,0.233641909038578,1,"temp","growth_rec"
1673,0.304643676529939,1,"temp","growth_rec"
1674,0.905850010443169,1,"temp","growth_rec"
1675,0.574462358716874,1,"temp","growth_rec"
1676,1.368102464843,1,"temp","growth_rec"
1677,1.99149817659961,1,"temp","growth_rec"
1678,1.30504766278613,1,"temp","growth_rec"
1679,0.69996181610785,1,"temp","growth_rec"
1680,0.190857879763426,1,"temp","growth_rec"
1681,0.172546337625919,1,"temp","growth_rec"
1682,0.1513004018395,1,"temp","growth_rec"
1683,0.153300566466731,1,"temp","growth_rec"
1684,0.500289903247795,1,"temp","growth_rec"
1685,0.483293638767548,1,"temp","growth_rec"
1686,1.4120566166262,1,"temp","growth_rec"
1687,0.858183331173394,1,"temp","growth_rec"
1688,0.50486351239569,1,"temp","growth_rec"
1689,0.147980120950164,1,"temp","growth_rec"
1690,0.0109882801609666,1,"temp","growth_rec"
1691,0.0189282394375177,1,"temp","growth_rec"
1692,0.00325885647409132,1,"temp","growth_rec"
1693,0.064931563096636,1,"temp","growth_rec"
1694,0.111871366549677,1,"temp","growth_rec"
1695,0.170143632091576,1,"temp","growth_rec"
1696,0.193365285541911,1,"temp","growth_rec"
1697,0.178133576953613,1,"temp","growth_rec"
1698,0.170037429090944,1,"temp","growth_rec"
1699,0.072426843018567,1,"temp","growth_rec"
1700,0.611597214280916,1,"temp","growth_rec"
1701,0.433007314291063,1,"temp","growth_rec"
1702,0.147912137880707,1,"temp","growth_rec"
1703,0.568451803645823,1,"temp","growth_rec"
1704,0.182265352632154,1,"temp","growth_rec"
1705,1.28594907734098,1,"temp","growth_rec"
1706,0.774965262236332,1,"temp","growth_rec"
1707,0.0436656645220015,1,"temp","growth_rec"
1708,0.230202609795906,1,"temp","growth_rec"
1709,1.30527964845036,1,"temp","growth_rec"
1710,0.063042471054483,1,"temp","growth_rec"
1711,0.11649380439211,1,"temp","growth_rec"
1712,0.924980541621949,1,"temp","growth_rec"
1713,0.620104059121715,1,"temp","growth_rec"
1714,0.036104809123985,1,"temp","growth_rec"
1715,0.0585956611342764,1,"temp","growth_rec"
1716,0.107891244388891,1,"temp","growth_rec"
1717,0.131031827201806,1,"temp","growth_rec"
1718,0.152408419055016,1,"temp","growth_rec"
1719,0.566420911778685,1,"temp","growth_rec"
1720,0.600954880782585,1,"temp","growth_rec"
1721,0.459376342893405,1,"temp","growth_rec"
1722,0.160914252778036,1,"temp","growth_rec"
1723,0.0717286543951615,1,"temp","growth_rec"
1724,0.0992508929743244,1,"temp","growth_rec"
1725,0.111454473888745,1,"temp","growth_rec"
1726,0.144367039880287,1,"temp","growth_rec"
1727,0.0643782271347975,1,"temp","growth_rec"
1728,0.00638954038454507,1,"temp","growth_rec"
1729,0.0138751379198227,1,"temp","growth_rec"
1730,0.0244183073830842,1,"temp","growth_rec"
1731,0.291931938507745,1,"temp","growth_rec"
1732,0.857805783122874,1,"temp","growth_rec"
1733,0.578935584608225,1,"temp","growth_rec"
1734,2.22189813410956,1,"temp","growth_rec"
1735,1.27853276868854,1,"temp","growth_rec"
1736,2.9193318561358,1,"temp","growth_rec"
1737,1.97690107692497,1,"temp","growth_rec"
1738,2.01875768177167,1,"temp","growth_rec"
1739,0.939686816310616,1,"temp","growth_rec"
1740,0.531950117517532,1,"temp","growth_rec"
1741,1.29392315507197,1,"temp","growth_rec"
1742,0.530737403859447,1,"temp","growth_rec"
1743,0.105823842107897,1,"temp","growth_rec"
1744,0.0330339205522648,1,"temp","growth_rec"
1745,0.0313974997659314,1,"temp","growth_rec"
1746,0.225003710425884,1,"temp","growth_rec"
1747,0.158260485769924,1,"temp","growth_rec"
1748,0.421899886135906,1,"temp","growth_rec"
1749,0.278592255751642,1,"temp","growth_rec"
1750,0.211665505524004,1,"temp","growth_rec"
1751,0.0768121186969459,1,"temp","growth_rec"
1752,0.0842244375246705,1,"temp","growth_rec"
1753,0.0898694944511063,1,"temp","growth_rec"
1754,0.0426892304382359,1,"temp","growth_rec"
1755,0.0663216056462565,1,"temp","growth_rec"
1756,0.590830924354793,1,"temp","growth_rec"
1757,1.30209792020902,1,"temp","growth_rec"
1758,0.871565488890737,1,"temp","growth_rec"
1759,0.586308303606229,1,"temp","growth_rec"
1760,0.502078716457446,1,"temp","growth_rec"
1761,0.480714305619008,1,"temp","growth_rec"
1762,0.383913970566398,1,"temp","growth_rec"
1763,0.325306178975011,1,"temp","growth_rec"
1764,0.289260031284247,1,"temp","growth_rec"
1765,0.274102007792916,1,"temp","growth_rec"
1766,0.260540176994359,1,"temp","growth_rec"
1767,0.104589260581441,1,"temp","growth_rec"
1768,0.91310328359004,1,"temp","growth_rec"
1769,0.598973672931146,1,"temp","growth_rec"
1770,0.536021683955131,1,"temp","growth_rec"
1771,0.18313324348861,1,"temp","growth_rec"
1772,0.0783809254251066,1,"temp","growth_rec"
1773,0.70787046168289,1,"temp","growth_rec"
1774,1.98169113151858,1,"temp","growth_rec"
1775,1.05993778770979,1,"temp","growth_rec"
1776,1.81733851917168,1,"temp","growth_rec"
1777,0.420092022217238,1,"temp","growth_rec"
1778,1.74231825449764,1,"temp","growth_rec"
1779,0.922756499497884,1,"temp","growth_rec"
1780,1.92970629446092,1,"temp","growth_rec"
1781,0.93695862889125,1,"temp","growth_rec"
1782,0.660185745744292,1,"temp","growth_rec"
1783,0.1829086673412,1,"temp","growth_rec"
1784,0.161993076745674,1,"temp","growth_rec"
1785,0.530094857939422,1,"temp","growth_rec"
1786,0.506767755951537,1,"temp","growth_rec"
1787,0.338165863716271,1,"temp","growth_rec"
1788,0.251529506410254,1,"temp","growth_rec"
1789,0.245122238860151,1,"temp","growth_rec"
1790,1.12992803158094,1,"temp","growth_rec"
1791,0.0512050343291743,1,"temp","growth_rec"
1792,0.0909439136533392,1,"temp","growth_rec"
1793,0.0954136433915575,1,"temp","growth_rec"
1794,0.117679715730794,1,"temp","growth_rec"
1795,0.00917053717564768,1,"temp","growth_rec"
1796,0.0196392673176714,1,"temp","growth_rec"
1797,0.0346740649860974,1,"temp","growth_rec"
1798,0.0463671794133753,1,"temp","growth_rec"
1799,0.00509912005874044,1,"temp","growth_rec"
1800,0.00396264704739852,1,"temp","growth_rec"
1801,0.00453049134724198,1,"temp","growth_rec"
1802,0.0100866998647029,1,"temp","growth_rec"
1803,0.0688578653348081,1,"temp","growth_rec"
1804,0.00638526294405652,1,"temp","growth_rec"
1805,0.0139374172543485,1,"temp","growth_rec"
1806,0.172368436597888,1,"temp","growth_rec"
1807,0.165605982304029,1,"temp","growth_rec"
1808,0.57476555963365,1,"temp","growth_rec"
1809,0.176758013728428,1,"temp","growth_rec"
1810,0.20398453299462,1,"temp","growth_rec"
1811,1.28130207088522,1,"temp","growth_rec"
1812,0.327060533233198,1,"temp","growth_rec"
1813,0.120923599473571,1,"temp","growth_rec"
1814,0.472814647973694,1,"temp","growth_rec"
1815,0.352055515390198,1,"temp","growth_rec"
1816,0.124865264582157,1,"temp","growth_rec"
1817,0.126978452188851,1,"temp","growth_rec"
1818,0.0567702268897633,1,"temp","growth_rec"
1819,0.544842020051299,1,"temp","growth_rec"
1820,0.388279005860902,1,"temp","growth_rec"
1821,0.365336857893498,1,"temp","growth_rec"
1822,1.69277691544498,1,"temp","growth_rec"
1823,0.404554572547211,1,"temp","growth_rec"
1824,0.142925716805698,1,"temp","growth_rec"
1825,0.149624916230637,1,"temp","growth_rec"
1826,0.0646649382935501,1,"temp","growth_rec"
1827,0.0799462232670181,1,"temp","growth_rec"
1828,0.0377869235841278,1,"temp","growth_rec"
1829,0.0230089539199975,1,"temp","growth_rec"
1830,0.0359955390727786,1,"temp","growth_rec"
1831,0.359589256194932,1,"temp","growth_rec"
1832,0.303154858015061,1,"temp","growth_rec"
1833,0.114390309063375,1,"temp","growth_rec"
1834,0.12769921542643,1,"temp","growth_rec"
1835,0.158552902317347,1,"temp","growth_rec"
1836,0.160034316852978,1,"temp","growth_rec"
1837,0.154328194279943,1,"temp","growth_rec"
1838,0.9790173514468,1,"temp","growth_rec"
1839,1.69078763783219,1,"temp","growth_rec"
1840,2.01980614002471,1,"temp","growth_rec"
1841,1.12986126449871,1,"temp","growth_rec"
1842,1.78918565770738,1,"temp","growth_rec"
1843,1.25438146595684,1,"temp","growth_rec"
1844,0.579849386851618,1,"temp","growth_rec"
1845,0.736385181101361,1,"temp","growth_rec"
1846,0.138532646041968,1,"temp","growth_rec"
1847,0.0707231024073685,1,"temp","growth_rec"
1848,0.0176030573924901,1,"temp","growth_rec"
1849,0.00756155046099471,1,"temp","growth_rec"
1850,0.00582465313967426,1,"temp","growth_rec"
1851,0.00163363452246394,1,"temp","growth_rec"
1852,0.00391580918233509,1,"temp","growth_rec"
1853,0.00914498264547167,1,"temp","growth_rec"
1854,0.015270845095456,1,"temp","growth_rec"
1855,0.0232685628513477,1,"temp","growth_rec"
1856,0.0333166281883249,1,"temp","growth_rec"
1857,0.347806849109057,1,"temp","growth_rec"
1858,0.283007165021859,1,"temp","growth_rec"
1859,0.0187169459181135,1,"temp","growth_rec"
1860,0.0301090305982514,1,"temp","growth_rec"
1861,0.0494236881448583,1,"temp","growth_rec"
1862,0.0610465648683419,1,"temp","growth_rec"
1863,0.546632167846561,1,"temp","growth_rec"
1864,0.385145051973623,1,"temp","growth_rec"
1865,0.366902415840359,1,"temp","growth_rec"
1866,0.0236925331776232,1,"temp","growth_rec"
1867,0.0146350266232866,1,"temp","growth_rec"
1868,0.0275922039648267,1,"temp","growth_rec"
1869,0.0584223673409777,1,"temp","growth_rec"
1870,0.0842589256055793,1,"temp","growth_rec"
1871,0.649010815571094,1,"temp","growth_rec"
1872,0.0363948605015732,1,"temp","growth_rec"
1873,0.0241432059004541,1,"temp","growth_rec"
1874,0.0391315769233989,1,"temp","growth_rec"
1875,0.0624692282747146,1,"temp","growth_rec"
1876,0.116046173224163,1,"temp","growth_rec"
1877,0.130084166651504,1,"temp","growth_rec"
1878,0.0578903520276694,1,"temp","growth_rec"
1879,0.00597351898064525,1,"temp","growth_rec"
1880,0.0137888196586353,1,"temp","growth_rec"
1881,0.0932465037038058,1,"temp","growth_rec"
1882,0.104026262110892,1,"temp","growth_rec"
1883,0.423653388354969,1,"temp","growth_rec"
1884,0.397052213758719,1,"temp","growth_rec"
1885,0.316944480389871,1,"temp","growth_rec"
1886,0.27257594823082,1,"temp","growth_rec"
1887,0.292801186878328,1,"temp","growth_rec"
1888,0.112648018486389,1,"temp","growth_rec"
1889,0.122309056205883,1,"temp","growth_rec"
1890,0.189079815570259,1,"temp","growth_rec"
1891,0.2609166573834,1,"temp","growth_rec"
1892,0.0998185632666276,1,"temp","growth_rec"
1893,0.840678342709289,1,"temp","growth_rec"
1894,0.0448565938204808,1,"temp","growth_rec"
1895,0.0617988499701377,1,"temp","growth_rec"
1896,0.526453779895598,1,"temp","growth_rec"
1897,0.375427651250135,1,"temp","growth_rec"
1898,1.59870146922711,1,"temp","growth_rec"
1899,1.25010317251766,1,"temp","growth_rec"
1900,0.325608524508115,1,"temp","growth_rec"
1901,0.0220120201944727,1,"temp","growth_rec"
1902,0.132691626243626,1,"temp","growth_rec"
1903,0.0569590585972058,1,"temp","growth_rec"
1904,0.0685404895213934,1,"temp","growth_rec"
1905,0.0328359767092867,1,"temp","growth_rec"
1906,0.0492950199644486,1,"temp","growth_rec"
1907,0.226531711693835,1,"temp","growth_rec"
1908,0.201095722900529,1,"temp","growth_rec"
1909,0.263331030653816,1,"temp","growth_rec"
1910,1.31202884739999,1,"temp","growth_rec"
1911,2.00653985741035,1,"temp","growth_rec"
1912,0.0822356966614166,1,"temp","growth_rec"
1913,0.64144893676981,1,"temp","growth_rec"
1914,0.422918379613717,1,"temp","growth_rec"
1915,0.37082087000141,1,"temp","growth_rec"
1916,0.955778517623964,1,"temp","growth_rec"
1917,1.52462083417958,1,"temp","growth_rec"
1918,0.785570791599606,1,"temp","growth_rec"
1919,1.42435078322585,1,"temp","growth_rec"
1920,0.888350944179277,1,"temp","growth_rec"
1921,0.042949798513304,1,"temp","growth_rec"
1922,0.0613472852941724,1,"temp","growth_rec"
1923,0.0318405397493618,1,"temp","growth_rec"
1924,0.0446457004109931,1,"temp","growth_rec"
1925,0.0582558716045607,1,"temp","growth_rec"
1926,0.0700404846108641,1,"temp","growth_rec"
1927,0.0819042973028292,1,"temp","growth_rec"
1928,0.00727823063202223,1,"temp","growth_rec"
1929,0.115276079844268,1,"temp","growth_rec"
1930,0.0490796480921045,1,"temp","growth_rec"
1931,0.0603058240571763,1,"temp","growth_rec"
1932,0.0789561182417492,1,"temp","growth_rec"
1933,0.0363643281889334,1,"temp","growth_rec"
1934,0.0478387862340583,1,"temp","growth_rec"
1935,0.0869367922561324,1,"temp","growth_rec"
1936,0.112509296822,1,"temp","growth_rec"
1937,0.0489019235859889,1,"temp","growth_rec"
1938,0.0604675688784336,1,"temp","growth_rec"
1939,0.540461947773146,1,"temp","growth_rec"
1940,1.61699698028111,1,"temp","growth_rec"
1941,2.00544118449727,1,"temp","growth_rec"
1942,1.05300912712394,1,"temp","growth_rec"
1943,2.23119542460204,1,"temp","growth_rec"
1944,1.30812448397823,1,"temp","growth_rec"
1945,1.92923886599722,1,"temp","growth_rec"
1946,0.449407323265911,1,"temp","growth_rec"
1947,0.147755936045194,1,"temp","growth_rec"
1948,0.141917552885892,1,"temp","growth_rec"
1949,0.13490715027894,1,"temp","growth_rec"
1950,0.0561373558757374,1,"temp","growth_rec"
1951,0.0736319543524481,1,"temp","growth_rec"
1952,0.596001376996048,1,"temp","growth_rec"
1953,0.175523313914632,1,"temp","growth_rec"
1954,0.164250764481206,1,"temp","growth_rec"
1955,0.149431310769192,1,"temp","growth_rec"
1956,0.145968062509073,1,"temp","growth_rec"
1957,0.881173180846723,1,"temp","growth_rec"
1958,1.45832317663717,1,"temp","growth_rec"
1959,0.814138492422516,1,"temp","growth_rec"
1960,0.504582182392069,1,"temp","growth_rec"
1961,0.160471099844537,1,"temp","growth_rec"
1962,0.149514284438412,1,"temp","growth_rec"
1963,0.522587331807187,1,"temp","growth_rec"
1964,0.406251551245412,1,"temp","growth_rec"
1965,1.55284173442231,1,"temp","growth_rec"
1966,0.804673798115346,1,"temp","growth_rec"
1967,0.603692568659417,1,"temp","growth_rec"
1968,0.182186593135787,1,"temp","growth_rec"
1969,0.238691120786059,1,"temp","growth_rec"
1970,1.22708749783185,1,"temp","growth_rec"
1971,1.35735258742664,1,"temp","growth_rec"
1972,0.30318170070467,1,"temp","growth_rec"
1973,0.226145655536777,1,"temp","growth_rec"
1974,0.0769166525503685,1,"temp","growth_rec"
1975,0.111306944940209,1,"temp","growth_rec"
1976,0.100396821170236,1,"temp","growth_rec"
1977,0.0422893142537533,1,"temp","growth_rec"
1978,0.0523066814342607,1,"temp","growth_rec"
1979,0.0626573088839529,1,"temp","growth_rec"
1980,0.006051419079075,1,"temp","growth_rec"
1981,0.0129188183698114,1,"temp","growth_rec"
1982,0.0227440119462075,1,"temp","growth_rec"
1983,0.132567915116244,1,"temp","growth_rec"
1984,0.495333691639254,1,"temp","growth_rec"
1985,0.162939170488893,1,"temp","growth_rec"
1986,0.165643445371188,1,"temp","growth_rec"
1987,0.246698087620285,1,"temp","growth_rec"
1988,1.44061917073755,1,"temp","growth_rec"
1989,0.856324991411828,1,"temp","growth_rec"
1990,0.258605418116582,1,"temp","growth_rec"
1991,0.273741193745471,1,"temp","growth_rec"
1992,0.302272274592073,1,"temp","growth_rec"
1993,0.117688508505837,1,"temp","growth_rec"
1994,0.132228979038836,1,"temp","growth_rec"
1995,0.063334261805769,1,"temp","growth_rec"
1996,0.00637373680801428,1,"temp","growth_rec"
1997,0.0205667413153696,1,"temp","growth_rec"
1998,0.0372734651310285,1,"temp","growth_rec"
1999,0.0204431039554421,1,"temp","growth_rec"
2000,0.036867690651823,1,"temp","growth_rec"
2001,0.0493859743394244,1,"temp","growth_rec"
2002,0.0250854485787698,1,"temp","growth_rec"
2003,0.136008893007203,1,"temp","growth_rec"
2004,0.0100732977965747,1,"temp","growth_rec"
2005,0.0176628644694122,1,"temp","growth_rec"
2006,0.0270169888473489,1,"temp","growth_rec"
2007,0.0381292175150306,1,"temp","growth_rec"
2008,0.0562260922202961,1,"temp","growth_rec"
2009,0.478832962256521,1,"temp","growth_rec"
2010,1.71321268359006,1,"temp","growth_rec"
2011,2.4490551029168,1,"temp","growth_rec"
2012,1.70864353332492,1,"temp","growth_rec"
2013,1.98078895085791,1,"temp","growth_rec"
2014,1.38967866975998,1,"temp","growth_rec"
2015,0.64912085561833,1,"temp","growth_rec"
2016,0.167815004854276,1,"temp","growth_rec"
2017,0.0109857929632633,1,"temp","growth_rec"
2018,0.0209303263623051,1,"temp","growth_rec"
2019,0.0292774291343413,1,"temp","growth_rec"
2020,0.0182951846797671,1,"temp","growth_rec"
2021,0.014437879968282,1,"temp","growth_rec"
2022,0.026602461561465,1,"temp","growth_rec"
2023,0.161500719355881,1,"temp","growth_rec"
2024,0.244094798763177,1,"temp","growth_rec"
2025,0.231286085702366,1,"temp","growth_rec"
2026,0.253583488267509,1,"temp","growth_rec"
2027,1.68402906468031,1,"temp","growth_rec"
2028,1.01561578694315,1,"temp","growth_rec"
2029,2.98515964472714,1,"temp","growth_rec"
2030,1.59337594401113,1,"temp","growth_rec"
2031,1.00523028681435,1,"temp","growth_rec"
2032,0.677189627516286,1,"temp","growth_rec"
2033,0.218256763465011,1,"temp","growth_rec"
2034,0.256406020726214,1,"temp","growth_rec"
2035,0.872022184715713,1,"temp","growth_rec"
2036,0.266364211626991,1,"temp","growth_rec"
2037,0.353626111399527,1,"temp","growth_rec"
2038,0.357566417029326,1,"temp","growth_rec"
2039,0.130269299510872,1,"temp","growth_rec"
2040,0.010679363738034,1,"temp","growth_rec"
2041,0.0234402933227666,1,"temp","growth_rec"
2042,0.134423837506514,1,"temp","growth_rec"
2043,0.0564642143760152,1,"temp","growth_rec"
2044,0.0684238601836004,1,"temp","growth_rec"
2045,0.0883632960475189,1,"temp","growth_rec"
2046,0.359834354817726,1,"temp","growth_rec"
2047,1.55508971251015,1,"temp","growth_rec"
2048,0.976929195014445,1,"temp","growth_rec"
2049,0.635960033935029,1,"temp","growth_rec"
2050,0.465271997865871,1,"temp","growth_rec"
2051,0.363030799527586,1,"temp","growth_rec"
2052,1.78498555033512,1,"temp","growth_rec"
2053,1.41285358560607,1,"temp","growth_rec"
2054,2.40533212012227,1,"temp","growth_rec"
2055,1.14474144920129,1,"temp","growth_rec"
2056,0.291633890468029,1,"temp","growth_rec"
2057,0.350152974718666,1,"temp","growth_rec"
2058,0.283815265121231,1,"temp","growth_rec"
2059,0.100503578853251,1,"temp","growth_rec"
2060,0.105861234243835,1,"temp","growth_rec"
2061,0.159318575520435,1,"temp","growth_rec"
2062,1.01246698805811,1,"temp","growth_rec"
2063,1.68285400566325,1,"temp","growth_rec"
2064,0.946435922930356,1,"temp","growth_rec"
2065,0.569940461267241,1,"temp","growth_rec"
2066,0.407382931879707,1,"temp","growth_rec"
2067,0.13543243774754,1,"temp","growth_rec"
2068,0.136357885083224,1,"temp","growth_rec"
2069,0.19011803666085,1,"temp","growth_rec"
2070,0.187355947874104,1,"temp","growth_rec"
2071,0.198171051667493,1,"temp","growth_rec"
2072,0.170994165736827,1,"temp","growth_rec"
2073,0.565352164146008,1,"temp","growth_rec"
2074,0.381953185143547,1,"temp","growth_rec"
2075,0.418539969715431,1,"temp","growth_rec"
2076,0.0249823015667181,1,"temp","growth_rec"
2077,0.0375999148035532,1,"temp","growth_rec"
2078,0.0504280202136078,1,"temp","growth_rec"
2079,0.0897378475904648,1,"temp","growth_rec"
2080,0.00759988836130206,1,"temp","growth_rec"
2081,0.0171500794420819,1,"temp","growth_rec"
2082,0.0273205388114366,1,"temp","growth_rec"
2083,0.00389098900679944,1,"temp","growth_rec"
2084,0.00497926145495604,1,"temp","growth_rec"
2085,0.0105116375507526,1,"temp","growth_rec"
2086,0.0189776288772379,1,"temp","growth_rec"
2087,0.00325261921906208,1,"temp","growth_rec"
2088,0.00110417567021872,1,"temp","growth_rec"
2089,0.0031581988088607,1,"temp","growth_rec"
2090,0.0471073063925241,1,"temp","growth_rec"
2091,0.183557466082725,1,"temp","growth_rec"
2092,0.140282379076764,1,"temp","growth_rec"
2093,0.009650000245993,1,"temp","growth_rec"
2094,0.0185570247774156,1,"temp","growth_rec"
2095,0.102890678433104,1,"temp","growth_rec"
2096,0.0450587415346869,1,"temp","growth_rec"
2097,0.0573149551981384,1,"temp","growth_rec"
2098,0.487253082019821,1,"temp","growth_rec"
2099,0.519632296429792,1,"temp","growth_rec"
2100,0.405095355780027,1,"temp","growth_rec"
2101,0.144573181866066,1,"temp","growth_rec"
2102,0.554844301273164,1,"temp","growth_rec"
2103,1.36548532546264,1,"temp","growth_rec"
2104,1.14948662284008,1,"temp","growth_rec"
2105,0.706567464328048,1,"temp","growth_rec"
2106,0.520724350773126,1,"temp","growth_rec"
2107,0.412389430980668,1,"temp","growth_rec"
2108,0.332196410456407,1,"temp","growth_rec"
2109,1.00147312184584,1,"temp","growth_rec"
2110,2.2320619718909,1,"temp","growth_rec"
2111,1.21746009162083,1,"temp","growth_rec"
2112,0.305332301584376,1,"temp","growth_rec"
2113,0.299489196883082,1,"temp","growth_rec"
2114,0.107665133153994,1,"temp","growth_rec"
2115,0.161305280220347,1,"temp","growth_rec"
2116,0.0647239257857646,1,"temp","growth_rec"
2117,0.0752253314220855,1,"temp","growth_rec"
2118,0.0808384245564716,1,"temp","growth_rec"
2119,0.00710556183024783,1,"temp","growth_rec"
2120,0.0134486329370257,1,"temp","growth_rec"
2121,0.022402783708394,1,"temp","growth_rec"
2122,0.0131563672807147,1,"temp","growth_rec"
2123,0.0251665267824342,1,"temp","growth_rec"
2124,0.0521066877591726,1,"temp","growth_rec"
2125,0.442541969820904,1,"temp","growth_rec"
2126,0.399473001852338,1,"temp","growth_rec"
2127,0.464508722307549,1,"temp","growth_rec"
2128,0.531043805689142,1,"temp","growth_rec"
2129,0.0329418299921846,1,"temp","growth_rec"
2130,0.389843095167651,1,"temp","growth_rec"
2131,1.7087516083886,1,"temp","growth_rec"
2132,2.08214391363841,1,"temp","growth_rec"
2133,0.0857326723448826,1,"temp","growth_rec"
2134,0.0969728179342008,1,"temp","growth_rec"
2135,0.0444689365844288,1,"temp","growth_rec"
2136,0.0233868174131252,1,"temp","growth_rec"
2137,0.016225741932867,1,"temp","growth_rec"
2138,0.0285283282968173,1,"temp","growth_rec"
2139,0.0204422982488551,1,"temp","growth_rec"
2140,0.0169447559100276,1,"temp","growth_rec"
2141,0.0030436461335877,1,"temp","growth_rec"
2142,0.0593656585818743,1,"temp","growth_rec"
2143,0.278434164007644,1,"temp","growth_rec"
2144,0.0186690880054229,1,"temp","growth_rec"
2145,0.0342430879944926,1,"temp","growth_rec"
2146,0.1799653729529,1,"temp","growth_rec"
2147,0.612235386114622,1,"temp","growth_rec"
2148,1.39247773857022,1,"temp","growth_rec"
2149,0.821413450285274,1,"temp","growth_rec"
2150,0.825477567153444,1,"temp","growth_rec"
2151,0.833992995429222,1,"temp","growth_rec"
2152,0.261934593644553,1,"temp","growth_rec"
2153,0.243265856161234,1,"temp","growth_rec"
2154,1.58126203667774,1,"temp","growth_rec"
2155,0.922335797831014,1,"temp","growth_rec"
2156,0.625828815951683,1,"temp","growth_rec"
2157,0.674515404098592,1,"temp","growth_rec"
2158,2.35275612229721,1,"temp","growth_rec"
2159,1.6715860231123,1,"temp","growth_rec"
2160,0.7666562152987,1,"temp","growth_rec"
2161,0.453530936194961,1,"temp","growth_rec"
2162,1.02591995824984,1,"temp","growth_rec"
2163,0.228151937874612,1,"temp","growth_rec"
2164,0.159320381646744,1,"temp","growth_rec"
2165,0.122796597499228,1,"temp","growth_rec"
2166,0.00844804574888788,1,"temp","growth_rec"
2167,0.0147175268944112,1,"temp","growth_rec"
2168,0.0228161838033153,1,"temp","growth_rec"
2169,0.0035298387012632,1,"temp","growth_rec"
2170,0.00960357836666108,1,"temp","growth_rec"
2171,0.0207166524073418,1,"temp","growth_rec"
2172,0.22397652784702,1,"temp","growth_rec"
2173,1.10287920276466,1,"temp","growth_rec"
2174,0.291558953685347,1,"temp","growth_rec"
2175,0.369238030094663,1,"temp","growth_rec"
2176,1.72638122727553,1,"temp","growth_rec"
2177,2.36332310715078,1,"temp","growth_rec"
2178,1.34927164548181,1,"temp","growth_rec"
2179,0.900937940641227,1,"temp","growth_rec"
2180,0.665928963589079,1,"temp","growth_rec"
2181,2.21368619304251,1,"temp","growth_rec"
2182,1.11533014099989,1,"temp","growth_rec"
2183,1.88442585015288,1,"temp","growth_rec"
2184,0.393497676546969,1,"temp","growth_rec"
2185,0.0226460228598312,1,"temp","growth_rec"
2186,0.0331421844426789,1,"temp","growth_rec"
2187,0.162799027631699,1,"temp","growth_rec"
2188,0.522877191189087,1,"temp","growth_rec"
2189,0.0289297717688162,1,"temp","growth_rec"
2190,0.291313969420384,1,"temp","growth_rec"
2191,1.29415073651828,1,"temp","growth_rec"
2192,0.800060724760604,1,"temp","growth_rec"
2193,0.229754799205623,1,"temp","growth_rec"
2194,1.22234810561196,1,"temp","growth_rec"
2195,0.779602127021187,1,"temp","growth_rec"
2196,0.0408897587841185,1,"temp","growth_rec"
2197,0.0555208608422665,1,"temp","growth_rec"
2198,0.068308633241882,1,"temp","growth_rec"
2199,0.0812288467277257,1,"temp","growth_rec"
2200,0.0401915482910873,1,"temp","growth_rec"
2201,0.0639582994449953,1,"temp","growth_rec"
2202,0.582694688399752,1,"temp","growth_rec"
2203,1.87484202644292,1,"temp","growth_rec"
2204,1.21847034434787,1,"temp","growth_rec"
2205,0.331115850654192,1,"temp","growth_rec"
2206,0.292484599493897,1,"temp","growth_rec"
2207,0.384032673792506,1,"temp","growth_rec"
2208,1.15140552182608,1,"temp","growth_rec"
2209,0.726992586134746,1,"temp","growth_rec"
2210,2.56144876764037,1,"temp","growth_rec"
2211,0.606874060504822,1,"temp","growth_rec"
2212,0.472322221598218,1,"temp","growth_rec"
2213,0.386377160664692,1,"temp","growth_rec"
2214,0.328814308413223,1,"temp","growth_rec"
2215,0.332612643230556,1,"temp","growth_rec"
2216,1.71281858207313,1,"temp","growth_rec"
2217,0.409848923410063,1,"temp","growth_rec"
2218,0.326906740825654,1,"temp","growth_rec"
2219,1.68074197022028,1,"temp","growth_rec"
2220,1.74263640593154,1,"temp","growth_rec"
2221,0.0681853001116147,1,"temp","growth_rec"
2222,0.0736158702372638,1,"temp","growth_rec"
2223,0.0771738664006842,1,"temp","growth_rec"
2224,0.0961931232053035,1,"temp","growth_rec"
2225,0.0424335454182829,1,"temp","growth_rec"
2226,0.201333386940591,1,"temp","growth_rec"
2227,0.174887988355159,1,"temp","growth_rec"
2228,0.162714468836087,1,"temp","growth_rec"
2229,0.0671937448094118,1,"temp","growth_rec"
2230,0.59547486223564,1,"temp","growth_rec"
2231,1.65589646204512,1,"temp","growth_rec"
2232,1.80053996547448,1,"temp","growth_rec"
2233,0.952575309558278,1,"temp","growth_rec"
2234,0.251974858163847,1,"temp","growth_rec"
2235,0.0943659971039743,1,"temp","growth_rec"
2236,0.0460324018203383,1,"temp","growth_rec"
2237,0.430518674619386,1,"temp","growth_rec"
2238,0.339504698400168,1,"temp","growth_rec"
2239,0.021908757040185,1,"temp","growth_rec"
2240,0.00356435885525915,1,"temp","growth_rec"
2241,0.00994066166222524,1,"temp","growth_rec"
2242,0.018932416964407,1,"temp","growth_rec"
2243,0.0307533303927723,1,"temp","growth_rec"
2244,0.0649006453542594,1,"temp","growth_rec"
2245,0.078925490626425,1,"temp","growth_rec"
2246,0.094149150800947,1,"temp","growth_rec"
2247,0.117612838063994,1,"temp","growth_rec"
2248,0.124249894990114,1,"temp","growth_rec"
2249,0.0575238042497324,1,"temp","growth_rec"
2250,0.0826274383307914,1,"temp","growth_rec"
2251,0.114130371668404,1,"temp","growth_rec"
2252,0.124881387484211,1,"temp","growth_rec"
2253,0.479253109775541,1,"temp","growth_rec"
2254,0.517283540082656,1,"temp","growth_rec"
2255,1.873783498461,1,"temp","growth_rec"
2256,0.440992225152299,1,"temp","growth_rec"
2257,0.345550980398688,1,"temp","growth_rec"
2258,0.298162380665959,1,"temp","growth_rec"
2259,0.110876065390269,1,"temp","growth_rec"
2260,0.135502837806767,1,"temp","growth_rec"
2261,0.20224831772005,1,"temp","growth_rec"
2262,0.0818340484803933,1,"temp","growth_rec"
2263,0.0973217504559956,1,"temp","growth_rec"
2264,0.106229257302764,1,"temp","growth_rec"
2265,0.114024260131705,1,"temp","growth_rec"
2266,0.805139385261999,1,"temp","growth_rec"
2267,1.95758047795042,1,"temp","growth_rec"
2268,1.06601810597598,1,"temp","growth_rec"
2269,0.658901979362713,1,"temp","growth_rec"
2270,2.06651700912224,1,"temp","growth_rec"
2271,1.25999226968001,1,"temp","growth_rec"
2272,0.335974332171069,1,"temp","growth_rec"
2273,0.307986569897627,1,"temp","growth_rec"
2274,0.110802459453845,1,"temp","growth_rec"
2275,0.00928515297064496,1,"temp","growth_rec"
2276,0.0205811287157994,1,"temp","growth_rec"
2277,0.224408546897249,1,"temp","growth_rec"
2278,0.22948075542835,1,"temp","growth_rec"
2279,0.086771244310949,1,"temp","growth_rec"
2280,0.352859411939025,1,"temp","growth_rec"
2281,0.273375664555712,1,"temp","growth_rec"
2282,0.0179915042242953,1,"temp","growth_rec"
2283,0.028714350929775,1,"temp","growth_rec"
2284,0.0398259303773387,1,"temp","growth_rec"
2285,0.0503709893177477,1,"temp","growth_rec"
2286,0.0685975949750226,1,"temp","growth_rec"
2287,0.539868502820391,1,"temp","growth_rec"
2288,1.74447546790349,1,"temp","growth_rec"
2289,0.960101891917434,1,"temp","growth_rec"
2290,0.283561033304257,1,"temp","growth_rec"
2291,0.250762724060803,1,"temp","growth_rec"
2292,0.228268828080213,1,"temp","growth_rec"
2293,0.215273530981625,1,"temp","growth_rec"
2294,1.41279466702562,1,"temp","growth_rec"
2295,0.378638865128287,1,"temp","growth_rec"
2296,1.11813339392044,1,"temp","growth_rec"
2297,0.783287521828196,1,"temp","growth_rec"
2298,0.233466601784762,1,"temp","growth_rec"
2299,0.260591663745079,1,"temp","growth_rec"
2300,0.101855022758545,1,"temp","growth_rec"
2301,0.167465680113734,1,"temp","growth_rec"
2302,0.0127203606289438,1,"temp","growth_rec"
2303,0.0335795946996545,1,"temp","growth_rec"
2304,0.0689374473019101,1,"temp","growth_rec"
2305,0.00647742091001811,1,"temp","growth_rec"
2306,0.0137298342409833,1,"temp","growth_rec"
2307,0.169191958721607,1,"temp","growth_rec"
2308,0.17647460248161,1,"temp","growth_rec"
2309,0.604612878414181,1,"temp","growth_rec"
2310,0.19044018576005,1,"temp","growth_rec"
2311,0.201713571544522,1,"temp","growth_rec"
2312,0.272497795725209,1,"temp","growth_rec"
2313,0.232351070843855,1,"temp","growth_rec"
2314,0.216602834911269,1,"temp","growth_rec"
2315,0.286446614684169,1,"temp","growth_rec"
2316,0.105667793786983,1,"temp","growth_rec"
2317,0.114948350141614,1,"temp","growth_rec"
2318,0.12509447387234,1,"temp","growth_rec"
2319,0.0546607959626257,1,"temp","growth_rec"
2320,0.0747177898962245,1,"temp","growth_rec"
2321,0.314496879651653,1,"temp","growth_rec"
2322,0.300456007493582,1,"temp","growth_rec"
2323,0.108248044231498,1,"temp","growth_rec"
2324,0.0502381519055685,1,"temp","growth_rec"
2325,0.0761734054914308,1,"temp","growth_rec"
2326,0.0886847533308846,1,"temp","growth_rec"
2327,0.098752194358905,1,"temp","growth_rec"
2328,0.103379128753859,1,"temp","growth_rec"
2329,0.789941900059399,1,"temp","growth_rec"
2330,0.527179800881499,1,"temp","growth_rec"
2331,0.455763501445378,1,"temp","growth_rec"
2332,0.357640927765323,1,"temp","growth_rec"
2333,0.298481102755655,1,"temp","growth_rec"
2334,0.0198896714531544,1,"temp","growth_rec"
2335,0.00339600122333242,1,"temp","growth_rec"
2336,0.0127834993924257,1,"temp","growth_rec"
2337,0.0265874580911451,1,"temp","growth_rec"
2338,0.0458252675334842,1,"temp","growth_rec"
2339,0.0595548491841307,1,"temp","growth_rec"
2340,0.00593886178536211,1,"temp","growth_rec"
2341,0.00453565415733824,1,"temp","growth_rec"
2342,0.0677589534491039,1,"temp","growth_rec"
2343,0.478099726888758,1,"temp","growth_rec"
2344,0.325449300305474,1,"temp","growth_rec"
2345,1.32039641597081,1,"temp","growth_rec"
2346,0.722173944711576,1,"temp","growth_rec"
2347,0.209158972448193,1,"temp","growth_rec"
2348,0.205469444849576,1,"temp","growth_rec"
2349,0.215023750660409,1,"temp","growth_rec"
2350,0.185538979049697,1,"temp","growth_rec"
2351,0.0722089564494197,1,"temp","growth_rec"
2352,0.0818601688628105,1,"temp","growth_rec"
2353,0.100660168863084,1,"temp","growth_rec"
2354,0.125183968637406,1,"temp","growth_rec"
2355,0.457467342330177,1,"temp","growth_rec"
2356,0.346663204303782,1,"temp","growth_rec"
2357,0.27600209625085,1,"temp","growth_rec"
2358,0.232809225063433,1,"temp","growth_rec"
2359,0.0901986837392423,1,"temp","growth_rec"
2360,0.0998250158245601,1,"temp","growth_rec"
2361,0.106927062588088,1,"temp","growth_rec"
2362,0.0474840057856487,1,"temp","growth_rec"
2363,0.0245254034460579,1,"temp","growth_rec"
2364,0.0411734093319797,1,"temp","growth_rec"
2365,0.051805906352885,1,"temp","growth_rec"
2366,0.23755209769263,1,"temp","growth_rec"
2367,0.0883115772694381,1,"temp","growth_rec"
2368,0.359151165395435,1,"temp","growth_rec"
2369,0.9525540268519,1,"temp","growth_rec"
2370,0.594078380405736,1,"temp","growth_rec"
2371,0.608498847605237,1,"temp","growth_rec"
2372,0.448738868074162,1,"temp","growth_rec"
2373,0.339078201053995,1,"temp","growth_rec"
2374,0.333814783161022,1,"temp","growth_rec"
2375,1.64860113219832,1,"temp","growth_rec"
2376,1.74219951917726,1,"temp","growth_rec"
2377,0.475712804024347,1,"temp","growth_rec"
2378,0.0181264851922421,1,"temp","growth_rec"
2379,0.0293465641222647,1,"temp","growth_rec"
2380,0.00368618724022248,1,"temp","growth_rec"
2381,0.00930650619291303,1,"temp","growth_rec"
2382,0.126989356135815,1,"temp","growth_rec"
2383,0.769287250347723,1,"temp","growth_rec"
2384,0.481987347497634,1,"temp","growth_rec"
2385,0.344392116810106,1,"temp","growth_rec"
2386,0.272956763414227,1,"temp","growth_rec"
2387,0.262601918046757,1,"temp","growth_rec"
2388,0.236711181444746,1,"temp","growth_rec"
2389,0.208275699141146,1,"temp","growth_rec"
2390,0.0149769940452064,1,"temp","growth_rec"
2391,0.0961483388220444,1,"temp","growth_rec"
2392,0.0450131816581931,1,"temp","growth_rec"
2393,0.0691032787000539,1,"temp","growth_rec"
2394,0.301630465249733,1,"temp","growth_rec"
2395,0.247812261035853,1,"temp","growth_rec"
2396,1.31788401669801,1,"temp","growth_rec"
2397,0.0641655312149878,1,"temp","growth_rec"
2398,0.0917371929723538,1,"temp","growth_rec"
2399,0.153400512035805,1,"temp","growth_rec"
2400,1.10750512445843,1,"temp","growth_rec"
2401,0.683080033027612,1,"temp","growth_rec"
2402,0.711485457103252,1,"temp","growth_rec"
2403,0.510379072790813,1,"temp","growth_rec"
2404,0.0323084644220288,1,"temp","growth_rec"
2405,0.0578558287262578,1,"temp","growth_rec"
2406,0.523767637356563,1,"temp","growth_rec"
2407,0.468224037481727,1,"temp","growth_rec"
2408,1.92373790508874,1,"temp","growth_rec"
2409,1.11479693594654,1,"temp","growth_rec"
2410,0.710184865298462,1,"temp","growth_rec"
2411,2.5220505257637,1,"temp","growth_rec"
2412,1.43938674058101,1,"temp","growth_rec"
2413,2.35445617001953,1,"temp","growth_rec"
2414,1.31475568304082,1,"temp","growth_rec"
2415,0.813502458600894,1,"temp","growth_rec"
2416,1.59691020551264,1,"temp","growth_rec"
2417,0.838790967360686,1,"temp","growth_rec"
2418,1.16927963582655,1,"temp","growth_rec"
2419,0.680609668351148,1,"temp","growth_rec"
2420,0.167609901657364,1,"temp","growth_rec"
2421,0.769995782045074,1,"temp","growth_rec"
2422,0.180096650327252,1,"temp","growth_rec"
2423,0.139922472361717,1,"temp","growth_rec"
2424,0.665778970714357,1,"temp","growth_rec"
2425,0.863998846692154,1,"temp","growth_rec"
2426,0.445019824511876,1,"temp","growth_rec"
2427,0.835274737427812,1,"temp","growth_rec"
2428,0.489788780544615,1,"temp","growth_rec"
2429,0.700521269755108,1,"temp","growth_rec"
2430,0.397784828385813,1,"temp","growth_rec"
2431,0.477161060253319,1,"temp","growth_rec"
2432,0.10420564687446,1,"temp","growth_rec"
2433,0.033102609163913,1,"temp","growth_rec"
2434,0.0322012841480411,1,"temp","growth_rec"
2435,0.0377438209099938,1,"temp","growth_rec"
2436,0.0413379981257433,1,"temp","growth_rec"
2437,0.179520541910631,1,"temp","growth_rec"
2438,0.226281226409962,1,"temp","growth_rec"
2439,0.0853881306331813,1,"temp","growth_rec"
2440,0.115051782978711,1,"temp","growth_rec"
2441,0.053530106938526,1,"temp","growth_rec"
2442,0.535580554170264,1,"temp","growth_rec"
2443,1.94170996184019,1,"temp","growth_rec"
2444,1.18095208845237,1,"temp","growth_rec"
2445,1.07126082239291,1,"temp","growth_rec"
2446,0.0571206007538583,1,"temp","growth_rec"
2447,0.0863064816673642,1,"temp","growth_rec"
2448,0.103058651167541,1,"temp","growth_rec"
2449,0.048493508491583,1,"temp","growth_rec"
2450,0.490397828708091,1,"temp","growth_rec"
2451,1.18457049375418,1,"temp","growth_rec"
2452,0.706350989079471,1,"temp","growth_rec"
2453,2.18847355657397,1,"temp","growth_rec"
2454,1.91906863501022,1,"temp","growth_rec"
2455,0.932166246056424,1,"temp","growth_rec"
2456,0.546456563168939,1,"temp","growth_rec"
2457,0.368335938184861,1,"temp","growth_rec"
2458,0.117753176666655,1,"temp","growth_rec"
2459,0.167884688160033,1,"temp","growth_rec"
2460,0.178561050388827,1,"temp","growth_rec"
2461,0.939857971882077,1,"temp","growth_rec"
2462,0.647632984327007,1,"temp","growth_rec"
2463,1.48354166218077,1,"temp","growth_rec"
2464,0.740637004873546,1,"temp","growth_rec"
2465,1.25531429171756,1,"temp","growth_rec"
2466,0.593536158349643,1,"temp","growth_rec"
2467,0.362740081369552,1,"temp","growth_rec"
2468,0.286546190189133,1,"temp","growth_rec"
2469,0.198312936470315,1,"temp","growth_rec"
2470,0.180626234812592,1,"temp","growth_rec"
2471,0.0610170413887856,1,"temp","growth_rec"
2472,0.42021590166142,1,"temp","growth_rec"
2473,0.299592164131954,1,"temp","growth_rec"
2474,0.237968197947353,1,"temp","growth_rec"
2475,0.26303453275346,1,"temp","growth_rec"
2476,0.221836378260111,1,"temp","growth_rec"
2477,0.0767180578226998,1,"temp","growth_rec"
2478,0.0346678127526815,1,"temp","growth_rec"
2479,0.163826684771088,1,"temp","growth_rec"
2480,0.061495144101063,1,"temp","growth_rec"
2481,0.498160775012093,1,"temp","growth_rec"
2482,1.24459764361293,1,"temp","growth_rec"
2483,0.77344637224591,1,"temp","growth_rec"
2484,0.0381354322240399,1,"temp","growth_rec"
2485,0.0726046437633906,1,"temp","growth_rec"
2486,0.0805014318209274,1,"temp","growth_rec"
2487,0.0890900685185466,1,"temp","growth_rec"
2488,0.657257839276725,1,"temp","growth_rec"
2489,0.194142626747315,1,"temp","growth_rec"
2490,0.0141079847289025,1,"temp","growth_rec"
2491,0.191452457776704,1,"temp","growth_rec"
2492,0.169608269635917,1,"temp","growth_rec"
2493,0.176480339429289,1,"temp","growth_rec"
2494,0.0707251509028458,1,"temp","growth_rec"
2495,0.0810734715484581,1,"temp","growth_rec"
2496,0.0398128972264968,1,"temp","growth_rec"
2497,0.0535886021528601,1,"temp","growth_rec"
2498,0.0680541691928029,1,"temp","growth_rec"
2499,0.0832759250314985,1,"temp","growth_rec"
2500,0.0951873398912742,1,"temp","growth_rec"
