"","cover","species","climsim"
"1",0.0248953289715216,"BOGR","obs"
"2",0.0203551470181566,"BOGR","obs"
"3",0.0720002791762483,"BOGR","obs"
"4",0.27894721949666,"BOGR","obs"
"5",0.289075368433346,"BOGR","obs"
"6",0.44703379527233,"BOGR","obs"
"7",0.260247067260871,"BOGR","obs"
"8",0.317451149455106,"BOGR","obs"
"9",0.0801850447293646,"BOGR","obs"
"10",0.231375410699268,"BOGR","obs"
"11",0.425041814185704,"BOGR","obs"
"12",0.147119095644004,"BOGR","obs"
"13",0.298063107668819,"BOGR","obs"
"14",0.833058186383686,"BOGR","obs"
"15",0.605889605971145,"BOGR","obs"
"16",0.362361520102645,"BOGR","obs"
"17",0.326996048152265,"BOGR","obs"
"18",0.329347145385139,"BOGR","obs"
"19",0.710169991681537,"BOGR","obs"
"20",0.712836866791728,"BOGR","obs"
"21",0.251847814403291,"BOGR","obs"
"22",0.0579010485927317,"BOGR","obs"
"23",0.078518136031693,"BOGR","obs"
"24",0.131906737214694,"BOGR","obs"
"25",0.120388028921054,"BOGR","obs"
"26",0.0362102703566294,"BOGR","obs"
"27",0.0184229969464012,"BOGR","obs"
"28",0.0146260165036391,"BOGR","obs"
"29",0.00943367266040166,"BOGR","obs"
"30",0.00223447065206956,"BOGR","obs"
"31",0.00131088371739978,"BOGR","obs"
"32",0.00448144614380841,"BOGR","obs"
"33",0.00138554462178456,"BOGR","obs"
"34",0.0132498860127705,"BOGR","obs"
"35",0.0192303009358544,"BOGR","obs"
"36",0.00682315489271793,"BOGR","obs"
"37",0.0100116845577271,"BOGR","obs"
"38",0.00408856884054108,"BOGR","obs"
"39",0.00780526425390752,"BOGR","obs"
"40",0.00323254804419729,"BOGR","obs"
"41",0.00902595143729507,"BOGR","obs"
"42",0.0135432896419486,"BOGR","obs"
"43",0.0617571800904502,"BOGR","obs"
"44",0.0896933847407535,"BOGR","obs"
"45",0.215637822378838,"BOGR","obs"
"46",0.135428082631501,"BOGR","obs"
"47",0.048233476578046,"BOGR","obs"
"48",0.060362347074942,"BOGR","obs"
"49",0.0184394296768758,"BOGR","obs"
"50",0.0215720393644896,"BOGR","obs"
"51",0.0108868804348448,"BOGR","obs"
"52",0.0189165048382623,"BOGR","obs"
"53",0.00930977281776193,"BOGR","obs"
"54",0.0266097677937519,"BOGR","obs"
"55",0.027049106319273,"BOGR","obs"
"56",0.0129660571309599,"BOGR","obs"
"57",0.0221742246381533,"BOGR","obs"
"58",0.0592970590274059,"BOGR","obs"
"59",0.00740736784545775,"BOGR","obs"
"60",0.0477941414799591,"BOGR","obs"
"61",0.111042158611877,"BOGR","obs"
"62",0.206386141256165,"BOGR","obs"
"63",0.248709752092954,"BOGR","obs"
"64",0.760258172702853,"BOGR","obs"
"65",0.51040902135311,"BOGR","obs"
"66",0.406793973126243,"BOGR","obs"
"67",0.331072116638086,"BOGR","obs"
"68",0.322703369689538,"BOGR","obs"
"69",0.017189000333677,"BOGR","obs"
"70",0.016800074294245,"BOGR","obs"
"71",0.0222290570261895,"BOGR","obs"
"72",0.022082899955458,"BOGR","obs"
"73",0.00541659726774917,"BOGR","obs"
"74",0.00397740370472989,"BOGR","obs"
"75",0.00579001175898277,"BOGR","obs"
"76",0.00188800665271023,"BOGR","obs"
"77",0.00192079066955263,"BOGR","obs"
"78",0.00259208768003413,"BOGR","obs"
"79",0.00175411307764703,"BOGR","obs"
"80",0.000932653723825391,"BOGR","obs"
"81",0.000198886347582834,"BOGR","obs"
"82",0.000425549406705613,"BOGR","obs"
"83",0.000931061202167229,"BOGR","obs"
"84",0.00227928788425505,"BOGR","obs"
"85",0.00406858180585496,"BOGR","obs"
"86",0.00920135425220051,"BOGR","obs"
"87",0.00467779333073408,"BOGR","obs"
"88",0.00324449022707262,"BOGR","obs"
"89",0.00519129019810124,"BOGR","obs"
"90",0.00462376254380253,"BOGR","obs"
"91",0.00434936285538542,"BOGR","obs"
"92",0.00404429620360499,"BOGR","obs"
"93",0.00223831808403737,"BOGR","obs"
"94",0.00263469638250747,"BOGR","obs"
"95",0.00537421805270269,"BOGR","obs"
"96",0.0292343054475599,"BOGR","obs"
"97",0.0105621549016246,"BOGR","obs"
"98",0.0222221938277187,"BOGR","obs"
"99",0.0429929820561822,"BOGR","obs"
"100",0.094737261263774,"BOGR","obs"
"101",0.069321346885622,"BOGR","obs"
"102",0.137315378985649,"BOGR","obs"
"103",0.105469438881445,"BOGR","obs"
"104",0.00894341201389031,"BOGR","obs"
"105",0.0180147807660173,"BOGR","obs"
"106",0.0710431176490667,"BOGR","obs"
"107",0.241875535873839,"BOGR","obs"
"108",0.26077284261045,"BOGR","obs"
"109",0.239407506835722,"BOGR","obs"
"110",0.127229221982995,"BOGR","obs"
"111",0.158133845290554,"BOGR","obs"
"112",0.0738395862744177,"BOGR","obs"
"113",0.0418168332969403,"BOGR","obs"
"114",0.0069718137213491,"BOGR","obs"
"115",0.00424096607673106,"BOGR","obs"
"116",0.00151124572555161,"BOGR","obs"
"117",0.00305769638844528,"BOGR","obs"
"118",0.00380640580188899,"BOGR","obs"
"119",0.00445793683893324,"BOGR","obs"
"120",0.00319408413022174,"BOGR","obs"
"121",0.00193568402330603,"BOGR","obs"
"122",0.00478704423963221,"BOGR","obs"
"123",0.00786479611637375,"BOGR","obs"
"124",0.0064979471071153,"BOGR","obs"
"125",0.00679778245418617,"BOGR","obs"
"126",0.00264647765537678,"BOGR","obs"
"127",0.00337833355257438,"BOGR","obs"
"128",0.0154600716535058,"BOGR","obs"
"129",0.0116990486107836,"BOGR","obs"
"130",0.0274566713781846,"BOGR","obs"
"131",0.0636457939360999,"BOGR","obs"
"132",0.0802136854419214,"BOGR","obs"
"133",0.0221593679664174,"BOGR","obs"
"134",0.004286815987416,"BOGR","obs"
"135",0.00606672653639801,"BOGR","obs"
"136",0.00691467069930997,"BOGR","obs"
"137",0.00287914672997368,"BOGR","obs"
"138",0.00566178512008324,"BOGR","obs"
"139",0.00315508489163988,"BOGR","obs"
"140",0.00272692468966029,"BOGR","obs"
"141",0.00165921462355053,"BOGR","obs"
"142",0.00768170625805279,"BOGR","obs"
"143",0.00711491838397172,"BOGR","obs"
"144",0.0483227174048818,"BOGR","obs"
"145",0.050699029905309,"BOGR","obs"
"146",0.0836067965416863,"BOGR","obs"
"147",0.0959971878079689,"BOGR","obs"
"148",0.113841600234189,"BOGR","obs"
"149",0.067058381896745,"BOGR","obs"
"150",0.107560771448652,"BOGR","obs"
"151",0.0402944476363837,"BOGR","obs"
"152",0.0375291013950008,"BOGR","obs"
"153",0.0222295621776298,"BOGR","obs"
"154",0.001296461926536,"BOGR","obs"
"155",0.00131406678245772,"BOGR","obs"
"156",0.00117836847596866,"BOGR","obs"
"157",0.000800637565145478,"BOGR","obs"
"158",0.0055745992700933,"BOGR","obs"
"159",0.00551329289363997,"BOGR","obs"
"160",0.00536284914611206,"BOGR","obs"
"161",0.00456714267903461,"BOGR","obs"
"162",0.00881242586246532,"BOGR","obs"
"163",0.0184503984534319,"BOGR","obs"
"164",0.00715717489133459,"BOGR","obs"
"165",0.0059566108903558,"BOGR","obs"
"166",0.00237450111427247,"BOGR","obs"
"167",0.000621222348970094,"BOGR","obs"
"168",0.00161146866580645,"BOGR","obs"
"169",0.00560681565456371,"BOGR","obs"
"170",0.00537453365331285,"BOGR","obs"
"171",0.00249739767038068,"BOGR","obs"
"172",0.0105684185207716,"BOGR","obs"
"173",0.0136773173753715,"BOGR","obs"
"174",0.0117494038436984,"BOGR","obs"
"175",0.0098469106417959,"BOGR","obs"
"176",0.0305144189390883,"BOGR","obs"
"177",0.0787811520967264,"BOGR","obs"
"178",0.0580930688268779,"BOGR","obs"
"179",0.0262858977081901,"BOGR","obs"
"180",0.0177843326150181,"BOGR","obs"
"181",0.00840971775088423,"BOGR","obs"
"182",0.00811610478140589,"BOGR","obs"
"183",0.00330199089946737,"BOGR","obs"
"184",0.0127405258807053,"BOGR","obs"
"185",0.013036048294908,"BOGR","obs"
"186",0.0206606190129823,"BOGR","obs"
"187",0.00742289834574161,"BOGR","obs"
"188",0.00630378829638131,"BOGR","obs"
"189",0.00638733258839833,"BOGR","obs"
"190",0.0236767161059565,"BOGR","obs"
"191",0.050122339965584,"BOGR","obs"
"192",0.0991061638105063,"BOGR","obs"
"193",0.0492371815193531,"BOGR","obs"
"194",0.0900543750156826,"BOGR","obs"
"195",0.0520568657021583,"BOGR","obs"
"196",0.0611729677648635,"BOGR","obs"
"197",0.0237157142142979,"BOGR","obs"
"198",0.0261905121193164,"BOGR","obs"
"199",0.0714167106371111,"BOGR","obs"
"200",0.0300340660134599,"BOGR","obs"
"201",0.10641028809211,"BOGR","obs"
"202",0.0110713105553621,"BOGR","obs"
"203",0.028164555907246,"BOGR","obs"
"204",0.0106038133393685,"BOGR","obs"
"205",0.00263117630190776,"BOGR","obs"
"206",0.00443432549324687,"BOGR","obs"
"207",0.0249739743039099,"BOGR","obs"
"208",0.0219884315680871,"BOGR","obs"
"209",0.0383996782056805,"BOGR","obs"
"210",0.0322298927551912,"BOGR","obs"
"211",0.0260305811920269,"BOGR","obs"
"212",0.0313060345280431,"BOGR","obs"
"213",0.0138448394546162,"BOGR","obs"
"214",0.0081220312235075,"BOGR","obs"
"215",0.00779019362116879,"BOGR","obs"
"216",0.0220155465755772,"BOGR","obs"
"217",0.0168312275071955,"BOGR","obs"
"218",0.026957340216808,"BOGR","obs"
"219",0.0272876920495748,"BOGR","obs"
"220",0.0146620970036037,"BOGR","obs"
"221",0.0251848805346658,"BOGR","obs"
"222",0.100940298883171,"BOGR","obs"
"223",0.0135826377568354,"BOGR","obs"
"224",0.0184503519274313,"BOGR","obs"
"225",0.0739883248983013,"BOGR","obs"
"226",0.320173145487467,"BOGR","obs"
"227",0.350108730784801,"BOGR","obs"
"228",0.0393121273473212,"BOGR","obs"
"229",0.167410840103388,"BOGR","obs"
"230",0.0897656667689109,"BOGR","obs"
"231",0.18373819779666,"BOGR","obs"
"232",0.0528315194561862,"BOGR","obs"
"233",0.0303713547587511,"BOGR","obs"
"234",0.0470921227055256,"BOGR","obs"
"235",0.0589559464308991,"BOGR","obs"
"236",0.0613211968378425,"BOGR","obs"
"237",0.0729913650457483,"BOGR","obs"
"238",0.0680149794992999,"BOGR","obs"
"239",0.0689818683354992,"BOGR","obs"
"240",0.145713753650689,"BOGR","obs"
"241",0.126490142334201,"BOGR","obs"
"242",0.671004399371904,"BOGR","obs"
"243",0.979660395927261,"BOGR","obs"
"244",0.889913796848346,"BOGR","obs"
"245",0.795739390106716,"BOGR","obs"
"246",0.910437901213105,"BOGR","obs"
"247",0.536730760205462,"BOGR","obs"
"248",0.310538570464746,"BOGR","obs"
"249",0.229052313460503,"BOGR","obs"
"250",0.276766344177659,"BOGR","obs"
"251",0.610015519282362,"BOGR","obs"
"252",0.132812005380736,"BOGR","obs"
"253",0.0733543868802254,"BOGR","obs"
"254",0.0757052959048718,"BOGR","obs"
"255",0.0195552301022717,"BOGR","obs"
"256",0.00559864248970494,"BOGR","obs"
"257",0.0031842550266741,"BOGR","obs"
"258",0.00601876015250242,"BOGR","obs"
"259",0.00480820579429795,"BOGR","obs"
"260",0.0504704540864062,"BOGR","obs"
"261",0.0527673913676147,"BOGR","obs"
"262",0.121385704986472,"BOGR","obs"
"263",0.0367279834873378,"BOGR","obs"
"264",0.181624659786708,"BOGR","obs"
"265",0.145174024761134,"BOGR","obs"
"266",0.193294098493199,"BOGR","obs"
"267",0.159839532202374,"BOGR","obs"
"268",0.276910117144763,"BOGR","obs"
"269",0.243451861626891,"BOGR","obs"
"270",0.151206045084113,"BOGR","obs"
"271",0.30439517928348,"BOGR","obs"
"272",0.303898578452465,"BOGR","obs"
"273",0.154587974584376,"BOGR","obs"
"274",0.0534767341318385,"BOGR","obs"
"275",0.0645147334913454,"BOGR","obs"
"276",0.0239999624748292,"BOGR","obs"
"277",0.0293316799446624,"BOGR","obs"
"278",0.037691972856581,"BOGR","obs"
"279",0.0100790401904616,"BOGR","obs"
"280",0.0324008521954451,"BOGR","obs"
"281",0.0946145220702953,"BOGR","obs"
"282",0.162487269084085,"BOGR","obs"
"283",0.0192500558631521,"BOGR","obs"
"284",0.0770262754098739,"BOGR","obs"
"285",0.00680694588326549,"BOGR","obs"
"286",0.0072317771348558,"BOGR","obs"
"287",0.00214133252785288,"BOGR","obs"
"288",0.00179934866870504,"BOGR","obs"
"289",0.00517397101182184,"BOGR","obs"
"290",0.0039381330699324,"BOGR","obs"
"291",0.00637312980603862,"BOGR","obs"
"292",0.00653216294435323,"BOGR","obs"
"293",0.00832697563084165,"BOGR","obs"
"294",0.0236033570616618,"BOGR","obs"
"295",0.0168353023994954,"BOGR","obs"
"296",0.0407755059243777,"BOGR","obs"
"297",0.00662454945917422,"BOGR","obs"
"298",0.00783984183398349,"BOGR","obs"
"299",0.0237214309413502,"BOGR","obs"
"300",0.126186138625103,"BOGR","obs"
"301",0.212632689642364,"BOGR","obs"
"302",0.299794697701726,"BOGR","obs"
"303",0.304098170635103,"BOGR","obs"
"304",0.31337498935913,"BOGR","obs"
"305",0.303758102247519,"BOGR","obs"
"306",0.154734086637383,"BOGR","obs"
"307",0.494963878184822,"BOGR","obs"
"308",0.207723747676981,"BOGR","obs"
"309",0.053754118069484,"BOGR","obs"
"310",0.032396929189588,"BOGR","obs"
"311",0.0403850799835354,"BOGR","obs"
"312",0.0484766970590846,"BOGR","obs"
"313",0.0417397865871957,"BOGR","obs"
"314",0.0195648830430611,"BOGR","obs"
"315",0.00801830873039388,"BOGR","obs"
"316",0.010744353268119,"BOGR","obs"
"317",0.00728718904888607,"BOGR","obs"
"318",0.00503817345303533,"BOGR","obs"
"319",0.00221566726219139,"BOGR","obs"
"320",0.00230438363199908,"BOGR","obs"
"321",0.00316354760947961,"BOGR","obs"
"322",0.0069672641036662,"BOGR","obs"
"323",0.0217116760504688,"BOGR","obs"
"324",0.0279412932098856,"BOGR","obs"
"325",0.00922272155290974,"BOGR","obs"
"326",0.00831444955295645,"BOGR","obs"
"327",0.00246208378091278,"BOGR","obs"
"328",0.00181396672942539,"BOGR","obs"
"329",0.00260848481252107,"BOGR","obs"
"330",0.00319581647449269,"BOGR","obs"
"331",0.00278499549620083,"BOGR","obs"
"332",0.0027187386398391,"BOGR","obs"
"333",0.00849952062948583,"BOGR","obs"
"334",0.0419876963038993,"BOGR","obs"
"335",0.0248552710910008,"BOGR","obs"
"336",0.00806357435747307,"BOGR","obs"
"337",0.00714085505812703,"BOGR","obs"
"338",0.0119435913133163,"BOGR","obs"
"339",0.0105840868186606,"BOGR","obs"
"340",0.0133462425557079,"BOGR","obs"
"341",0.028560557411737,"BOGR","obs"
"342",0.038324897311997,"BOGR","obs"
"343",0.00983386745105973,"BOGR","obs"
"344",0.0487921290707142,"BOGR","obs"
"345",0.0348019288766858,"BOGR","obs"
"346",0.0753587263018137,"BOGR","obs"
"347",0.0535283969528174,"BOGR","obs"
"348",0.0612338062911456,"BOGR","obs"
"349",0.0840219589874067,"BOGR","obs"
"350",0.0841286971512614,"BOGR","obs"
"351",0.0661950631755131,"BOGR","obs"
"352",0.278936281576378,"BOGR","obs"
"353",0.124785749098743,"BOGR","obs"
"354",0.074281243065634,"BOGR","obs"
"355",0.0132589732546128,"BOGR","obs"
"356",0.00671748625431466,"BOGR","obs"
"357",0.00752656011126303,"BOGR","obs"
"358",0.00890940351163056,"BOGR","obs"
"359",0.0248882987862806,"BOGR","obs"
"360",0.0447824241535776,"BOGR","obs"
"361",0.107568473318231,"BOGR","obs"
"362",0.117397783728962,"BOGR","obs"
"363",0.0947183424943118,"BOGR","obs"
"364",0.174333819358441,"BOGR","obs"
"365",0.104432376070983,"BOGR","obs"
"366",0.0470265475671258,"BOGR","obs"
"367",0.011143417917995,"BOGR","obs"
"368",0.00660464613849297,"BOGR","obs"
"369",0.010172985813801,"BOGR","obs"
"370",0.0121116231981911,"BOGR","obs"
"371",0.0197406982459955,"BOGR","obs"
"372",0.00865082291113563,"BOGR","obs"
"373",0.00803881670816903,"BOGR","obs"
"374",0.0243870914123519,"BOGR","obs"
"375",0.0154322859038242,"BOGR","obs"
"376",0.0158553459219634,"BOGR","obs"
"377",0.0204930871189825,"BOGR","obs"
"378",0.00654064845212848,"BOGR","obs"
"379",0.0164291927344682,"BOGR","obs"
"380",0.0433869549565378,"BOGR","obs"
"381",0.106089203158416,"BOGR","obs"
"382",0.0189468753231517,"BOGR","obs"
"383",0.0112890076429132,"BOGR","obs"
"384",0.0124697790208626,"BOGR","obs"
"385",0.0610801612580525,"BOGR","obs"
"386",0.021488513756206,"BOGR","obs"
"387",0.0164072899640995,"BOGR","obs"
"388",0.00888214607987895,"BOGR","obs"
"389",0.0160003946699439,"BOGR","obs"
"390",0.00436742720001585,"BOGR","obs"
"391",0.0017184002574009,"BOGR","obs"
"392",9.00031860855562e-05,"BOGR","obs"
"393",0.000178252467002203,"BOGR","obs"
"394",0.000126903585415347,"BOGR","obs"
"395",5.16979773908261e-05,"BOGR","obs"
"396",6.75863551053644e-05,"BOGR","obs"
"397",0.00030881044893882,"BOGR","obs"
"398",0.000489851907470963,"BOGR","obs"
"399",0.000577703415527335,"BOGR","obs"
"400",0.000412778241781282,"BOGR","obs"
"401",0.00404560956561277,"BOGR","obs"
"402",0.00226010879026618,"BOGR","obs"
"403",0.000725775884490191,"BOGR","obs"
"404",0.00398607568587815,"BOGR","obs"
"405",0.00628343550082468,"BOGR","obs"
"406",0.0039495284693592,"BOGR","obs"
"407",0.00765360458399674,"BOGR","obs"
"408",0.00794329491045921,"BOGR","obs"
"409",0.000977022786022651,"BOGR","obs"
"410",0.000331041029683505,"BOGR","obs"
"411",0.000621504260807359,"BOGR","obs"
"412",0.00130543964487562,"BOGR","obs"
"413",0.00280807274640451,"BOGR","obs"
"414",0.00375694229114546,"BOGR","obs"
"415",0.0028788555509589,"BOGR","obs"
"416",0.000867341213494457,"BOGR","obs"
"417",0.00139678349953692,"BOGR","obs"
"418",0.00118131264999907,"BOGR","obs"
"419",0.0233763086766301,"BOGR","obs"
"420",0.0046626537817312,"BOGR","obs"
"421",0.0041260149170405,"BOGR","obs"
"422",0.00269586823018033,"BOGR","obs"
"423",0.00488499056339847,"BOGR","obs"
"424",0.0070685006427352,"BOGR","obs"
"425",0.0191892645080753,"BOGR","obs"
"426",0.00794540252020365,"BOGR","obs"
"427",0.00323931332216484,"BOGR","obs"
"428",0.0025789787652702,"BOGR","obs"
"429",0.000592207918351559,"BOGR","obs"
"430",0.0016986409024741,"BOGR","obs"
"431",0.000737226314357268,"BOGR","obs"
"432",0.00116045052913518,"BOGR","obs"
"433",0.000794417849747071,"BOGR","obs"
"434",0.00115392531485066,"BOGR","obs"
"435",0.00212762198457071,"BOGR","obs"
"436",0.00222834276153714,"BOGR","obs"
"437",0.00460960513855084,"BOGR","obs"
"438",0.00626679505752679,"BOGR","obs"
"439",0.0111949539344661,"BOGR","obs"
"440",0.00509999953009013,"BOGR","obs"
"441",0.00993216670807656,"BOGR","obs"
"442",0.0162750623250947,"BOGR","obs"
"443",0.00739516765365512,"BOGR","obs"
"444",0.00107123834929632,"BOGR","obs"
"445",0.000915331875256423,"BOGR","obs"
"446",0.00327822347565928,"BOGR","obs"
"447",0.00237293500945688,"BOGR","obs"
"448",0.00281820770162782,"BOGR","obs"
"449",0.00258936748284506,"BOGR","obs"
"450",0.00146744887211784,"BOGR","obs"
"451",0.00097901528841144,"BOGR","obs"
"452",0.00107662100828392,"BOGR","obs"
"453",0.00109953589498226,"BOGR","obs"
"454",0.000404265805361054,"BOGR","obs"
"455",0.00128043398433361,"BOGR","obs"
"456",0.00268731204298322,"BOGR","obs"
"457",0.0168976636557347,"BOGR","obs"
"458",0.00689149945592532,"BOGR","obs"
"459",0.00450330986655968,"BOGR","obs"
"460",0.00569719166802389,"BOGR","obs"
"461",0.0011513934468828,"BOGR","obs"
"462",0.000608136731011456,"BOGR","obs"
"463",0.00654638653306345,"BOGR","obs"
"464",0.0293100605460007,"BOGR","obs"
"465",0.0382255108292216,"BOGR","obs"
"466",0.131795348673493,"BOGR","obs"
"467",0.519091053586624,"BOGR","obs"
"468",0.787112206483216,"BOGR","obs"
"469",0.259069929590245,"BOGR","obs"
"470",0.179075449437666,"BOGR","obs"
"471",0.0280549575723563,"BOGR","obs"
"472",0.0133802828548963,"BOGR","obs"
"473",0.011287933998781,"BOGR","obs"
"474",0.0237156412103186,"BOGR","obs"
"475",0.0765262665864825,"BOGR","obs"
"476",0.127751078033564,"BOGR","obs"
"477",0.200833955978502,"BOGR","obs"
"478",0.152962002735107,"BOGR","obs"
"479",0.144638055593267,"BOGR","obs"
"480",0.410555577376864,"BOGR","obs"
"481",0.228888622102644,"BOGR","obs"
"482",0.18451180649367,"BOGR","obs"
"483",0.387345059271244,"BOGR","obs"
"484",0.079027652463544,"BOGR","obs"
"485",0.0523442436228561,"BOGR","obs"
"486",0.08403024617481,"BOGR","obs"
"487",0.0741654863481604,"BOGR","obs"
"488",0.271504457364552,"BOGR","obs"
"489",0.227428944353932,"BOGR","obs"
"490",0.0926674490299354,"BOGR","obs"
"491",0.170027331348977,"BOGR","obs"
"492",0.148709224895937,"BOGR","obs"
"493",0.301019907790438,"BOGR","obs"
"494",0.305555103175423,"BOGR","obs"
"495",0.204048086922466,"BOGR","obs"
"496",0.206451826214395,"BOGR","obs"
"497",0.283726818474499,"BOGR","obs"
"498",0.0649502452233514,"BOGR","obs"
"499",0.0468175032018043,"BOGR","obs"
"500",0.0292425410682674,"BOGR","obs"
"501",0.329594153785263,"BOGR","obs"
"502",0.106906936964301,"BOGR","obs"
"503",0.0520193819664925,"BOGR","obs"
"504",0.0341965297202658,"BOGR","obs"
"505",0.0412049214754369,"BOGR","obs"
"506",0.0236221221776111,"BOGR","obs"
"507",0.0256451224678594,"BOGR","obs"
"508",0.134617060649096,"BOGR","obs"
"509",0.286578217863302,"BOGR","obs"
"510",0.40829028516934,"BOGR","obs"
"511",0.286568326088309,"BOGR","obs"
"512",0.109288546989367,"BOGR","obs"
"513",0.0497951141764482,"BOGR","obs"
"514",0.0303913264628812,"BOGR","obs"
"515",0.191187787544793,"BOGR","obs"
"516",0.881508401080378,"BOGR","obs"
"517",0.574892224758246,"BOGR","obs"
"518",0.415701161401988,"BOGR","obs"
"519",0.054402994870216,"BOGR","obs"
"520",0.0560064124877566,"BOGR","obs"
"521",0.324636349843372,"BOGR","obs"
"522",0.113307448761009,"BOGR","obs"
"523",0.136224264799744,"BOGR","obs"
"524",0.0337781470627179,"BOGR","obs"
"525",0.0789262365129689,"BOGR","obs"
"526",0.00819740818558172,"BOGR","obs"
"527",0.00434905423167359,"BOGR","obs"
"528",0.0023048711622753,"BOGR","obs"
"529",0.00191659954174172,"BOGR","obs"
"530",0.0166980289050939,"BOGR","obs"
"531",0.0288687797798817,"BOGR","obs"
"532",0.0195036616313867,"BOGR","obs"
"533",0.00626387234555242,"BOGR","obs"
"534",0.0068648201995445,"BOGR","obs"
"535",0.0168541946009371,"BOGR","obs"
"536",0.00525204068031336,"BOGR","obs"
"537",0.0103972035513512,"BOGR","obs"
"538",0.00733017060196246,"BOGR","obs"
"539",0.0469716718640083,"BOGR","obs"
"540",0.139622032535847,"BOGR","obs"
"541",0.0830954029158303,"BOGR","obs"
"542",0.0209475102813675,"BOGR","obs"
"543",0.0323035590365686,"BOGR","obs"
"544",0.00428795030038521,"BOGR","obs"
"545",0.00517556168757031,"BOGR","obs"
"546",0.0149629455259575,"BOGR","obs"
"547",0.0255236361137512,"BOGR","obs"
"548",0.212878934852629,"BOGR","obs"
"549",0.340891150273995,"BOGR","obs"
"550",0.133931439867499,"BOGR","obs"
"551",0.126087671359741,"BOGR","obs"
"552",0.378353265259027,"BOGR","obs"
"553",0.438188227140675,"BOGR","obs"
"554",0.0544320977432646,"BOGR","obs"
"555",0.0194994145113606,"BOGR","obs"
"556",0.00247040601855991,"BOGR","obs"
"557",0.00790212488546075,"BOGR","obs"
"558",0.00241417684890475,"BOGR","obs"
"559",0.00259857434335919,"BOGR","obs"
"560",0.00184245248866665,"BOGR","obs"
"561",0.00351127287793819,"BOGR","obs"
"562",0.00116615359169906,"BOGR","obs"
"563",0.000441737972909267,"BOGR","obs"
"564",0.000287478150932323,"BOGR","obs"
"565",0.00164099399246622,"BOGR","obs"
"566",0.00502153292179387,"BOGR","obs"
"567",0.00214401811147977,"BOGR","obs"
"568",0.00445642993394357,"BOGR","obs"
"569",0.00483555767157097,"BOGR","obs"
"570",0.0204808174211428,"BOGR","obs"
"571",0.0380442584479393,"BOGR","obs"
"572",0.0764730149055982,"BOGR","obs"
"573",0.0781123112860663,"BOGR","obs"
"574",0.162515020433373,"BOGR","obs"
"575",0.333507341650603,"BOGR","obs"
"576",0.813093207910337,"BOGR","obs"
"577",0.64244469817687,"BOGR","obs"
"578",0.255228647220919,"BOGR","obs"
"579",0.232239794426048,"BOGR","obs"
"580",0.166623549905454,"BOGR","obs"
"581",0.150762977907327,"BOGR","obs"
"582",0.0225147403082376,"BOGR","obs"
"583",0.0921558889480408,"BOGR","obs"
"584",0.0179847399699241,"BOGR","obs"
"585",0.0283153812409987,"BOGR","obs"
"586",0.0536587361639775,"BOGR","obs"
"587",0.0629569684143745,"BOGR","obs"
"588",0.0987553875500173,"BOGR","obs"
"589",0.0173287530221216,"BOGR","obs"
"590",0.0558622299561597,"BOGR","obs"
"591",0.0249853923249729,"BOGR","obs"
"592",0.0129524831960202,"BOGR","obs"
"593",0.0110614800059048,"BOGR","obs"
"594",0.00718322356265422,"BOGR","obs"
"595",0.0077308392515519,"BOGR","obs"
"596",0.006985264382253,"BOGR","obs"
"597",0.0256504571139809,"BOGR","obs"
"598",0.0129533017798566,"BOGR","obs"
"599",0.0388087544560117,"BOGR","obs"
"600",0.0386705508005081,"BOGR","obs"
"601",0.0133746413214621,"BOGR","obs"
"602",0.0164416646262019,"BOGR","obs"
"603",0.00760035024843349,"BOGR","obs"
"604",0.0140696777141901,"BOGR","obs"
"605",0.0101463295716564,"BOGR","obs"
"606",0.0199693100658719,"BOGR","obs"
"607",0.00561177333605216,"BOGR","obs"
"608",0.00858456390047078,"BOGR","obs"
"609",0.00719689004639673,"BOGR","obs"
"610",0.00418518126415542,"BOGR","obs"
"611",0.00395114987568435,"BOGR","obs"
"612",0.00465098505457273,"BOGR","obs"
"613",0.0102965356384029,"BOGR","obs"
"614",0.0109730637863845,"BOGR","obs"
"615",0.0192450006384089,"BOGR","obs"
"616",0.0380340269945572,"BOGR","obs"
"617",0.0191190237680872,"BOGR","obs"
"618",0.0234516006934147,"BOGR","obs"
"619",0.05316389082113,"BOGR","obs"
"620",0.0945240625235171,"BOGR","obs"
"621",0.175681027343409,"BOGR","obs"
"622",0.16177913730216,"BOGR","obs"
"623",0.0988860597100706,"BOGR","obs"
"624",0.229636895062292,"BOGR","obs"
"625",0.0281638411225845,"BOGR","obs"
"626",0.0292293686718848,"BOGR","obs"
"627",0.0797817553170458,"BOGR","obs"
"628",0.0971493513967265,"BOGR","obs"
"629",0.193823302050168,"BOGR","obs"
"630",0.168602488369929,"BOGR","obs"
"631",0.124883860625137,"BOGR","obs"
"632",0.209870582948149,"BOGR","obs"
"633",0.207173490363783,"BOGR","obs"
"634",0.0560400940439462,"BOGR","obs"
"635",0.212756494686393,"BOGR","obs"
"636",0.104063896512408,"BOGR","obs"
"637",0.250534893232957,"BOGR","obs"
"638",0.0735736983346401,"BOGR","obs"
"639",0.0719148907786021,"BOGR","obs"
"640",0.0641349920276327,"BOGR","obs"
"641",0.0162527791358922,"BOGR","obs"
"642",0.00230467142921261,"BOGR","obs"
"643",0.00144659587767391,"BOGR","obs"
"644",0.00129371044677785,"BOGR","obs"
"645",0.00176035144610667,"BOGR","obs"
"646",0.0154829934908448,"BOGR","obs"
"647",0.00268485317024064,"BOGR","obs"
"648",0.00267780863367683,"BOGR","obs"
"649",0.00692459532710377,"BOGR","obs"
"650",0.00463883611111061,"BOGR","obs"
"651",0.00542330228791462,"BOGR","obs"
"652",0.00306601348856119,"BOGR","obs"
"653",0.00101080868298223,"BOGR","obs"
"654",0.0155658733535691,"BOGR","obs"
"655",0.00314081941238748,"BOGR","obs"
"656",0.0064264515848224,"BOGR","obs"
"657",0.00778820468725284,"BOGR","obs"
"658",0.00134924844266734,"BOGR","obs"
"659",0.000222149781080758,"BOGR","obs"
"660",0.000266272980233264,"BOGR","obs"
"661",0.000786730830411176,"BOGR","obs"
"662",0.00122069274813806,"BOGR","obs"
"663",0.00310564362083557,"BOGR","obs"
"664",0.00901483751184069,"BOGR","obs"
"665",0.0178159628202408,"BOGR","obs"
"666",0.015548894567859,"BOGR","obs"
"667",0.0492047736556187,"BOGR","obs"
"668",0.157444022560159,"BOGR","obs"
"669",0.211022626465319,"BOGR","obs"
"670",0.338610599358753,"BOGR","obs"
"671",0.315471456957132,"BOGR","obs"
"672",0.345201087331571,"BOGR","obs"
"673",0.1963632026924,"BOGR","obs"
"674",0.0794083416082821,"BOGR","obs"
"675",0.0276443949470516,"BOGR","obs"
"676",0.239709653296736,"BOGR","obs"
"677",0.238815197261326,"BOGR","obs"
"678",0.40949640972366,"BOGR","obs"
"679",0.544086690960757,"BOGR","obs"
"680",0.241929340925032,"BOGR","obs"
"681",0.117633786363284,"BOGR","obs"
"682",0.114568099197583,"BOGR","obs"
"683",0.0477029564264025,"BOGR","obs"
"684",0.00670203248643299,"BOGR","obs"
"685",0.00778205822664682,"BOGR","obs"
"686",0.00710764264704227,"BOGR","obs"
"687",0.00544333280825353,"BOGR","obs"
"688",0.00533292678873755,"BOGR","obs"
"689",0.0126066598982777,"BOGR","obs"
"690",0.0224270798327483,"BOGR","obs"
"691",0.00807317301007967,"BOGR","obs"
"692",0.00945070912332301,"BOGR","obs"
"693",0.000933316862853618,"BOGR","obs"
"694",0.00816008589858891,"BOGR","obs"
"695",0.0233636231059478,"BOGR","obs"
"696",0.0556498332504051,"BOGR","obs"
"697",0.139324360371042,"BOGR","obs"
"698",0.109717606421646,"BOGR","obs"
"699",0.217558208873621,"BOGR","obs"
"700",0.0578469306769541,"BOGR","obs"
"701",0.0384096084512049,"BOGR","obs"
"702",0.02296293382788,"BOGR","obs"
"703",0.0194132260532192,"BOGR","obs"
"704",0.00883150474447413,"BOGR","obs"
"705",0.00628055897449623,"BOGR","obs"
"706",0.0122528808739857,"BOGR","obs"
"707",0.0165431171324616,"BOGR","obs"
"708",0.00476454536051787,"BOGR","obs"
"709",0.00527035144276862,"BOGR","obs"
"710",0.0246484621750473,"BOGR","obs"
"711",0.041972802254406,"BOGR","obs"
"712",0.0556822842940981,"BOGR","obs"
"713",0.111989879077504,"BOGR","obs"
"714",0.542328786083271,"BOGR","obs"
"715",0.122908686391473,"BOGR","obs"
"716",0.0199341967432104,"BOGR","obs"
"717",0.0302887914063554,"BOGR","obs"
"718",0.0374437113318295,"BOGR","obs"
"719",0.00670668040516722,"BOGR","obs"
"720",0.029193174834593,"BOGR","obs"
"721",0.00409179484727944,"BOGR","obs"
"722",0.00092422184158196,"BOGR","obs"
"723",0.00568316819013578,"BOGR","obs"
"724",0.00538217659794698,"BOGR","obs"
"725",0.00991479437366325,"BOGR","obs"
"726",0.00771917824702817,"BOGR","obs"
"727",0.0128826982208899,"BOGR","obs"
"728",0.0151373416949553,"BOGR","obs"
"729",0.00595673146224926,"BOGR","obs"
"730",0.00338813962413319,"BOGR","obs"
"731",0.00531670882207108,"BOGR","obs"
"732",0.00584947111442031,"BOGR","obs"
"733",0.017105882306024,"BOGR","obs"
"734",0.012637724101859,"BOGR","obs"
"735",0.0154203235079354,"BOGR","obs"
"736",0.0068935824960181,"BOGR","obs"
"737",0.0100738264515983,"BOGR","obs"
"738",0.00681170680720547,"BOGR","obs"
"739",0.00995349958047324,"BOGR","obs"
"740",0.00645761810479284,"BOGR","obs"
"741",0.00666343393675009,"BOGR","obs"
"742",0.00855100348176266,"BOGR","obs"
"743",0.00890169594304501,"BOGR","obs"
"744",0.030026167101926,"BOGR","obs"
"745",0.0208446402764373,"BOGR","obs"
"746",0.0370360762464927,"BOGR","obs"
"747",0.227167599996072,"BOGR","obs"
"748",0.774811744303893,"BOGR","obs"
"749",0.968261153485476,"BOGR","obs"
"750",0.629716785008365,"BOGR","obs"
"751",0.97306277109262,"BOGR","obs"
"752",0.423752734033476,"BOGR","obs"
"753",0.0701180754322778,"BOGR","obs"
"754",0.0365636886007811,"BOGR","obs"
"755",0.0377543457252764,"BOGR","obs"
"756",0.0679631164546679,"BOGR","obs"
"757",0.51331598483419,"BOGR","obs"
"758",0.474491048967686,"BOGR","obs"
"759",0.161202483408951,"BOGR","obs"
"760",0.102279922834101,"BOGR","obs"
"761",0.265042352942799,"BOGR","obs"
"762",0.243356685081002,"BOGR","obs"
"763",0.23228512598652,"BOGR","obs"
"764",0.451744379535899,"BOGR","obs"
"765",0.065367412379694,"BOGR","obs"
"766",0.0593506163346207,"BOGR","obs"
"767",0.0121294122749976,"BOGR","obs"
"768",0.0126389891810749,"BOGR","obs"
"769",0.025369538846342,"BOGR","obs"
"770",0.0389776103779404,"BOGR","obs"
"771",0.0663074660967042,"BOGR","obs"
"772",0.0191118926710097,"BOGR","obs"
"773",0.0908842220080542,"BOGR","obs"
"774",0.024807334226099,"BOGR","obs"
"775",0.018635882635281,"BOGR","obs"
"776",0.0837004277069826,"BOGR","obs"
"777",0.296934112494139,"BOGR","obs"
"778",0.856483379270155,"BOGR","obs"
"779",0.12074090865545,"BOGR","obs"
"780",0.525906587612207,"BOGR","obs"
"781",0.297679967249709,"BOGR","obs"
"782",0.043983132824598,"BOGR","obs"
"783",0.0674372472943344,"BOGR","obs"
"784",0.0168200411772832,"BOGR","obs"
"785",0.032613662765035,"BOGR","obs"
"786",0.0478882076362715,"BOGR","obs"
"787",0.0605482438666411,"BOGR","obs"
"788",0.15218493963288,"BOGR","obs"
"789",0.115787941752418,"BOGR","obs"
"790",0.218258728269738,"BOGR","obs"
"791",0.172734923520724,"BOGR","obs"
"792",0.0832915762189663,"BOGR","obs"
"793",0.131498456852346,"BOGR","obs"
"794",0.103850594534593,"BOGR","obs"
"795",0.141844179629484,"BOGR","obs"
"796",0.16603512715944,"BOGR","obs"
"797",0.609205303783131,"BOGR","obs"
"798",0.32675163854401,"BOGR","obs"
"799",0.364022360518344,"BOGR","obs"
"800",0.0274098333962441,"BOGR","obs"
"801",0.0248038910960795,"BOGR","obs"
"802",0.037168413219979,"BOGR","obs"
"803",0.0285191685953055,"BOGR","obs"
"804",0.0114145029140201,"BOGR","obs"
"805",0.100667989526699,"BOGR","obs"
"806",0.142113767319683,"BOGR","obs"
"807",0.431232831083606,"BOGR","obs"
"808",0.995837544862311,"BOGR","obs"
"809",0.692606881578716,"BOGR","obs"
"810",0.096482979175455,"BOGR","obs"
"811",0.0958528413958797,"BOGR","obs"
"812",0.0980632297568783,"BOGR","obs"
"813",0.133536527704256,"BOGR","obs"
"814",0.163748539680541,"BOGR","obs"
"815",0.221109851349648,"BOGR","obs"
"816",0.155858582578356,"BOGR","obs"
"817",0.254637775000109,"BOGR","obs"
"818",0.0304407718899314,"BOGR","obs"
"819",0.0148573523137756,"BOGR","obs"
"820",0.0130953250938307,"BOGR","obs"
"821",0.014017060594009,"BOGR","obs"
"822",0.0142541130386329,"BOGR","obs"
"823",0.0165319498618432,"BOGR","obs"
"824",0.0308794295129711,"BOGR","obs"
"825",0.0476211467138523,"BOGR","obs"
"826",0.0269816854796452,"BOGR","obs"
"827",0.0349926282226537,"BOGR","obs"
"828",0.0855738252067597,"BOGR","obs"
"829",0.0634339530354586,"BOGR","obs"
"830",0.0386897185197653,"BOGR","obs"
"831",0.129270441072715,"BOGR","obs"
"832",0.324028043276679,"BOGR","obs"
"833",0.284567341429508,"BOGR","obs"
"834",0.326481658579717,"BOGR","obs"
"835",0.155105664955661,"BOGR","obs"
"836",0.461744335887602,"BOGR","obs"
"837",0.379224546581041,"BOGR","obs"
"838",0.828790797076782,"BOGR","obs"
"839",0.80384068773504,"BOGR","obs"
"840",0.539959207598971,"BOGR","obs"
"841",0.236347313194455,"BOGR","obs"
"842",0.15881309763117,"BOGR","obs"
"843",0.07091809823296,"BOGR","obs"
"844",0.104335061519342,"BOGR","obs"
"845",0.298020658477316,"BOGR","obs"
"846",0.272859342302521,"BOGR","obs"
"847",0.0662022469640184,"BOGR","obs"
"848",0.0212655900243338,"BOGR","obs"
"849",0.00519128318717554,"BOGR","obs"
"850",0.0211857941027091,"BOGR","obs"
"851",0.025420411675523,"BOGR","obs"
"852",0.0600163452737995,"BOGR","obs"
"853",0.0693347933045169,"BOGR","obs"
"854",0.0878657097891621,"BOGR","obs"
"855",0.00828509754541033,"BOGR","obs"
"856",0.00807534477861537,"BOGR","obs"
"857",0.00640643322592835,"BOGR","obs"
"858",0.00526357637887863,"BOGR","obs"
"859",0.00858273519768937,"BOGR","obs"
"860",0.00911168875907784,"BOGR","obs"
"861",0.00188555216615196,"BOGR","obs"
"862",0.00371857818591899,"BOGR","obs"
"863",0.00449158524376838,"BOGR","obs"
"864",0.00977380048619008,"BOGR","obs"
"865",0.00228683873120629,"BOGR","obs"
"866",0.0164774590226583,"BOGR","obs"
"867",0.0635320441282617,"BOGR","obs"
"868",0.0499544531554764,"BOGR","obs"
"869",0.0501366913948736,"BOGR","obs"
"870",0.0348140743833493,"BOGR","obs"
"871",0.110687995297688,"BOGR","obs"
"872",0.334355860407949,"BOGR","obs"
"873",0.147097188549968,"BOGR","obs"
"874",0.498007587978106,"BOGR","obs"
"875",0.123024828306472,"BOGR","obs"
"876",0.19625825358586,"BOGR","obs"
"877",0.136923726990527,"BOGR","obs"
"878",0.0912538376635343,"BOGR","obs"
"879",0.127760941991505,"BOGR","obs"
"880",0.198103877769582,"BOGR","obs"
"881",0.0430180187127256,"BOGR","obs"
"882",0.127062807484,"BOGR","obs"
"883",0.0520823060381187,"BOGR","obs"
"884",0.0161323349999473,"BOGR","obs"
"885",0.0290496101495664,"BOGR","obs"
"886",0.0535064693031252,"BOGR","obs"
"887",0.054892639835104,"BOGR","obs"
"888",0.0191883307687806,"BOGR","obs"
"889",0.0183923809856356,"BOGR","obs"
"890",0.136814031467999,"BOGR","obs"
"891",0.113134650276643,"BOGR","obs"
"892",0.0673368574861706,"BOGR","obs"
"893",0.0841192376912316,"BOGR","obs"
"894",0.856809826116437,"BOGR","obs"
"895",0.52475552271482,"BOGR","obs"
"896",0.286497992145559,"BOGR","obs"
"897",0.235074192548025,"BOGR","obs"
"898",0.297094256659939,"BOGR","obs"
"899",0.094194462719054,"BOGR","obs"
"900",0.0414227027045322,"BOGR","obs"
"901",0.0849351235000636,"BOGR","obs"
"902",0.120168132755272,"BOGR","obs"
"903",0.418139366756641,"BOGR","obs"
"904",0.125859397116709,"BOGR","obs"
"905",0.0928621833379979,"BOGR","obs"
"906",0.199948187570707,"BOGR","obs"
"907",0.354311868209535,"BOGR","obs"
"908",0.0858843110174621,"BOGR","obs"
"909",0.0171141885602624,"BOGR","obs"
"910",0.0342922339351449,"BOGR","obs"
"911",0.149645498482966,"BOGR","obs"
"912",0.165211596682269,"BOGR","obs"
"913",0.053684643451067,"BOGR","obs"
"914",0.0657529246061131,"BOGR","obs"
"915",0.0723528018222376,"BOGR","obs"
"916",0.0850124916531383,"BOGR","obs"
"917",0.176446281065213,"BOGR","obs"
"918",0.136881879084957,"BOGR","obs"
"919",0.118998494783199,"BOGR","obs"
"920",0.0910389662648318,"BOGR","obs"
"921",0.10925306688265,"BOGR","obs"
"922",0.178985372185443,"BOGR","obs"
"923",0.0606280991619047,"BOGR","obs"
"924",0.0920009225746121,"BOGR","obs"
"925",0.251292855307271,"BOGR","obs"
"926",0.373035556644415,"BOGR","obs"
"927",0.443603847903866,"BOGR","obs"
"928",0.685612089077688,"BOGR","obs"
"929",0.0749817714238259,"BOGR","obs"
"930",0.245998147044012,"BOGR","obs"
"931",0.0577093450863557,"BOGR","obs"
"932",0.0130895674830806,"BOGR","obs"
"933",0.00634501913415737,"BOGR","obs"
"934",0.00505359359974053,"BOGR","obs"
"935",0.00162630315237948,"BOGR","obs"
"936",0.00223096839518468,"BOGR","obs"
"937",0.00695451732757607,"BOGR","obs"
"938",0.0110535560685113,"BOGR","obs"
"939",0.0108923596065649,"BOGR","obs"
"940",0.0166871496912387,"BOGR","obs"
"941",0.014505499388952,"BOGR","obs"
"942",0.0340833655230138,"BOGR","obs"
"943",0.0403395971141458,"BOGR","obs"
"944",0.00979348141655312,"BOGR","obs"
"945",0.0296844998203624,"BOGR","obs"
"946",0.00757887727533178,"BOGR","obs"
"947",0.010862088952275,"BOGR","obs"
"948",0.00528096535845093,"BOGR","obs"
"949",0.0247396553209915,"BOGR","obs"
"950",0.0246884301945352,"BOGR","obs"
"951",0.165506149512754,"BOGR","obs"
"952",0.309243994464436,"BOGR","obs"
"953",0.127560686058758,"BOGR","obs"
"954",0.0377431352156729,"BOGR","obs"
"955",0.0194274620577836,"BOGR","obs"
"956",0.00844212583109702,"BOGR","obs"
"957",0.0159810839477759,"BOGR","obs"
"958",0.0129860147000939,"BOGR","obs"
"959",0.0273316492132349,"BOGR","obs"
"960",0.0393045238414219,"BOGR","obs"
"961",0.0487640931821817,"BOGR","obs"
"962",0.0863694120243721,"BOGR","obs"
"963",0.0476258275315171,"BOGR","obs"
"964",0.00918475910886802,"BOGR","obs"
"965",0.058928383865194,"BOGR","obs"
"966",0.108046036290833,"BOGR","obs"
"967",0.324148276651238,"BOGR","obs"
"968",0.0304946400387515,"BOGR","obs"
"969",0.0170768076199248,"BOGR","obs"
"970",0.000772662140816739,"BOGR","obs"
"971",0.00075154965932097,"BOGR","obs"
"972",0.000244610309639819,"BOGR","obs"
"973",0.000709014974305079,"BOGR","obs"
"974",0.000565947771992919,"BOGR","obs"
"975",0.000592306750098308,"BOGR","obs"
"976",0.0016264534688485,"BOGR","obs"
"977",0.0017052863857621,"BOGR","obs"
"978",0.00356221579606803,"BOGR","obs"
"979",0.00422755630938774,"BOGR","obs"
"980",0.00301819693168223,"BOGR","obs"
"981",0.00763194890485792,"BOGR","obs"
"982",0.0418010245828366,"BOGR","obs"
"983",0.0682020052848758,"BOGR","obs"
"984",0.0344991104732973,"BOGR","obs"
"985",0.0140996747052091,"BOGR","obs"
"986",0.0460642097308484,"BOGR","obs"
"987",0.0570848359123715,"BOGR","obs"
"988",0.0618656962187887,"BOGR","obs"
"989",0.0866703629709315,"BOGR","obs"
"990",0.229305257581835,"BOGR","obs"
"991",0.356753467334129,"BOGR","obs"
"992",0.346157648929468,"BOGR","obs"
"993",0.181153124669964,"BOGR","obs"
"994",0.0706387876105178,"BOGR","obs"
"995",0.0188910035531313,"BOGR","obs"
"996",0.0471419562367308,"BOGR","obs"
"997",0.0447965422019599,"BOGR","obs"
"998",0.0337229713436925,"BOGR","obs"
"999",0.0161611819745196,"BOGR","obs"
"1000",0.00393855142586763,"BOGR","obs"
"1001",0.00297021711639664,"BOGR","obs"
"1002",0.0060981312633436,"BOGR","obs"
"1003",0.0123698650218908,"BOGR","obs"
"1004",0.0548688541394174,"BOGR","obs"
"1005",0.0136315609882547,"BOGR","obs"
"1006",0.0667408944204933,"BOGR","obs"
"1007",0.27432354172245,"BOGR","obs"
"1008",0.23614195674178,"BOGR","obs"
"1009",0.179809139421303,"BOGR","obs"
"1010",0.839120680432106,"BOGR","obs"
"1011",0.326720780424315,"BOGR","obs"
"1012",0.14660866742937,"BOGR","obs"
"1013",0.331269487797759,"BOGR","obs"
"1014",0.100784132071678,"BOGR","obs"
"1015",0.0624349176685115,"BOGR","obs"
"1016",0.141447185795541,"BOGR","obs"
"1017",0.183957953215944,"BOGR","obs"
"1018",0.0393793465130365,"BOGR","obs"
"1019",0.0602449981945592,"BOGR","obs"
"1020",0.0253816277185429,"BOGR","obs"
"1021",0.0163013282527028,"BOGR","obs"
"1022",0.0253364354827115,"BOGR","obs"
"1023",0.013832513202044,"BOGR","obs"
"1024",0.0035947358086407,"BOGR","obs"
"1025",0.00682709207954521,"BOGR","obs"
"1026",0.00254293244865857,"BOGR","obs"
"1027",0.0062230215444436,"BOGR","obs"
"1028",0.00376673859997304,"BOGR","obs"
"1029",0.00183627283285292,"BOGR","obs"
"1030",0.00859356739296828,"BOGR","obs"
"1031",0.0099920634669982,"BOGR","obs"
"1032",0.0129629870692666,"BOGR","obs"
"1033",0.00535341576685894,"BOGR","obs"
"1034",0.00173498036212119,"BOGR","obs"
"1035",0.00152061041287701,"BOGR","obs"
"1036",0.0013114248088178,"BOGR","obs"
"1037",0.00476985261280901,"BOGR","obs"
"1038",0.00282923664610741,"BOGR","obs"
"1039",0.00219768942571336,"BOGR","obs"
"1040",0.0050273424291631,"BOGR","obs"
"1041",0.00157412837012578,"BOGR","obs"
"1042",0.000925445039909099,"BOGR","obs"
"1043",0.00037717634209657,"BOGR","obs"
"1044",0.000251870685215197,"BOGR","obs"
"1045",0.00411831035491767,"BOGR","obs"
"1046",0.00361396229497072,"BOGR","obs"
"1047",0.000655578565234831,"BOGR","obs"
"1048",0.00063852775697996,"BOGR","obs"
"1049",0.000851031681728941,"BOGR","obs"
"1050",0.00192978402832495,"BOGR","obs"
"1051",0.00356262227548036,"BOGR","obs"
"1052",0.00201370971382994,"BOGR","obs"
"1053",0.000780777852069355,"BOGR","obs"
"1054",0.000761769703704167,"BOGR","obs"
"1055",0.00044040093022763,"BOGR","obs"
"1056",0.000679837050401812,"BOGR","obs"
"1057",0.00365867803097657,"BOGR","obs"
"1058",0.0104681773896424,"BOGR","obs"
"1059",0.00979307786020997,"BOGR","obs"
"1060",0.00352542791767155,"BOGR","obs"
"1061",0.0095095701207021,"BOGR","obs"
"1062",0.00941744836650715,"BOGR","obs"
"1063",0.00402454473611504,"BOGR","obs"
"1064",0.0425484482226536,"BOGR","obs"
"1065",0.100488277169026,"BOGR","obs"
"1066",0.0842138132808335,"BOGR","obs"
"1067",0.109736799221502,"BOGR","obs"
"1068",0.694672293503764,"BOGR","obs"
"1069",0.219532814007553,"BOGR","obs"
"1070",0.031764896810676,"BOGR","obs"
"1071",0.00860982706730904,"BOGR","obs"
"1072",0.0205288044726704,"BOGR","obs"
"1073",0.0153575717082775,"BOGR","obs"
"1074",0.00623009459777465,"BOGR","obs"
"1075",0.00193267093352363,"BOGR","obs"
"1076",0.00126830048965075,"BOGR","obs"
"1077",0.00201518890481694,"BOGR","obs"
"1078",0.00115499649222356,"BOGR","obs"
"1079",0.00530531920183959,"BOGR","obs"
"1080",0.00147007698205802,"BOGR","obs"
"1081",0.000543160443093291,"BOGR","obs"
"1082",0.000862243400873829,"BOGR","obs"
"1083",0.000575830652072851,"BOGR","obs"
"1084",0.00931327267190078,"BOGR","obs"
"1085",0.0120081753620327,"BOGR","obs"
"1086",0.0170175377983627,"BOGR","obs"
"1087",0.00148298884291023,"BOGR","obs"
"1088",0.00331880863950235,"BOGR","obs"
"1089",0.000397015053059866,"BOGR","obs"
"1090",0.000575132232875958,"BOGR","obs"
"1091",0.000681206526725326,"BOGR","obs"
"1092",0.00167944825135291,"BOGR","obs"
"1093",0.000434441468168254,"BOGR","obs"
"1094",0.000864659693568111,"BOGR","obs"
"1095",0.000624885884736697,"BOGR","obs"
"1096",0.000382535662606144,"BOGR","obs"
"1097",0.00221076509042338,"BOGR","obs"
"1098",0.00176451386585588,"BOGR","obs"
"1099",0.00631729723914947,"BOGR","obs"
"1100",0.0232030491799877,"BOGR","obs"
"1101",0.0279411800520204,"BOGR","obs"
"1102",0.0229023745916905,"BOGR","obs"
"1103",0.0772483294753815,"BOGR","obs"
"1104",0.224911516613601,"BOGR","obs"
"1105",0.164392408897155,"BOGR","obs"
"1106",0.120354673225705,"BOGR","obs"
"1107",0.255277236007539,"BOGR","obs"
"1108",0.052975730175132,"BOGR","obs"
"1109",0.0393091417318452,"BOGR","obs"
"1110",0.0282415430028976,"BOGR","obs"
"1111",0.00158755960823538,"BOGR","obs"
"1112",0.00311028857770032,"BOGR","obs"
"1113",0.00133802557451835,"BOGR","obs"
"1114",0.000809916024043672,"BOGR","obs"
"1115",0.000872761848054857,"BOGR","obs"
"1116",0.00365921034958089,"BOGR","obs"
"1117",0.00741875463775222,"BOGR","obs"
"1118",0.00276508224949997,"BOGR","obs"
"1119",0.000543764459696138,"BOGR","obs"
"1120",0.00348544920262577,"BOGR","obs"
"1121",0.0264469767101941,"BOGR","obs"
"1122",0.00640857894305491,"BOGR","obs"
"1123",0.0073640223603065,"BOGR","obs"
"1124",0.00641004736444829,"BOGR","obs"
"1125",0.0144654922829787,"BOGR","obs"
"1126",0.00813485429955335,"BOGR","obs"
"1127",0.0123079272029941,"BOGR","obs"
"1128",0.0313012893978519,"BOGR","obs"
"1129",0.0357605557821904,"BOGR","obs"
"1130",0.00546826889136911,"BOGR","obs"
"1131",0.0102161006758722,"BOGR","obs"
"1132",0.017936059615638,"BOGR","obs"
"1133",0.00591844761120895,"BOGR","obs"
"1134",0.00212583777228759,"BOGR","obs"
"1135",0.000741742096333302,"BOGR","obs"
"1136",0.00159133400043252,"BOGR","obs"
"1137",0.00206042534092051,"BOGR","obs"
"1138",0.00343462976274965,"BOGR","obs"
"1139",0.00979274577022481,"BOGR","obs"
"1140",0.00108025517937483,"BOGR","obs"
"1141",0.00804771398212299,"BOGR","obs"
"1142",0.00642552687244679,"BOGR","obs"
"1143",0.000902347082010928,"BOGR","obs"
"1144",0.000272636462340057,"BOGR","obs"
"1145",0.000962603822998152,"BOGR","obs"
"1146",0.000669157688844199,"BOGR","obs"
"1147",0.00072979421406726,"BOGR","obs"
"1148",0.00259599958969013,"BOGR","obs"
"1149",0.00299438803591793,"BOGR","obs"
"1150",0.00128434594754604,"BOGR","obs"
"1151",0.00235306669066958,"BOGR","obs"
"1152",0.00271666562099673,"BOGR","obs"
"1153",0.00331251370701467,"BOGR","obs"
"1154",0.00235763171211864,"BOGR","obs"
"1155",0.00272330472528544,"BOGR","obs"
"1156",0.0215212965083031,"BOGR","obs"
"1157",0.0701059953506092,"BOGR","obs"
"1158",0.0361670548798247,"BOGR","obs"
"1159",0.0189986392957268,"BOGR","obs"
"1160",0.0597159897201129,"BOGR","obs"
"1161",0.00606865214584289,"BOGR","obs"
"1162",0.0143896151421287,"BOGR","obs"
"1163",0.0214450308821337,"BOGR","obs"
"1164",0.0682466110527422,"BOGR","obs"
"1165",0.0896371294035143,"BOGR","obs"
"1166",0.0718814094627641,"BOGR","obs"
"1167",0.0483286282238569,"BOGR","obs"
"1168",0.0323479733988681,"BOGR","obs"
"1169",0.0109740328776254,"BOGR","obs"
"1170",0.0227414189836994,"BOGR","obs"
"1171",0.0664122579223626,"BOGR","obs"
"1172",0.0251740203688668,"BOGR","obs"
"1173",0.0884194358527264,"BOGR","obs"
"1174",0.211727393982205,"BOGR","obs"
"1175",0.336820246932094,"BOGR","obs"
"1176",0.509058212723194,"BOGR","obs"
"1177",0.348711434306321,"BOGR","obs"
"1178",0.067209518960137,"BOGR","obs"
"1179",0.0588208171199019,"BOGR","obs"
"1180",0.0374590310617985,"BOGR","obs"
"1181",0.028780887224089,"BOGR","obs"
"1182",0.0241893090025944,"BOGR","obs"
"1183",0.024367582079724,"BOGR","obs"
"1184",0.0427510522769311,"BOGR","obs"
"1185",0.118147754563351,"BOGR","obs"
"1186",0.0216360609078352,"BOGR","obs"
"1187",0.0140377805711134,"BOGR","obs"
"1188",0.00531822040048985,"BOGR","obs"
"1189",0.00484185960364398,"BOGR","obs"
"1190",0.0166837106316712,"BOGR","obs"
"1191",0.00911799952874942,"BOGR","obs"
"1192",0.00587246274126396,"BOGR","obs"
"1193",0.0157126381648794,"BOGR","obs"
"1194",0.0439402569929534,"BOGR","obs"
"1195",0.0341436726647662,"BOGR","obs"
"1196",0.065775668812957,"BOGR","obs"
"1197",0.0581508338519674,"BOGR","obs"
"1198",0.209779822417286,"BOGR","obs"
"1199",0.0704997906745115,"BOGR","obs"
"1200",0.156348458011703,"BOGR","obs"
"1201",0.0653624381655524,"BOGR","obs"
"1202",0.0830564402056581,"BOGR","obs"
"1203",0.317468015863862,"BOGR","obs"
"1204",0.0292503174589384,"BOGR","obs"
"1205",0.00254574363246489,"BOGR","obs"
"1206",0.00214690003112084,"BOGR","obs"
"1207",0.00213121377095587,"BOGR","obs"
"1208",0.00239360949583406,"BOGR","obs"
"1209",0.000786926179309861,"BOGR","obs"
"1210",0.00135917725102934,"BOGR","obs"
"1211",0.0131233996699722,"BOGR","obs"
"1212",0.00740310802053586,"BOGR","obs"
"1213",0.000863010673783066,"BOGR","obs"
"1214",0.0016177870938718,"BOGR","obs"
"1215",0.00285330866874838,"BOGR","obs"
"1216",0.00183228791698428,"BOGR","obs"
"1217",0.00174757844386223,"BOGR","obs"
"1218",0.00762287655921786,"BOGR","obs"
"1219",0.00893337228322156,"BOGR","obs"
"1220",0.0123671085985423,"BOGR","obs"
"1221",0.0172986989058418,"BOGR","obs"
"1222",0.0240096963324123,"BOGR","obs"
"1223",0.0182994726543613,"BOGR","obs"
"1224",0.0223081654618147,"BOGR","obs"
"1225",0.0402720821896965,"BOGR","obs"
"1226",0.0191554872055568,"BOGR","obs"
"1227",0.00538303359230935,"BOGR","obs"
"1228",0.0110283609272276,"BOGR","obs"
"1229",0.0063259358977539,"BOGR","obs"
"1230",0.0128612789211602,"BOGR","obs"
"1231",0.012832418350627,"BOGR","obs"
"1232",0.00204454950261642,"BOGR","obs"
"1233",0.0031287057304276,"BOGR","obs"
"1234",0.00732940922973391,"BOGR","obs"
"1235",0.00181298497385918,"BOGR","obs"
"1236",0.00249679624729809,"BOGR","obs"
"1237",0.00310957647247142,"BOGR","obs"
"1238",0.000980592646722011,"BOGR","obs"
"1239",0.000392309289278776,"BOGR","obs"
"1240",0.000340068457058556,"BOGR","obs"
"1241",0.000203901399352201,"BOGR","obs"
"1242",0.000394220237038579,"BOGR","obs"
"1243",0.000149720940826448,"BOGR","obs"
"1244",0.000206677149358745,"BOGR","obs"
"1245",0.000949735139152745,"BOGR","obs"
"1246",0.00128420083890063,"BOGR","obs"
"1247",0.000690419084295936,"BOGR","obs"
"1248",0.00112362318566231,"BOGR","obs"
"1249",0.000846463820261475,"BOGR","obs"
"1250",0.000553344066341022,"BOGR","obs"
"1251",0.000238759375603159,"BOGR","obs"
"1252",0.00117846502442791,"BOGR","obs"
"1253",0.00108235221896116,"BOGR","obs"
"1254",0.000554728358928851,"BOGR","obs"
"1255",0.00112171245134856,"BOGR","obs"
"1256",0.000609878524713389,"BOGR","obs"
"1257",0.000594275192919586,"BOGR","obs"
"1258",0.00396256812359651,"BOGR","obs"
"1259",0.0432986969679409,"BOGR","obs"
"1260",0.0646689999916387,"BOGR","obs"
"1261",0.104645519727851,"BOGR","obs"
"1262",0.136993873482268,"BOGR","obs"
"1263",0.123920978642469,"BOGR","obs"
"1264",0.163376304383086,"BOGR","obs"
"1265",0.167986226353524,"BOGR","obs"
"1266",0.139811716100594,"BOGR","obs"
"1267",0.0980405578900772,"BOGR","obs"
"1268",0.118290399049738,"BOGR","obs"
"1269",0.221870309698109,"BOGR","obs"
"1270",0.360365262378397,"BOGR","obs"
"1271",0.150070672984287,"BOGR","obs"
"1272",0.313729415376399,"BOGR","obs"
"1273",0.121842193548613,"BOGR","obs"
"1274",0.0464718952779506,"BOGR","obs"
"1275",0.013835252446885,"BOGR","obs"
"1276",0.0245138285777241,"BOGR","obs"
"1277",0.0111643862959612,"BOGR","obs"
"1278",0.00797423705650266,"BOGR","obs"
"1279",0.00114188435773044,"BOGR","obs"
"1280",0.00145798849627298,"BOGR","obs"
"1281",0.000209950613184072,"BOGR","obs"
"1282",0.000146085107323756,"BOGR","obs"
"1283",6.8533036388218e-05,"BOGR","obs"
"1284",0.000143607290764996,"BOGR","obs"
"1285",0.000778444717800422,"BOGR","obs"
"1286",0.000727564595298107,"BOGR","obs"
"1287",0.00134896564475487,"BOGR","obs"
"1288",0.00374252929272268,"BOGR","obs"
"1289",0.00653914693592383,"BOGR","obs"
"1290",0.00201268845381701,"BOGR","obs"
"1291",0.00474210326913033,"BOGR","obs"
"1292",0.0245583881317207,"BOGR","obs"
"1293",0.0351219623232017,"BOGR","obs"
"1294",0.0774454900412504,"BOGR","obs"
"1295",0.190122419590224,"BOGR","obs"
"1296",0.247158360359997,"BOGR","obs"
"1297",0.218606866092727,"BOGR","obs"
"1298",0.25174431985824,"BOGR","obs"
"1299",0.0964427510685787,"BOGR","obs"
"1300",0.227362172533893,"BOGR","obs"
"1301",0.649469268814901,"BOGR","obs"
"1302",0.931691662684464,"BOGR","obs"
"1303",0.399072179080108,"BOGR","obs"
"1304",0.0386896690104987,"BOGR","obs"
"1305",0.410763561519599,"BOGR","obs"
"1306",0.618311969977836,"BOGR","obs"
"1307",0.0444826484861276,"BOGR","obs"
"1308",0.00479524945843269,"BOGR","obs"
"1309",0.0070018002672642,"BOGR","obs"
"1310",0.0175625168909143,"BOGR","obs"
"1311",0.0428338905955999,"BOGR","obs"
"1312",0.0221425976565066,"BOGR","obs"
"1313",0.0192860689857675,"BOGR","obs"
"1314",0.0298958990973876,"BOGR","obs"
"1315",0.0410415317760829,"BOGR","obs"
"1316",0.0497133689790901,"BOGR","obs"
"1317",0.0343786034548765,"BOGR","obs"
"1318",0.0143451982186737,"BOGR","obs"
"1319",0.00384065675049477,"BOGR","obs"
"1320",0.00109626777853645,"BOGR","obs"
"1321",0.00671859714501558,"BOGR","obs"
"1322",0.0110731223371877,"BOGR","obs"
"1323",0.00187724400829405,"BOGR","obs"
"1324",0.00372024721483928,"BOGR","obs"
"1325",0.000957570859447984,"BOGR","obs"
"1326",0.00441921846506655,"BOGR","obs"
"1327",0.0175455895285531,"BOGR","obs"
"1328",0.00636628772573444,"BOGR","obs"
"1329",0.00737185596287235,"BOGR","obs"
"1330",0.024327311989164,"BOGR","obs"
"1331",0.0485198023450323,"BOGR","obs"
"1332",0.0100385451635741,"BOGR","obs"
"1333",0.0197200402501925,"BOGR","obs"
"1334",0.0149669010314664,"BOGR","obs"
"1335",0.116171544773871,"BOGR","obs"
"1336",0.172592700334605,"BOGR","obs"
"1337",0.141186657320633,"BOGR","obs"
"1338",0.115650761317828,"BOGR","obs"
"1339",0.0551931331415337,"BOGR","obs"
"1340",0.0443556418683797,"BOGR","obs"
"1341",0.0288336687426062,"BOGR","obs"
"1342",0.0559717167174404,"BOGR","obs"
"1343",0.0711183885956305,"BOGR","obs"
"1344",0.0183946148869555,"BOGR","obs"
"1345",0.00485967570042408,"BOGR","obs"
"1346",0.001089869787112,"BOGR","obs"
"1347",0.00028018761610803,"BOGR","obs"
"1348",0.000322030510590962,"BOGR","obs"
"1349",0.000287705077445159,"BOGR","obs"
"1350",0.000849186372129387,"BOGR","obs"
"1351",0.0054394517164101,"BOGR","obs"
"1352",0.00872336855077695,"BOGR","obs"
"1353",0.0140194549322822,"BOGR","obs"
"1354",0.00340227860700251,"BOGR","obs"
"1355",0.00576384839671489,"BOGR","obs"
"1356",0.00251947068708689,"BOGR","obs"
"1357",0.00346469866191441,"BOGR","obs"
"1358",0.000410665151573875,"BOGR","obs"
"1359",0.00200065133738135,"BOGR","obs"
"1360",0.00160005341389705,"BOGR","obs"
"1361",0.00216557111767606,"BOGR","obs"
"1362",0.00473006666664515,"BOGR","obs"
"1363",0.00624002310355745,"BOGR","obs"
"1364",0.00275651932851732,"BOGR","obs"
"1365",0.00134033037073649,"BOGR","obs"
"1366",0.00236606188476229,"BOGR","obs"
"1367",0.000293350082666204,"BOGR","obs"
"1368",0.000126393940609089,"BOGR","obs"
"1369",0.000495290724014886,"BOGR","obs"
"1370",0.00106217141017379,"BOGR","obs"
"1371",0.00169906592271481,"BOGR","obs"
"1372",0.00174791361091409,"BOGR","obs"
"1373",0.00892789908301646,"BOGR","obs"
"1374",0.0255944725535306,"BOGR","obs"
"1375",0.0323306429750059,"BOGR","obs"
"1376",0.0793432165601523,"BOGR","obs"
"1377",0.028817032789958,"BOGR","obs"
"1378",0.0346548277367299,"BOGR","obs"
"1379",0.00492521093523923,"BOGR","obs"
"1380",0.0124653548075011,"BOGR","obs"
"1381",0.0328914753180784,"BOGR","obs"
"1382",0.147170958714427,"BOGR","obs"
"1383",0.12248408788293,"BOGR","obs"
"1384",0.107287780940064,"BOGR","obs"
"1385",0.0313542893432137,"BOGR","obs"
"1386",0.0158496268478352,"BOGR","obs"
"1387",0.00583318347334948,"BOGR","obs"
"1388",0.00207500276011201,"BOGR","obs"
"1389",0.00457979789751536,"BOGR","obs"
"1390",0.00249979550747872,"BOGR","obs"
"1391",0.00340766316939515,"BOGR","obs"
"1392",0.0082088669186182,"BOGR","obs"
"1393",0.0158346639412244,"BOGR","obs"
"1394",0.00894614261601892,"BOGR","obs"
"1395",0.00849952155121973,"BOGR","obs"
"1396",0.00504293481636721,"BOGR","obs"
"1397",0.00780048718196261,"BOGR","obs"
"1398",0.147269627421604,"BOGR","obs"
"1399",0.0733983879540881,"BOGR","obs"
"1400",0.0532311625691461,"BOGR","obs"
"1401",0.0701365556053812,"BOGR","obs"
"1402",0.293198567940817,"BOGR","obs"
"1403",0.138577039207315,"BOGR","obs"
"1404",0.0833853161251749,"BOGR","obs"
"1405",0.152225830008594,"BOGR","obs"
"1406",0.164094084605783,"BOGR","obs"
"1407",0.285507459942141,"BOGR","obs"
"1408",0.0473337676415734,"BOGR","obs"
"1409",0.0525738870714377,"BOGR","obs"
"1410",0.0477118424087756,"BOGR","obs"
"1411",0.00461095041639948,"BOGR","obs"
"1412",0.00663321748242265,"BOGR","obs"
"1413",0.0311142284693351,"BOGR","obs"
"1414",0.0157052001683183,"BOGR","obs"
"1415",0.0321094971853896,"BOGR","obs"
"1416",0.0547365829010419,"BOGR","obs"
"1417",0.0264183160639595,"BOGR","obs"
"1418",0.013242418397513,"BOGR","obs"
"1419",0.00767945053551228,"BOGR","obs"
"1420",0.0430823386364518,"BOGR","obs"
"1421",0.0290169182428196,"BOGR","obs"
"1422",0.0322876170540886,"BOGR","obs"
"1423",0.021570450056972,"BOGR","obs"
"1424",0.0290840950524879,"BOGR","obs"
"1425",0.0569083965677512,"BOGR","obs"
"1426",0.0637168968069037,"BOGR","obs"
"1427",0.0421365778525055,"BOGR","obs"
"1428",0.0172879101424633,"BOGR","obs"
"1429",0.0905103806033416,"BOGR","obs"
"1430",0.03577378088524,"BOGR","obs"
"1431",0.0336661604615264,"BOGR","obs"
"1432",0.0113116465709428,"BOGR","obs"
"1433",0.036805104419908,"BOGR","obs"
"1434",0.0497936311541556,"BOGR","obs"
"1435",0.138509292333381,"BOGR","obs"
"1436",0.0322702414030845,"BOGR","obs"
"1437",0.0479424552611683,"BOGR","obs"
"1438",0.0609192784552208,"BOGR","obs"
"1439",0.0296105971832326,"BOGR","obs"
"1440",0.00252745863138889,"BOGR","obs"
"1441",0.00340414992337398,"BOGR","obs"
"1442",0.0025020118820247,"BOGR","obs"
"1443",0.00686352247811845,"BOGR","obs"
"1444",0.00460024422352,"BOGR","obs"
"1445",0.00165573500460368,"BOGR","obs"
"1446",0.00258802770605916,"BOGR","obs"
"1447",0.00314749876513952,"BOGR","obs"
"1448",0.00205351743002367,"BOGR","obs"
"1449",0.0012371570496544,"BOGR","obs"
"1450",0.000193999489682581,"BOGR","obs"
"1451",0.00137964719103339,"BOGR","obs"
"1452",0.00290576789399586,"BOGR","obs"
"1453",0.00141238699276687,"BOGR","obs"
"1454",0.00160175632009515,"BOGR","obs"
"1455",0.00106228714530554,"BOGR","obs"
"1456",0.000649586558359166,"BOGR","obs"
"1457",0.00124758633536851,"BOGR","obs"
"1458",0.000231520385037895,"BOGR","obs"
"1459",0.000107600157175943,"BOGR","obs"
"1460",0.000142548386114947,"BOGR","obs"
"1461",0.000886408966158068,"BOGR","obs"
"1462",0.0023997729719833,"BOGR","obs"
"1463",0.00153533356728457,"BOGR","obs"
"1464",0.00509077435118176,"BOGR","obs"
"1465",0.00938431311099513,"BOGR","obs"
"1466",0.00323963319774643,"BOGR","obs"
"1467",0.000222639360773261,"BOGR","obs"
"1468",0.000225180673357627,"BOGR","obs"
"1469",0.00033053229265329,"BOGR","obs"
"1470",0.00113960626295769,"BOGR","obs"
"1471",0.000445524780434838,"BOGR","obs"
"1472",0.00104017099472244,"BOGR","obs"
"1473",0.000681487651760333,"BOGR","obs"
"1474",0.000236809111193823,"BOGR","obs"
"1475",0.000710960533665156,"BOGR","obs"
"1476",0.00162257530178832,"BOGR","obs"
"1477",0.00189628411795722,"BOGR","obs"
"1478",0.000247475971470993,"BOGR","obs"
"1479",0.00117941007288608,"BOGR","obs"
"1480",0.00145075763308258,"BOGR","obs"
"1481",0.0123769998792048,"BOGR","obs"
"1482",0.0253491632353497,"BOGR","obs"
"1483",0.0440525128571164,"BOGR","obs"
"1484",0.0248305638178537,"BOGR","obs"
"1485",0.0132123849655719,"BOGR","obs"
"1486",0.0107137103112467,"BOGR","obs"
"1487",0.0513122011980999,"BOGR","obs"
"1488",0.01947233028274,"BOGR","obs"
"1489",0.00759373286697254,"BOGR","obs"
"1490",0.00866767961658224,"BOGR","obs"
"1491",0.0333178739583612,"BOGR","obs"
"1492",0.10881364445684,"BOGR","obs"
"1493",0.133639141640492,"BOGR","obs"
"1494",0.308718448790548,"BOGR","obs"
"1495",0.62595887234731,"BOGR","obs"
"1496",0.161534133856609,"BOGR","obs"
"1497",0.813831605318471,"BOGR","obs"
"1498",0.174298555913399,"BOGR","obs"
"1499",0.184811756720387,"BOGR","obs"
"1500",0.15489943399662,"BOGR","obs"
"1501",0.332851716359437,"BOGR","obs"
"1502",0.207621641394945,"BOGR","obs"
"1503",0.377663393324583,"BOGR","obs"
"1504",0.0914060261768581,"BOGR","obs"
"1505",0.137341540674565,"BOGR","obs"
"1506",0.0526409247715849,"BOGR","obs"
"1507",0.0230686850816031,"BOGR","obs"
"1508",0.104445317509337,"BOGR","obs"
"1509",0.0780169070473105,"BOGR","obs"
"1510",0.0266784634202509,"BOGR","obs"
"1511",0.0100585629823394,"BOGR","obs"
"1512",0.0173165563402561,"BOGR","obs"
"1513",0.0114534342181721,"BOGR","obs"
"1514",0.00208891984957326,"BOGR","obs"
"1515",0.00132857881696044,"BOGR","obs"
"1516",0.00313072592751864,"BOGR","obs"
"1517",0.0183489299753694,"BOGR","obs"
"1518",0.13190401564054,"BOGR","obs"
"1519",0.222632903551405,"BOGR","obs"
"1520",0.0514404244103483,"BOGR","obs"
"1521",0.173723682380745,"BOGR","obs"
"1522",0.0830496237349675,"BOGR","obs"
"1523",0.0478477727511429,"BOGR","obs"
"1524",0.0357743960959485,"BOGR","obs"
"1525",0.029771749272386,"BOGR","obs"
"1526",0.0225903153614306,"BOGR","obs"
"1527",0.0143125488967259,"BOGR","obs"
"1528",0.00966009223687043,"BOGR","obs"
"1529",0.0169813448812566,"BOGR","obs"
"1530",0.0171223650311867,"BOGR","obs"
"1531",0.0140182649942275,"BOGR","obs"
"1532",0.0113711295716944,"BOGR","obs"
"1533",0.0368660225504044,"BOGR","obs"
"1534",0.106592714002966,"BOGR","obs"
"1535",0.218619189047965,"BOGR","obs"
"1536",0.241654259334358,"BOGR","obs"
"1537",0.268243308022649,"BOGR","obs"
"1538",0.374343158744503,"BOGR","obs"
"1539",0.307379543374908,"BOGR","obs"
"1540",0.652059472255676,"BOGR","obs"
"1541",0.328430518996707,"BOGR","obs"
"1542",0.167499841925983,"BOGR","obs"
"1543",0.0251968945259871,"BOGR","obs"
"1544",0.0695126446145938,"BOGR","obs"
"1545",0.0421027898892831,"BOGR","obs"
"1546",0.00868799643979508,"BOGR","obs"
"1547",0.00259416651331058,"BOGR","obs"
"1548",0.00114959915155036,"BOGR","obs"
"1549",0.002138690253459,"BOGR","obs"
"1550",0.00300951905106164,"BOGR","obs"
"1551",0.00281209619871005,"BOGR","obs"
"1552",0.00469959512264929,"BOGR","obs"
"1553",0.010310592413051,"BOGR","obs"
"1554",0.0143928299835306,"BOGR","obs"
"1555",0.00312545464743015,"BOGR","obs"
"1556",0.0051668617380066,"BOGR","obs"
"1557",0.0144063805872741,"BOGR","obs"
"1558",0.00119100364301207,"BOGR","obs"
"1559",0.000849331858595335,"BOGR","obs"
"1560",0.00111658627794768,"BOGR","obs"
"1561",0.000393013328922258,"BOGR","obs"
"1562",0.000816737190922564,"BOGR","obs"
"1563",6.94710372489913e-05,"BOGR","obs"
"1564",1.39454444018212e-05,"BOGR","obs"
"1565",7.36865578610567e-05,"BOGR","obs"
"1566",0.000138456683479703,"BOGR","obs"
"1567",0.00041036095659268,"BOGR","obs"
"1568",0.00113297266344273,"BOGR","obs"
"1569",0.00295042734773785,"BOGR","obs"
"1570",0.00377293581254043,"BOGR","obs"
"1571",0.0192952171178247,"BOGR","obs"
"1572",0.0275565315284353,"BOGR","obs"
"1573",0.139518164797302,"BOGR","obs"
"1574",0.0327677856038904,"BOGR","obs"
"1575",0.00773200543178874,"BOGR","obs"
"1576",0.0123514169767317,"BOGR","obs"
"1577",0.0271574284286692,"BOGR","obs"
"1578",0.0294872945999541,"BOGR","obs"
"1579",0.0659196612696294,"BOGR","obs"
"1580",0.0876030224204786,"BOGR","obs"
"1581",0.0822439228428274,"BOGR","obs"
"1582",0.139901422428578,"BOGR","obs"
"1583",0.142851250777207,"BOGR","obs"
"1584",0.0799437133084943,"BOGR","obs"
"1585",0.029162777018456,"BOGR","obs"
"1586",0.0494105768121354,"BOGR","obs"
"1587",0.02581315169257,"BOGR","obs"
"1588",0.111768885435999,"BOGR","obs"
"1589",0.668619403379293,"BOGR","obs"
"1590",0.247788012531563,"BOGR","obs"
"1591",0.0347487282782604,"BOGR","obs"
"1592",0.0402552472997032,"BOGR","obs"
"1593",0.0424580189650785,"BOGR","obs"
"1594",0.0805263542276335,"BOGR","obs"
"1595",0.0977485871722393,"BOGR","obs"
"1596",0.0391685427491689,"BOGR","obs"
"1597",0.0785773258231915,"BOGR","obs"
"1598",0.160184974576817,"BOGR","obs"
"1599",0.0239897326212351,"BOGR","obs"
"1600",0.0227138786449871,"BOGR","obs"
"1601",0.0284406358910628,"BOGR","obs"
"1602",0.0123631208143782,"BOGR","obs"
"1603",0.0165540471367308,"BOGR","obs"
"1604",0.0304738941972502,"BOGR","obs"
"1605",0.0199704866492677,"BOGR","obs"
"1606",0.0825309209698802,"BOGR","obs"
"1607",0.635674246184341,"BOGR","obs"
"1608",0.226807855289135,"BOGR","obs"
"1609",0.0938468397417878,"BOGR","obs"
"1610",0.10653824874624,"BOGR","obs"
"1611",0.335368448761695,"BOGR","obs"
"1612",0.0715324627129892,"BOGR","obs"
"1613",0.124372762092944,"BOGR","obs"
"1614",0.0370478488388342,"BOGR","obs"
"1615",0.00796355076069333,"BOGR","obs"
"1616",0.0086351864140296,"BOGR","obs"
"1617",0.00453834335184613,"BOGR","obs"
"1618",0.00354656547156909,"BOGR","obs"
"1619",0.0127637281287679,"BOGR","obs"
"1620",0.0553275495664406,"BOGR","obs"
"1621",0.0836298309694971,"BOGR","obs"
"1622",0.034189258083058,"BOGR","obs"
"1623",0.0295594631027388,"BOGR","obs"
"1624",0.0167987425930804,"BOGR","obs"
"1625",0.0162428361459428,"BOGR","obs"
"1626",0.00454344174314198,"BOGR","obs"
"1627",0.00704095375051004,"BOGR","obs"
"1628",0.00569961929693526,"BOGR","obs"
"1629",0.0107744616386142,"BOGR","obs"
"1630",0.00626159532069676,"BOGR","obs"
"1631",0.00466940821662016,"BOGR","obs"
"1632",0.00680816390221302,"BOGR","obs"
"1633",0.00445601322828146,"BOGR","obs"
"1634",0.0053972106568748,"BOGR","obs"
"1635",0.0102002278816858,"BOGR","obs"
"1636",0.0221708341971109,"BOGR","obs"
"1637",0.0597242008820282,"BOGR","obs"
"1638",0.0756665551523925,"BOGR","obs"
"1639",0.0214186421908931,"BOGR","obs"
"1640",0.0179372071373753,"BOGR","obs"
"1641",0.0145085125217046,"BOGR","obs"
"1642",0.0287848104940997,"BOGR","obs"
"1643",0.00498781975611632,"BOGR","obs"
"1644",0.00523438400215929,"BOGR","obs"
"1645",0.0668897072315063,"BOGR","obs"
"1646",0.234140404311534,"BOGR","obs"
"1647",0.16629746345553,"BOGR","obs"
"1648",0.0902060806580885,"BOGR","obs"
"1649",0.259128637223307,"BOGR","obs"
"1650",0.0197809358609728,"BOGR","obs"
"1651",0.0177453106979399,"BOGR","obs"
"1652",0.0487102602834718,"BOGR","obs"
"1653",0.0836498647121178,"BOGR","obs"
"1654",0.0793381375946044,"BOGR","obs"
"1655",0.0189638399653601,"BOGR","obs"
"1656",0.0502366769658841,"BOGR","obs"
"1657",0.0456592002661634,"BOGR","obs"
"1658",0.0528031779504988,"BOGR","obs"
"1659",0.0574144797470065,"BOGR","obs"
"1660",0.00456833291176861,"BOGR","obs"
"1661",0.00230062797587427,"BOGR","obs"
"1662",0.0013393120979451,"BOGR","obs"
"1663",0.00120845615685321,"BOGR","obs"
"1664",0.0034315526579555,"BOGR","obs"
"1665",0.00685069353751719,"BOGR","obs"
"1666",0.0152929577504615,"BOGR","obs"
"1667",0.0715367804142219,"BOGR","obs"
"1668",0.0539462337766666,"BOGR","obs"
"1669",0.0788760492946644,"BOGR","obs"
"1670",0.513613542757419,"BOGR","obs"
"1671",0.584137680982396,"BOGR","obs"
"1672",0.391333407940128,"BOGR","obs"
"1673",0.126505431074164,"BOGR","obs"
"1674",0.18078950437998,"BOGR","obs"
"1675",0.808232950973847,"BOGR","obs"
"1676",0.763091120952307,"BOGR","obs"
"1677",0.981112915609648,"BOGR","obs"
"1678",0.306941107288764,"BOGR","obs"
"1679",0.487681530278344,"BOGR","obs"
"1680",0.290777077242939,"BOGR","obs"
"1681",0.190064467965137,"BOGR","obs"
"1682",0.0831408337727971,"BOGR","obs"
"1683",0.0122920434397338,"BOGR","obs"
"1684",0.0193273584583644,"BOGR","obs"
"1685",0.0287270598848099,"BOGR","obs"
"1686",0.0808294006875834,"BOGR","obs"
"1687",0.427915604890499,"BOGR","obs"
"1688",0.103467748995312,"BOGR","obs"
"1689",0.0231467857951315,"BOGR","obs"
"1690",0.0324120162891243,"BOGR","obs"
"1691",0.0633600984933828,"BOGR","obs"
"1692",0.0489935856752144,"BOGR","obs"
"1693",0.0603718154314572,"BOGR","obs"
"1694",0.0919382250354615,"BOGR","obs"
"1695",0.0295588076019543,"BOGR","obs"
"1696",0.0844968485178048,"BOGR","obs"
"1697",0.713326592515449,"BOGR","obs"
"1698",0.282666484312563,"BOGR","obs"
"1699",0.273134944654542,"BOGR","obs"
"1700",0.111059547428554,"BOGR","obs"
"1701",0.0407876610312806,"BOGR","obs"
"1702",0.0199442384021796,"BOGR","obs"
"1703",0.107333843340214,"BOGR","obs"
"1704",0.0187642339707895,"BOGR","obs"
"1705",0.0157516182194637,"BOGR","obs"
"1706",0.00748556666845051,"BOGR","obs"
"1707",0.021218293820478,"BOGR","obs"
"1708",0.00729444339384142,"BOGR","obs"
"1709",0.0196476762496974,"BOGR","obs"
"1710",0.00629429208320839,"BOGR","obs"
"1711",0.0020240558363563,"BOGR","obs"
"1712",0.00163986491642487,"BOGR","obs"
"1713",0.00443537956123903,"BOGR","obs"
"1714",0.0066313546675254,"BOGR","obs"
"1715",0.0101521714106634,"BOGR","obs"
"1716",0.00254647017066451,"BOGR","obs"
"1717",0.0013022561250887,"BOGR","obs"
"1718",0.00102588511416609,"BOGR","obs"
"1719",0.00550281650915648,"BOGR","obs"
"1720",0.00136112661101955,"BOGR","obs"
"1721",4.8451873132405e-05,"BOGR","obs"
"1722",0.000694046248287453,"BOGR","obs"
"1723",0.00140257820816756,"BOGR","obs"
"1724",0.00118872207938742,"BOGR","obs"
"1725",0.000659771584053151,"BOGR","obs"
"1726",0.00210827938102497,"BOGR","obs"
"1727",0.00270680595573707,"BOGR","obs"
"1728",0.0053767764294521,"BOGR","obs"
"1729",0.00178507848069849,"BOGR","obs"
"1730",0.000438013890281669,"BOGR","obs"
"1731",0.000408623367041568,"BOGR","obs"
"1732",0.000315314550066624,"BOGR","obs"
"1733",0.000156358272355909,"BOGR","obs"
"1734",5.31797846300413e-05,"BOGR","obs"
"1735",0.000190168026420183,"BOGR","obs"
"1736",0.000722193938725362,"BOGR","obs"
"1737",0.00131344111507566,"BOGR","obs"
"1738",0.000660851953914609,"BOGR","obs"
"1739",0.00273636706178115,"BOGR","obs"
"1740",0.00667267419036182,"BOGR","obs"
"1741",0.032055641524702,"BOGR","obs"
"1742",0.054636432867332,"BOGR","obs"
"1743",0.0532408443737845,"BOGR","obs"
"1744",0.0503258804462767,"BOGR","obs"
"1745",0.0364292956302877,"BOGR","obs"
"1746",0.0217481738373741,"BOGR","obs"
"1747",0.025787637539736,"BOGR","obs"
"1748",0.00582169130131233,"BOGR","obs"
"1749",0.0123571885408748,"BOGR","obs"
"1750",0.11556384393322,"BOGR","obs"
"1751",0.0532300933250989,"BOGR","obs"
"1752",0.00957579761301485,"BOGR","obs"
"1753",0.0084707713537252,"BOGR","obs"
"1754",0.0698937484185429,"BOGR","obs"
"1755",0.0281621369387381,"BOGR","obs"
"1756",0.0336077158015058,"BOGR","obs"
"1757",0.072856065537709,"BOGR","obs"
"1758",0.120835999458836,"BOGR","obs"
"1759",0.0323361186344398,"BOGR","obs"
"1760",0.00698537594117471,"BOGR","obs"
"1761",0.0125925238735961,"BOGR","obs"
"1762",0.0192130465237478,"BOGR","obs"
"1763",0.0156293680602153,"BOGR","obs"
"1764",0.0253041937997293,"BOGR","obs"
"1765",0.0374402965997589,"BOGR","obs"
"1766",0.0232861957480355,"BOGR","obs"
"1767",0.00896238552404781,"BOGR","obs"
"1768",0.00275079538287654,"BOGR","obs"
"1769",0.005730148253683,"BOGR","obs"
"1770",0.00169344763425644,"BOGR","obs"
"1771",0.00233959838342151,"BOGR","obs"
"1772",0.0013129591809894,"BOGR","obs"
"1773",0.00169324082251187,"BOGR","obs"
"1774",0.000951450481308666,"BOGR","obs"
"1775",0.00626834742662592,"BOGR","obs"
"1776",0.0522963683827887,"BOGR","obs"
"1777",0.109054682319294,"BOGR","obs"
"1778",0.415817150735579,"BOGR","obs"
"1779",0.290134616954476,"BOGR","obs"
"1780",0.69430360238248,"BOGR","obs"
"1781",0.708312125606189,"BOGR","obs"
"1782",0.410814780172237,"BOGR","obs"
"1783",0.521822390526365,"BOGR","obs"
"1784",0.22876672421451,"BOGR","obs"
"1785",0.195091529300415,"BOGR","obs"
"1786",0.45480348812832,"BOGR","obs"
"1787",0.149733373478893,"BOGR","obs"
"1788",0.0670035818070077,"BOGR","obs"
"1789",0.00586423906887052,"BOGR","obs"
"1790",0.00449803306862997,"BOGR","obs"
"1791",0.00595938627220377,"BOGR","obs"
"1792",0.0110746266447416,"BOGR","obs"
"1793",0.00790803986680731,"BOGR","obs"
"1794",0.0345798807232275,"BOGR","obs"
"1795",0.0344567230176149,"BOGR","obs"
"1796",0.0365262813503674,"BOGR","obs"
"1797",0.00374309037541465,"BOGR","obs"
"1798",0.00654221825502831,"BOGR","obs"
"1799",0.00777265951176241,"BOGR","obs"
"1800",0.00961523040822581,"BOGR","obs"
"1801",0.011184722506112,"BOGR","obs"
"1802",0.00847608458363532,"BOGR","obs"
"1803",0.00271901453059424,"BOGR","obs"
"1804",0.00251344520597163,"BOGR","obs"
"1805",0.00219769745035184,"BOGR","obs"
"1806",0.00795984928125692,"BOGR","obs"
"1807",0.00688751540727587,"BOGR","obs"
"1808",0.00159536703583984,"BOGR","obs"
"1809",0.002634514285922,"BOGR","obs"
"1810",0.000850453057141859,"BOGR","obs"
"1811",0.00558347857868044,"BOGR","obs"
"1812",0.00386323529485979,"BOGR","obs"
"1813",0.00745699845992697,"BOGR","obs"
"1814",0.00642221143218391,"BOGR","obs"
"1815",0.0237265366369274,"BOGR","obs"
"1816",0.0351058862776407,"BOGR","obs"
"1817",0.0674495449655198,"BOGR","obs"
"1818",0.0389775677242499,"BOGR","obs"
"1819",0.117256791201137,"BOGR","obs"
"1820",0.0815146598555779,"BOGR","obs"
"1821",0.0659354085922265,"BOGR","obs"
"1822",0.00914088451007718,"BOGR","obs"
"1823",0.0150796108789171,"BOGR","obs"
"1824",0.0263949332696859,"BOGR","obs"
"1825",0.0474420328281787,"BOGR","obs"
"1826",0.136146745466226,"BOGR","obs"
"1827",0.0506846176905977,"BOGR","obs"
"1828",0.0889835319677809,"BOGR","obs"
"1829",0.0578091804089106,"BOGR","obs"
"1830",0.113329066792371,"BOGR","obs"
"1831",0.238985966583717,"BOGR","obs"
"1832",0.296069022775885,"BOGR","obs"
"1833",0.311064200537939,"BOGR","obs"
"1834",0.476014060686556,"BOGR","obs"
"1835",0.755656412473279,"BOGR","obs"
"1836",0.475362809286617,"BOGR","obs"
"1837",0.319028972026735,"BOGR","obs"
"1838",0.323411429133198,"BOGR","obs"
"1839",0.235578020440518,"BOGR","obs"
"1840",0.215436242234034,"BOGR","obs"
"1841",0.137068143710679,"BOGR","obs"
"1842",0.231859156820792,"BOGR","obs"
"1843",0.330220395810576,"BOGR","obs"
"1844",0.729359132898391,"BOGR","obs"
"1845",0.345743237315745,"BOGR","obs"
"1846",0.186782999755717,"BOGR","obs"
"1847",0.115042270141245,"BOGR","obs"
"1848",0.334097553311246,"BOGR","obs"
"1849",0.141934519692813,"BOGR","obs"
"1850",0.0314255277899158,"BOGR","obs"
"1851",0.0353091108065284,"BOGR","obs"
"1852",0.0167599595069708,"BOGR","obs"
"1853",0.00844466785244942,"BOGR","obs"
"1854",0.0277338552802243,"BOGR","obs"
"1855",0.0434732845858371,"BOGR","obs"
"1856",0.128582586405831,"BOGR","obs"
"1857",0.128421443396342,"BOGR","obs"
"1858",0.24296741345297,"BOGR","obs"
"1859",0.265851257991958,"BOGR","obs"
"1860",0.155998663486414,"BOGR","obs"
"1861",0.178601668576034,"BOGR","obs"
"1862",0.0946915258743946,"BOGR","obs"
"1863",0.239962865235579,"BOGR","obs"
"1864",0.215458695157271,"BOGR","obs"
"1865",0.220591164471249,"BOGR","obs"
"1866",0.0794292420366515,"BOGR","obs"
"1867",0.0349549949859628,"BOGR","obs"
"1868",0.0815009573989746,"BOGR","obs"
"1869",0.0434159198971588,"BOGR","obs"
"1870",0.0501171453217179,"BOGR","obs"
"1871",0.0708506459311905,"BOGR","obs"
"1872",0.0591250111891905,"BOGR","obs"
"1873",0.102082526117579,"BOGR","obs"
"1874",0.718782188446372,"BOGR","obs"
"1875",0.199577816066187,"BOGR","obs"
"1876",0.065795599583729,"BOGR","obs"
"1877",0.00476297977126464,"BOGR","obs"
"1878",0.00677920935679736,"BOGR","obs"
"1879",0.00656045813562882,"BOGR","obs"
"1880",0.010611487416724,"BOGR","obs"
"1881",0.0294265841094338,"BOGR","obs"
"1882",0.0476205375244431,"BOGR","obs"
"1883",0.060864921319588,"BOGR","obs"
"1884",0.0236357059549248,"BOGR","obs"
"1885",0.0122988098830905,"BOGR","obs"
"1886",0.0072034171918832,"BOGR","obs"
"1887",0.0135663070135893,"BOGR","obs"
"1888",0.0368565964673885,"BOGR","obs"
"1889",0.0416354123231903,"BOGR","obs"
"1890",0.025590482936707,"BOGR","obs"
"1891",0.170357653674266,"BOGR","obs"
"1892",0.032173426359915,"BOGR","obs"
"1893",0.0719294581290495,"BOGR","obs"
"1894",0.0951241165535542,"BOGR","obs"
"1895",0.0935892187970006,"BOGR","obs"
"1896",0.116230705419004,"BOGR","obs"
"1897",0.105737325594972,"BOGR","obs"
"1898",0.0865107747250604,"BOGR","obs"
"1899",0.164012384760462,"BOGR","obs"
"1900",0.0415008918293125,"BOGR","obs"
"1901",0.0418220034085921,"BOGR","obs"
"1902",0.0262626771357066,"BOGR","obs"
"1903",0.0149122629412077,"BOGR","obs"
"1904",0.0145557771967501,"BOGR","obs"
"1905",0.0334305510995167,"BOGR","obs"
"1906",0.00963561857439487,"BOGR","obs"
"1907",0.00477188590721914,"BOGR","obs"
"1908",0.00293278600840686,"BOGR","obs"
"1909",0.00153003857916258,"BOGR","obs"
"1910",0.0185457941694581,"BOGR","obs"
"1911",0.019990058644633,"BOGR","obs"
"1912",0.0444707275354307,"BOGR","obs"
"1913",0.0931030210765962,"BOGR","obs"
"1914",0.0609527860223642,"BOGR","obs"
"1915",0.108785900070644,"BOGR","obs"
"1916",0.148665455829092,"BOGR","obs"
"1917",0.12303514076641,"BOGR","obs"
"1918",0.0644924128191161,"BOGR","obs"
"1919",0.0792188879498224,"BOGR","obs"
"1920",0.0425892618687418,"BOGR","obs"
"1921",0.086260401963674,"BOGR","obs"
"1922",0.104364360654916,"BOGR","obs"
"1923",0.0305821522122067,"BOGR","obs"
"1924",0.0483793264058346,"BOGR","obs"
"1925",0.0256118320651101,"BOGR","obs"
"1926",0.0120697925968596,"BOGR","obs"
"1927",0.0108957819769681,"BOGR","obs"
"1928",0.00193347986144214,"BOGR","obs"
"1929",0.00118138117284834,"BOGR","obs"
"1930",0.00253738313781792,"BOGR","obs"
"1931",0.00767840345848703,"BOGR","obs"
"1932",0.00821571817721901,"BOGR","obs"
"1933",0.00426957361459367,"BOGR","obs"
"1934",0.00781061899600056,"BOGR","obs"
"1935",0.00830101862333224,"BOGR","obs"
"1936",0.0110403371745946,"BOGR","obs"
"1937",0.0238940660365489,"BOGR","obs"
"1938",0.0141614372254591,"BOGR","obs"
"1939",0.00636387873464303,"BOGR","obs"
"1940",0.0104232761751504,"BOGR","obs"
"1941",0.00608821334660805,"BOGR","obs"
"1942",0.00530260899086402,"BOGR","obs"
"1943",0.00105416852040741,"BOGR","obs"
"1944",0.00112754277483692,"BOGR","obs"
"1945",0.0011986323728663,"BOGR","obs"
"1946",0.00052280918770807,"BOGR","obs"
"1947",0.000395898441424019,"BOGR","obs"
"1948",5.16395426188999e-05,"BOGR","obs"
"1949",0.000223588688552561,"BOGR","obs"
"1950",0.00227773302579987,"BOGR","obs"
"1951",0.00046229380352999,"BOGR","obs"
"1952",0.000569735412223965,"BOGR","obs"
"1953",0.00183558950018436,"BOGR","obs"
"1954",0.00163039728555693,"BOGR","obs"
"1955",0.00142155553507735,"BOGR","obs"
"1956",0.00074859201801416,"BOGR","obs"
"1957",0.00268550425380152,"BOGR","obs"
"1958",0.00226747510450592,"BOGR","obs"
"1959",0.00404541046286118,"BOGR","obs"
"1960",0.00199399956007876,"BOGR","obs"
"1961",0.00251403269289285,"BOGR","obs"
"1962",0.00851446203495162,"BOGR","obs"
"1963",0.00592455699241717,"BOGR","obs"
"1964",0.000854139420513718,"BOGR","obs"
"1965",0.00121632684671371,"BOGR","obs"
"1966",0.00189311077307925,"BOGR","obs"
"1967",0.00229961024381254,"BOGR","obs"
"1968",0.00481826405317132,"BOGR","obs"
"1969",0.0438898409383369,"BOGR","obs"
"1970",0.0928505849075862,"BOGR","obs"
"1971",0.049431627799792,"BOGR","obs"
"1972",0.0338689486734539,"BOGR","obs"
"1973",0.017640205718865,"BOGR","obs"
"1974",0.00544823270784978,"BOGR","obs"
"1975",0.0191202523472257,"BOGR","obs"
"1976",0.0116377703268334,"BOGR","obs"
"1977",0.00908712771662484,"BOGR","obs"
"1978",0.0124666253099198,"BOGR","obs"
"1979",0.0468015932500216,"BOGR","obs"
"1980",0.0204611376832009,"BOGR","obs"
"1981",0.0674455146006965,"BOGR","obs"
"1982",0.0822705974706063,"BOGR","obs"
"1983",0.0122481113066328,"BOGR","obs"
"1984",0.00573667819699237,"BOGR","obs"
"1985",0.00868096831606954,"BOGR","obs"
"1986",0.031790797475971,"BOGR","obs"
"1987",0.163797699353969,"BOGR","obs"
"1988",0.301894977496013,"BOGR","obs"
"1989",0.093243075610287,"BOGR","obs"
"1990",0.314251323903427,"BOGR","obs"
"1991",0.273409866804755,"BOGR","obs"
"1992",0.0658378130707082,"BOGR","obs"
"1993",0.264499122344078,"BOGR","obs"
"1994",0.286815964769616,"BOGR","obs"
"1995",0.0657300770661179,"BOGR","obs"
"1996",0.0636728277540678,"BOGR","obs"
"1997",0.0194763196538626,"BOGR","obs"
"1998",0.0142986489232384,"BOGR","obs"
"1999",0.0137450640899099,"BOGR","obs"
"2000",0.0254082401457185,"BOGR","obs"
"2001",0.0197362708435562,"BOGR","obs"
