"","quad","year","OBJECTID","species","seedling","stem","x","y","age","survives","dormancy","trackID"
"17409","Q10",39,120,"Comandra umbellata","N","N",0.789049722925449,0.917305293357395,1,1,0,1
"17578","Q10",40,149,"Comandra umbellata","N","N",0.792904422032077,0.928514192633654,2,0,0,1
"20916","Q13",50,124,"Comandra umbellata","N","N",0.148483425453875,0.578389425854255,1,0,0,1
"21049","Q14",30,3,"Comandra umbellata","N","N",0.521827082051577,0.12183847230406,1,1,0,1
"21075","Q14",32,5,"Comandra umbellata","N","N",0.528816917995587,0.109806495730354,3,0,1,1
"21552","Q14",42,93,"Comandra umbellata","N","N",0.280662488076977,0.694599894712485,1,0,0,2
"21555","Q14",42,96,"Comandra umbellata","N","N",0.319866238113486,0.691408894709514,1,0,0,3
"21556","Q14",42,97,"Comandra umbellata","N","N",0.341291550633442,0.696423324401683,1,0,0,4
"21984","Q14",56,60,"Comandra umbellata","N","N",0.541215910194635,0.122725917617386,1,0,0,5
"21985","Q14",56,61,"Comandra umbellata","N","N",0.558839871148549,0.099072714470357,1,0,0,6
"21986","Q14",56,62,"Comandra umbellata","N","N",0.596870511808967,0.072172995695305,1,0,0,7
"21988","Q14",56,64,"Comandra umbellata","N","N",0.571825941473143,0.065679956626758,1,0,0,8
"26035","Q20",42,268,"Comandra umbellata","N","N",0.869257508331978,0.92965011077929,1,0,0,1
"26095","Q20",45,136,"Comandra umbellata","N","N",0.717128050983466,0.504483042972924,1,0,0,2
"26105","Q20",45,146,"Comandra umbellata","N","N",0.841260301099074,0.85128460579591,1,1,0,3
"26113","Q20",45,154,"Comandra umbellata","N","N",0.947997316823479,0.647026011855679,1,1,0,4
"26182","Q20",45,223,"Comandra umbellata","N","N",0.897111125090252,0.927376827177575,1,1,0,5
"26223","Q20",46,109,"Comandra umbellata","N","N",0.739875754129652,0.457178027303869,1,1,0,6
"26226","Q20",46,112,"Comandra umbellata","N","N",0.743843144758347,0.403516089753892,1,1,0,7
"26229","Q20",46,115,"Comandra umbellata","N","N",0.844041621414164,0.840508418285872,2,1,0,3
"26230","Q20",46,116,"Comandra umbellata","N","N",0.807114691692273,0.812604199509885,1,0,0,8
"26236","Q20",46,122,"Comandra umbellata","N","N",0.964874027776697,0.660964339993659,2,1,0,4
"26237","Q20",46,123,"Comandra umbellata","N","N",0.976949207475443,0.498746605467583,1,1,0,9
"26238","Q20",46,124,"Comandra umbellata","N","N",0.994798043429566,0.472708214818332,1,0,0,10
"26239","Q20",46,125,"Comandra umbellata","N","N",0.98203423873018,0.353583472519889,1,0,0,11
"26240","Q20",46,126,"Comandra umbellata","N","N",0.989714566862332,0.38475504286142,1,0,0,12
"26273","Q20",46,159,"Comandra umbellata","N","N",0.688361004081675,0.039378198789763,1,0,0,13
"26274","Q20",46,160,"Comandra umbellata","N","N",0.695936699401231,0.019302597208566,1,1,0,14
"26275","Q20",46,161,"Comandra umbellata","N","N",0.632538089967185,0.211236925512318,1,0,0,15
"26301","Q20",46,187,"Comandra umbellata","N","N",0.739716123614646,0.427056465706526,1,1,0,16
"26302","Q20",46,188,"Comandra umbellata","N","N",0.912794064280593,0.91752942276895,2,1,0,5
"26304","Q20",46,190,"Comandra umbellata","N","N",0.766487599882946,0.355580589282669,1,1,0,17
"26305","Q20",46,191,"Comandra umbellata","N","N",0.605906279585192,0.1710806534566,1,0,0,18
"26306","Q20",46,192,"Comandra umbellata","N","N",0.932374391411425,0.126161718673394,1,1,0,19
"26307","Q20",46,193,"Comandra umbellata","N","N",0.93256601655013,0.082726127394392,1,1,0,20
"26324","Q20",47,138,"Comandra umbellata","N","N",0.161526558278521,0.694210566587123,1,1,0,21
"26342","Q20",47,156,"Comandra umbellata","N","N",0.746259347885597,0.599602582124013,1,1,0,22
"26373","Q20",47,187,"Comandra umbellata","N","N",0.705522738472658,0.280199238076544,1,1,0,23
"26375","Q20",47,189,"Comandra umbellata","N","N",0.683821394702448,0.010058823762456,2,0,0,14
"26376","Q20",47,190,"Comandra umbellata","N","N",0.639697043098853,0.31339410529496,1,1,0,24
"26387","Q20",47,201,"Comandra umbellata","N","N",0.019851589396577,0.211847073950387,1,0,0,25
"26403","Q20",47,217,"Comandra umbellata","N","N",0.538053848477244,0.462131261201701,1,1,0,26
"26405","Q20",47,219,"Comandra umbellata","N","N",0.841623209161915,0.819563911807374,3,1,0,3
"26406","Q20",47,220,"Comandra umbellata","N","N",0.899490471161741,0.904284734037157,3,1,0,5
"26407","Q20",47,221,"Comandra umbellata","N","N",0.944440084029638,0.811361575514981,1,1,0,27
"26408","Q20",47,222,"Comandra umbellata","N","N",0.961548682406803,0.638359436336418,3,0,0,4
"26409","Q20",47,223,"Comandra umbellata","N","N",0.707103276690312,0.48075618639507,2,1,0,6
"26410","Q20",47,224,"Comandra umbellata","N","N",0.716397936368501,0.424034358830067,2,0,0,16
"26411","Q20",47,225,"Comandra umbellata","N","N",0.724558718148263,0.393971984449881,2,1,0,7
"26412","Q20",47,226,"Comandra umbellata","N","N",0.739114078666691,0.342790988779263,2,1,0,17
"26414","Q20",47,228,"Comandra umbellata","N","N",0.988591758719593,0.488994723187388,2,1,0,9
"26415","Q20",47,229,"Comandra umbellata","N","N",0.926202694611889,0.561641644703956,1,1,0,28
"26416","Q20",47,230,"Comandra umbellata","N","N",0.754563744138181,0.235712032153984,1,1,0,29
"26419","Q20",47,233,"Comandra umbellata","N","N",0.03964263170459,0.247435135255724,1,1,0,30
"26420","Q20",47,234,"Comandra umbellata","N","N",0.930315964476813,0.127320203191387,2,1,0,19
"26421","Q20",47,235,"Comandra umbellata","N","N",0.909792053900802,0.096511404767411,1,1,0,31
"26422","Q20",47,236,"Comandra umbellata","N","N",0.917640455771931,0.077626964489195,2,0,0,20
"26429","Q20",49,131,"Comandra umbellata","N","N",0.028577269092203,0.70345255097073,1,1,0,32
"26433","Q20",49,135,"Comandra umbellata","N","N",0.091051487900387,0.632595207154739,1,1,0,33
"26434","Q20",49,136,"Comandra umbellata","N","N",0.090141191024539,0.620072886830576,1,0,0,34
"26435","Q20",49,137,"Comandra umbellata","N","N",0.072659862883259,0.610894644634528,1,0,0,35
"26438","Q20",49,140,"Comandra umbellata","N","N",0.176059542667057,0.700773840030736,3,0,1,21
"26439","Q20",49,141,"Comandra umbellata","N","N",0.193268237995583,0.695537988463358,1,0,0,36
"26449","Q20",49,151,"Comandra umbellata","N","N",0.406544105381712,0.542751925821066,1,1,0,37
"26457","Q20",49,159,"Comandra umbellata","N","N",0.649360261857853,0.772651011972676,1,1,0,38
"26458","Q20",49,160,"Comandra umbellata","N","N",0.684411699390497,0.489077253896077,4,0,1,6
"26461","Q20",49,163,"Comandra umbellata","N","N",0.711133761915383,0.942716644943562,1,1,0,39
"26464","Q20",49,166,"Comandra umbellata","N","N",0.714746254106248,0.598654207123128,1,1,0,40
"26465","Q20",49,167,"Comandra umbellata","N","N",0.736642402564141,0.584296918047257,3,0,1,22
"26466","Q20",49,168,"Comandra umbellata","N","N",0.721785894737804,0.578211832104091,1,0,0,41
"26467","Q20",49,169,"Comandra umbellata","N","N",0.711196207227942,0.510106503915662,1,0,0,42
"26472","Q20",49,174,"Comandra umbellata","N","N",0.840467262035834,0.836956832345066,5,1,1,3
"26473","Q20",49,175,"Comandra umbellata","N","N",0.816881121388868,0.809265105756775,1,1,0,43
"26477","Q20",49,179,"Comandra umbellata","N","N",0.875758269881202,0.94684816057241,1,0,0,44
"26481","Q20",49,183,"Comandra umbellata","N","N",0.881150176136225,0.595574722745261,1,0,0,45
"26482","Q20",49,184,"Comandra umbellata","N","N",0.924907949614476,0.824855230771296,1,0,0,46
"26484","Q20",49,186,"Comandra umbellata","N","N",0.904978285533415,0.589330207114446,3,0,1,28
"26486","Q20",49,188,"Comandra umbellata","N","N",0.960929660585523,0.825190457334107,1,0,0,47
"26488","Q20",49,190,"Comandra umbellata","N","N",0.978517504351903,0.489683121084142,4,1,1,9
"26489","Q20",49,191,"Comandra umbellata","N","N",0.986773551234593,0.459750878868765,1,1,0,48
"26491","Q20",49,193,"Comandra umbellata","N","N",0.932981551184496,0.129782878561458,4,1,1,19
"26493","Q20",49,195,"Comandra umbellata","N","N",0.897354402713815,0.245370019294108,1,1,0,49
"26495","Q20",49,197,"Comandra umbellata","N","N",0.835660394843859,0.236653675535989,1,1,0,50
"26496","Q20",49,198,"Comandra umbellata","N","N",0.849119597981393,0.227166980214654,1,0,0,51
"26497","Q20",49,199,"Comandra umbellata","N","N",0.811150285446032,0.19729120674933,1,0,0,52
"26500","Q20",49,202,"Comandra umbellata","N","N",0.745969254135328,0.36181948815256,4,1,1,17
"26501","Q20",49,203,"Comandra umbellata","N","N",0.769402543219651,0.333143831875852,1,1,0,53
"26502","Q20",49,204,"Comandra umbellata","N","N",0.75969528539811,0.233901769283427,3,0,1,29
"26504","Q20",49,206,"Comandra umbellata","N","N",0.469845550753166,0.011046878450877,1,1,0,54
"26505","Q20",49,207,"Comandra umbellata","N","N",0.336060644378569,0.113459097296256,1,0,0,55
"26506","Q20",49,208,"Comandra umbellata","N","N",0.292156933400181,0.068486730066872,1,0,0,56
"26508","Q20",49,210,"Comandra umbellata","N","N",0.134864073878691,0.39667297256002,1,0,0,57
"26518","Q20",49,220,"Comandra umbellata","N","N",0.346366986053035,0.506979541209198,1,1,0,58
"26519","Q20",49,221,"Comandra umbellata","N","N",0.554636628934652,0.50760246065098,3,1,1,26
"26521","Q20",49,223,"Comandra umbellata","N","N",0.914442816995304,0.901469452421666,5,1,1,5
"26522","Q20",49,224,"Comandra umbellata","N","N",0.937288006564325,0.807509650321926,3,1,1,27
"26523","Q20",49,225,"Comandra umbellata","N","N",0.798022280730537,0.810863483458298,1,0,0,59
"26524","Q20",49,226,"Comandra umbellata","N","N",0.949786693369792,0.521413165683691,1,0,0,60
"26525","Q20",49,227,"Comandra umbellata","N","N",0.024091036896901,0.118450896429757,1,1,0,61
"26526","Q20",49,228,"Comandra umbellata","N","N",0.918139049568929,0.098608398625334,3,1,1,31
"26527","Q20",49,229,"Comandra umbellata","N","N",0.785198843094986,0.18244277652628,1,1,0,62
"26528","Q20",49,230,"Comandra umbellata","N","N",0.740395878325035,0.225580982882092,1,0,0,63
"26529","Q20",49,231,"Comandra umbellata","N","N",0.732237993349382,0.255380814484307,1,0,0,64
"26530","Q20",49,232,"Comandra umbellata","N","N",0.731467474495192,0.249147740011595,1,1,0,65
"26531","Q20",49,233,"Comandra umbellata","N","N",0.709499923946026,0.297633763985831,3,1,1,23
"26532","Q20",49,234,"Comandra umbellata","N","N",0.727951840884878,0.396528383179345,4,1,1,7
"26533","Q20",49,235,"Comandra umbellata","N","N",0.656172114040672,0.335586442586257,3,1,1,24
"26535","Q20",49,237,"Comandra umbellata","N","N",0.305527697379836,0.090393170844746,1,1,0,66
"26536","Q20",49,238,"Comandra umbellata","N","N",0.252350507528357,0.072862063123896,1,0,0,67
"26537","Q20",49,239,"Comandra umbellata","N","N",0.345941828983723,0.017422867536418,1,1,0,68
"26538","Q20",49,240,"Comandra umbellata","N","N",0.053640605867262,0.246607782764934,3,1,1,30
"26557","Q20",50,122,"Comandra umbellata","N","N",0.393088566306681,0.541477699257379,2,1,0,37
"26558","Q20",50,123,"Comandra umbellata","N","N",0.344054503761014,0.507829582038542,2,1,0,58
"26559","Q20",50,124,"Comandra umbellata","N","N",0.429342292902946,0.542214347695565,1,0,0,69
"26570","Q20",50,135,"Comandra umbellata","N","N",0.727267621305409,0.595867964933034,2,1,0,40
"26575","Q20",50,140,"Comandra umbellata","N","N",0.841612441724402,0.836512527657152,6,1,0,3
"26576","Q20",50,141,"Comandra umbellata","N","N",0.808175652630761,0.811036199508425,2,0,0,43
"26578","Q20",50,143,"Comandra umbellata","N","N",0.894542605836196,0.905971762096841,6,1,0,5
"26582","Q20",50,147,"Comandra umbellata","N","N",0.93540305899925,0.757770636958818,1,1,0,70
"26586","Q20",50,151,"Comandra umbellata","N","N",0.984775605920233,0.503017199221559,5,0,0,9
"26587","Q20",50,152,"Comandra umbellata","N","N",0.975297051223905,0.470749503879008,2,1,0,48
"26588","Q20",50,153,"Comandra umbellata","N","N",0.92346355117563,0.107479612915687,4,1,0,31
"26594","Q20",50,159,"Comandra umbellata","N","N",0.808333558880908,0.219852308332842,1,0,0,71
"26596","Q20",50,161,"Comandra umbellata","N","N",0.79763116824594,0.179260683295039,2,1,0,62
"26597","Q20",50,162,"Comandra umbellata","N","N",0.742252316631865,0.379299269418838,1,0,0,72
"26598","Q20",50,163,"Comandra umbellata","N","N",0.743452613507983,0.366262894406698,5,1,0,17
"26599","Q20",50,164,"Comandra umbellata","N","N",0.731577090059424,0.270195300567228,1,0,0,73
"26600","Q20",50,165,"Comandra umbellata","N","N",0.648823175919852,0.36395773034205,1,1,0,74
"26601","Q20",50,166,"Comandra umbellata","N","N",0.643881027477749,0.333965870939118,4,1,0,24
"26602","Q20",50,167,"Comandra umbellata","N","N",0.47104136325428,0.11960558948948,1,1,0,75
"26603","Q20",50,168,"Comandra umbellata","N","N",0.368642550658914,0.132359370751359,1,1,0,76
"26604","Q20",50,169,"Comandra umbellata","N","N",0.357087519398152,0.023778190962734,2,1,0,68
"26609","Q20",50,174,"Comandra umbellata","N","N",0.050262261299899,0.250602698986481,4,0,0,30
"26614","Q20",50,179,"Comandra umbellata","N","N",0.042530026917698,0.069406972255229,1,1,0,77
"26618","Q20",50,183,"Comandra umbellata","N","N",0.697071593284761,0.956955838195673,2,1,0,39
"26619","Q20",50,184,"Comandra umbellata","N","N",0.648989221442662,0.780221405690499,2,1,0,38
"26621","Q20",50,186,"Comandra umbellata","N","N",0.930909525562472,0.815031413032161,4,1,0,27
"26623","Q20",50,188,"Comandra umbellata","N","N",0.728948579381888,0.403768249290135,5,0,0,7
"26624","Q20",50,189,"Comandra umbellata","N","N",0.767911796779519,0.337513204756498,2,1,0,53
"26625","Q20",50,190,"Comandra umbellata","N","N",0.697308805942181,0.304654060383676,4,1,0,23
"26626","Q20",50,191,"Comandra umbellata","N","N",0.537885657249047,0.485175833881894,4,1,0,26
"26635","Q20",50,200,"Comandra umbellata","N","N",0.023849833099748,0.682389880110155,2,1,0,32
"26637","Q20",50,202,"Comandra umbellata","N","N",0.935738049853015,0.137605295037843,5,1,0,19
"26638","Q20",50,203,"Comandra umbellata","N","N",0.821666534233527,0.251213525894655,2,1,0,50
"26639","Q20",50,204,"Comandra umbellata","N","N",0.740607483329464,0.248589766366709,2,1,0,65
"26640","Q20",50,205,"Comandra umbellata","N","N",0.624159064319444,0.221098649315894,1,1,0,78
"26641","Q20",50,206,"Comandra umbellata","N","N",0.315363908504095,0.095387800164186,2,1,0,66
"26642","Q20",50,207,"Comandra umbellata","N","N",0.005264264453001,0.11230668161596,2,1,0,61
"26643","Q20",50,208,"Comandra umbellata","N","N",0.482501103475169,0.02463846022108,2,1,0,54
"26660","Q20",51,94,"Comandra umbellata","N","N",0.101775394160375,0.626540894649101,3,1,1,33
"26677","Q20",51,111,"Comandra umbellata","N","N",0.337624566255026,0.49681139452828,3,0,0,58
"26691","Q20",51,125,"Comandra umbellata","N","N",0.648684238419723,0.792506699491168,1,0,0,79
"26692","Q20",51,126,"Comandra umbellata","N","N",0.640989941537558,0.774398722911804,3,1,0,38
"26701","Q20",51,135,"Comandra umbellata","N","N",0.754025957267831,0.580831308669031,1,0,0,80
"26703","Q20",51,137,"Comandra umbellata","N","N",0.773291488535773,0.365302745968303,6,0,0,17
"26705","Q20",51,139,"Comandra umbellata","N","N",0.853618871423083,0.83743438703301,7,1,0,3
"26706","Q20",51,140,"Comandra umbellata","N","N",0.906328949597174,0.921953027736724,7,1,0,5
"26707","Q20",51,141,"Comandra umbellata","N","N",0.94332498869413,0.74976221507636,2,1,0,70
"26708","Q20",51,142,"Comandra umbellata","N","N",0.941474434004905,0.713747699417818,1,0,0,81
"26714","Q20",51,148,"Comandra umbellata","N","N",0.942410988693278,0.100135855096347,5,0,0,31
"26715","Q20",51,149,"Comandra umbellata","N","N",0.944157019944904,0.088926886335909,1,1,0,82
"26717","Q20",51,151,"Comandra umbellata","N","N",0.904778512095729,0.240135277101731,3,1,1,49
"26723","Q20",51,157,"Comandra umbellata","N","N",0.761361183837162,0.217650238018291,1,0,0,83
"26724","Q20",51,158,"Comandra umbellata","N","N",0.798574277621818,0.188201831740865,3,1,0,62
"26725","Q20",51,159,"Comandra umbellata","N","N",0.828165808899379,0.177233019230649,1,0,0,84
"26726","Q20",51,160,"Comandra umbellata","N","N",0.80795939481806,0.166876198908505,1,1,0,85
"26727","Q20",51,161,"Comandra umbellata","N","N",0.739878402567155,0.245431964606666,3,1,0,65
"26728","Q20",51,162,"Comandra umbellata","N","N",0.655417464988493,0.351131519392605,2,1,0,74
"26729","Q20",51,163,"Comandra umbellata","N","N",0.644196386853044,0.202035972378749,2,1,0,78
"26730","Q20",51,164,"Comandra umbellata","N","N",0.496383378902881,0.125744026995197,2,1,0,75
"26732","Q20",51,166,"Comandra umbellata","N","N",0.325450738118689,0.092994316027196,3,0,0,66
"26733","Q20",51,167,"Comandra umbellata","N","N",0.355596761584263,0.004813206570072,3,1,0,68
"26736","Q20",51,170,"Comandra umbellata","N","N",0.057781784744402,0.08900350352348,1,1,0,86
"26739","Q20",51,173,"Comandra umbellata","N","N",0.010534253450399,0.097796917594169,3,0,0,61
"26747","Q20",51,181,"Comandra umbellata","N","N",0.741799403378093,0.600872010880302,3,1,0,40
"26748","Q20",51,182,"Comandra umbellata","N","N",0.72439754157806,0.693411554904617,1,0,0,87
"26749","Q20",51,183,"Comandra umbellata","N","N",0.547857283699376,0.470057328792989,5,1,0,26
"26750","Q20",51,184,"Comandra umbellata","N","N",0.405795333039405,0.52447555255952,3,1,0,37
"26757","Q20",51,191,"Comandra umbellata","N","N",0.039478633261984,0.676202808592561,3,1,0,32
"26759","Q20",51,193,"Comandra umbellata","N","N",0.775585889260175,0.34829850491856,3,1,0,53
"26760","Q20",51,194,"Comandra umbellata","N","N",0.703545798079372,0.303762685994291,5,1,0,23
"26761","Q20",51,195,"Comandra umbellata","N","N",0.662674822676879,0.328805500370273,5,1,0,24
"26762","Q20",51,196,"Comandra umbellata","N","N",0.98978680168406,0.462152216097932,3,1,0,48
"26763","Q20",51,197,"Comandra umbellata","N","N",0.696054887226099,0.022984853618498,1,1,0,88
"26764","Q20",51,198,"Comandra umbellata","N","N",0.961573849122138,0.134623207644508,6,1,0,19
"26766","Q20",51,200,"Comandra umbellata","N","N",0.371366966002392,0.112971741807693,2,1,0,76
"26767","Q20",51,201,"Comandra umbellata","N","N",0.052584016435791,0.066024772949559,2,1,0,77
"26774","Q20",52,80,"Comandra umbellata","N","N",0.006275659696433,0.677133316571218,1,0,0,89
"26775","Q20",52,81,"Comandra umbellata","N","N",0.015714355017724,0.665513027497895,4,1,0,32
"26782","Q20",52,88,"Comandra umbellata","N","N",0.105986605101797,0.488049878895121,1,1,0,90
"26786","Q20",52,92,"Comandra umbellata","N","N",0.147423448890387,0.424853324148764,1,0,0,91
"26796","Q20",52,102,"Comandra umbellata","N","N",0.389350386615699,0.527249292994127,4,0,0,37
"26805","Q20",52,111,"Comandra umbellata","N","N",0.505746785161603,0.888102762080199,1,1,0,92
"26812","Q20",52,118,"Comandra umbellata","N","N",0.717887535359174,0.605250871191772,1,0,0,93
"26813","Q20",52,119,"Comandra umbellata","N","N",0.726513363492207,0.582083207107696,4,0,0,40
"26814","Q20",52,120,"Comandra umbellata","N","N",0.848419676105741,0.835423004218637,8,0,0,3
"26815","Q20",52,121,"Comandra umbellata","N","N",0.92223819961199,0.80279526981325,6,0,1,27
"26816","Q20",52,122,"Comandra umbellata","N","N",0.927830598054698,0.739158832253984,3,0,0,70
"26818","Q20",52,124,"Comandra umbellata","N","N",0.952668949640331,0.511319488291792,1,1,0,94
"26819","Q20",52,125,"Comandra umbellata","N","N",0.970648480907076,0.471356035129573,4,1,0,48
"26821","Q20",52,127,"Comandra umbellata","N","N",0.89925005896558,0.231163253655876,4,1,0,49
"26822","Q20",52,128,"Comandra umbellata","N","N",0.834125363592428,0.231636089593816,4,0,1,50
"26825","Q20",52,131,"Comandra umbellata","N","N",0.742499301007094,0.091800948838585,1,1,0,95
"26826","Q20",52,132,"Comandra umbellata","N","N",0.765909801028898,0.072686659758284,1,0,0,96
"26827","Q20",52,133,"Comandra umbellata","N","N",0.66075998061847,0.357897597523906,3,1,0,74
"26828","Q20",52,134,"Comandra umbellata","N","N",0.662728574370303,0.318287120924517,6,1,0,24
"26831","Q20",52,137,"Comandra umbellata","N","N",0.527959863307289,0.239091034913259,1,0,0,97
"26832","Q20",52,138,"Comandra umbellata","N","N",0.476394730446766,0.026423698777697,4,0,1,54
"26833","Q20",52,139,"Comandra umbellata","N","N",0.453834472613255,0.10759042541579,1,1,0,98
"26841","Q20",52,147,"Comandra umbellata","N","N",0.046271745671183,0.064078628500266,3,1,0,77
"26843","Q20",52,149,"Comandra umbellata","N","N",0.64282332915848,0.772551666671913,4,1,0,38
"26847","Q20",52,153,"Comandra umbellata","N","N",0.703414789932458,0.950692228702744,4,0,1,39
"26849","Q20",52,155,"Comandra umbellata","N","N",0.895640528300786,0.912378387040655,8,0,0,5
"26853","Q20",52,159,"Comandra umbellata","N","N",0.773944858216266,0.352908292449619,4,1,0,53
"26854","Q20",52,160,"Comandra umbellata","N","N",0.701062683329016,0.293503075718247,6,1,0,23
"26855","Q20",52,161,"Comandra umbellata","N","N",0.740626973877694,0.241976490130711,4,1,0,65
"26856","Q20",52,162,"Comandra umbellata","N","N",0.631547972333178,0.204971009923482,3,1,0,78
"26857","Q20",52,163,"Comandra umbellata","N","N",0.784577722284565,0.190502235448803,4,0,0,62
"26858","Q20",52,164,"Comandra umbellata","N","N",0.79184628574538,0.172365996935061,2,0,0,85
"26859","Q20",52,165,"Comandra umbellata","N","N",0.545889984853958,0.463877712827232,6,0,0,26
"26866","Q20",52,172,"Comandra umbellata","N","N",0.095827328778289,0.622944296610408,4,1,0,33
"26868","Q20",52,174,"Comandra umbellata","N","N",0.15074590112092,0.2344390052744,1,1,0,99
"26869","Q20",52,175,"Comandra umbellata","N","N",0.928677002028413,0.087103832612994,2,1,0,82
"26870","Q20",52,176,"Comandra umbellata","N","N",0.948840307563348,0.141595608151201,7,1,0,19
"26872","Q20",52,178,"Comandra umbellata","N","N",0.671044918654806,0.024108016173967,2,1,0,88
"26873","Q20",52,179,"Comandra umbellata","N","N",0.485557189807666,0.124336333039057,3,1,0,75
"26874","Q20",52,180,"Comandra umbellata","N","N",0.361143158867484,0.092083615525447,3,1,0,76
"26875","Q20",52,181,"Comandra umbellata","N","N",0.34498814591113,0.015104861357423,4,0,0,68
"26876","Q20",52,182,"Comandra umbellata","N","N",0.281148345303928,0.105690941588112,1,0,0,100
"26877","Q20",52,183,"Comandra umbellata","N","N",0.048791092569865,0.098250282137389,2,1,0,86
"26883","Q20",54,68,"Comandra umbellata","N","N",0.013821433140961,0.667453519687203,6,1,1,32
"26884","Q20",54,69,"Comandra umbellata","N","N",0.053134847240075,0.619476136830021,1,0,0,101
"26885","Q20",54,70,"Comandra umbellata","N","N",0.077580378512841,0.615381964951207,6,1,1,33
"26889","Q20",54,74,"Comandra umbellata","N","N",0.186260128614056,0.983031012168607,1,1,0,102
"26898","Q20",54,83,"Comandra umbellata","N","N",0.478502152323729,0.846765355791701,3,1,1,92
"26906","Q20",54,91,"Comandra umbellata","N","N",0.630527277465313,0.77861514479073,6,1,1,38
"26913","Q20",54,98,"Comandra umbellata","N","N",0.802980457313422,0.870854207376635,1,1,0,103
"26916","Q20",54,101,"Comandra umbellata","N","N",0.93965522306571,0.507960175788663,3,1,1,94
"26919","Q20",54,104,"Comandra umbellata","N","N",0.975758332474334,0.478504589823731,6,0,1,48
"26920","Q20",54,105,"Comandra umbellata","N","N",0.915811394918504,0.270492058380005,1,1,0,104
"26922","Q20",54,107,"Comandra umbellata","N","N",0.934666168373565,0.177970777043837,1,1,0,105
"26923","Q20",54,108,"Comandra umbellata","N","N",0.925876285552879,0.152057191082203,9,1,1,19
"26924","Q20",54,109,"Comandra umbellata","N","N",0.881080098011158,0.249389425547851,6,1,1,49
"26926","Q20",54,111,"Comandra umbellata","N","N",0.912606355853019,0.095566542592092,4,0,1,82
"26927","Q20",54,112,"Comandra umbellata","N","N",0.911822223039789,0.075750925386137,1,1,0,106
"26929","Q20",54,114,"Comandra umbellata","N","N",0.786273332297863,0.32805155843361,6,1,1,53
"26930","Q20",54,115,"Comandra umbellata","N","N",0.732725074435492,0.340896550633073,1,1,0,107
"26931","Q20",54,116,"Comandra umbellata","N","N",0.711636972853353,0.258761261494079,1,1,0,108
"26932","Q20",54,117,"Comandra umbellata","N","N",0.727615410368233,0.249394316172855,1,0,0,109
"26933","Q20",54,118,"Comandra umbellata","N","N",0.746181793198025,0.239125894288292,6,1,1,65
"26934","Q20",54,119,"Comandra umbellata","N","N",0.74975196507635,0.086671222271308,3,1,1,95
"26935","Q20",54,120,"Comandra umbellata","N","N",0.687984550956323,0.278264808387243,8,0,1,23
"26936","Q20",54,121,"Comandra umbellata","N","N",0.631367636841095,0.358412285024387,5,1,1,74
"26937","Q20",54,122,"Comandra umbellata","N","N",0.629861636839693,0.321044238114584,8,0,1,24
"26938","Q20",54,123,"Comandra umbellata","N","N",0.657527082177958,0.045294230045272,4,1,1,88
"26939","Q20",54,124,"Comandra umbellata","N","N",0.594022785243815,0.213213050514159,5,1,1,78
"26940","Q20",54,125,"Comandra umbellata","N","N",0.486189902330888,0.107635448853332,5,1,1,75
"26941","Q20",54,126,"Comandra umbellata","N","N",0.447500183544856,0.106365050414649,3,1,1,98
"26943","Q20",54,128,"Comandra umbellata","N","N",0.430416121028945,0.119918675427271,1,0,0,110
"26945","Q20",54,130,"Comandra umbellata","N","N",0.365559503781042,0.118754558238687,1,1,0,111
"26946","Q20",54,131,"Comandra umbellata","N","N",0.360515956901346,0.094951573841519,5,0,1,76
"26947","Q20",54,132,"Comandra umbellata","N","N",0.323320277179204,0.073576800384112,1,1,0,112
"26949","Q20",54,134,"Comandra umbellata","N","N",0.22145049583433,0.06483376912597,1,1,0,113
"26950","Q20",54,135,"Comandra umbellata","N","N",0.231108425530825,0.049982128487138,1,0,0,114
"26952","Q20",54,137,"Comandra umbellata","N","N",0.151706230144376,0.245236988043984,1,0,0,115
"26953","Q20",54,138,"Comandra umbellata","N","N",0.145477456701076,0.225386152087997,3,0,1,99
"26955","Q20",54,140,"Comandra umbellata","N","N",0.098630605094946,0.027443065966147,1,0,0,116
"26957","Q20",54,142,"Comandra umbellata","N","N",0.031532409719955,0.107410394165623,4,0,1,86
"26958","Q20",54,143,"Comandra umbellata","N","N",0.035583847223728,0.081969003516928,5,1,1,77
"26977","Q20",54,162,"Comandra umbellata","N","N",0.124401820243506,0.492414276993037,3,0,1,90
"26991","Q20",55,141,"Comandra umbellata","N","N",0.034590878472804,0.658640300928995,7,1,0,32
"26994","Q20",55,144,"Comandra umbellata","N","N",0.079029667576691,0.628297285275736,7,0,0,33
"26995","Q20",55,145,"Comandra umbellata","N","N",0.100841151972005,0.626873714961911,1,0,0,117
"27016","Q20",55,166,"Comandra umbellata","N","N",0.467703855438672,0.861910793305806,4,0,0,92
"27021","Q20",55,171,"Comandra umbellata","N","N",0.50482099609824,0.910599762101151,1,0,0,118
"27026","Q20",55,176,"Comandra umbellata","N","N",0.539048199255116,0.479120160136804,1,1,0,119
"27036","Q20",55,186,"Comandra umbellata","N","N",0.807975472943075,0.869739465188096,2,1,0,103
"27041","Q20",55,191,"Comandra umbellata","N","N",0.815718262012786,0.391268472554986,1,1,0,120
"27042","Q20",55,192,"Comandra umbellata","N","N",0.805440418253213,0.35616144908479,7,0,0,53
"27044","Q20",55,194,"Comandra umbellata","N","N",0.866579371435154,0.965103441839411,1,1,0,121
"27047","Q20",55,197,"Comandra umbellata","N","N",0.935555457436892,0.752807980704195,1,0,0,122
"27052","Q20",55,202,"Comandra umbellata","N","N",0.943698449631976,0.517384121109941,1,0,0,123
"27053","Q20",55,203,"Comandra umbellata","N","N",0.939314051190393,0.498189441404564,4,0,0,94
"27055","Q20",55,205,"Comandra umbellata","N","N",0.945429605883588,0.153656183271193,2,1,0,105
"27056","Q20",55,206,"Comandra umbellata","N","N",0.928845152743143,0.150707237955946,10,0,0,19
"27057","Q20",55,207,"Comandra umbellata","N","N",0.911860254289825,0.270039816192083,2,0,0,104
"27058","Q20",55,208,"Comandra umbellata","N","N",0.878810926134045,0.24940974586037,7,0,0,49
"27060","Q20",55,210,"Comandra umbellata","N","N",0.911495519914484,0.077615769137874,2,1,0,106
"27061","Q20",55,211,"Comandra umbellata","N","N",0.907774285536019,0.064928097251058,1,0,0,124
"27062","Q20",55,212,"Comandra umbellata","N","N",0.736041574438581,0.343184441260203,2,0,0,107
"27063","Q20",55,213,"Comandra umbellata","N","N",0.731565168184411,0.28966453496036,2,0,0,108
"27064","Q20",55,214,"Comandra umbellata","N","N",0.766019972904,0.251772902112571,1,1,0,125
"27065","Q20",55,215,"Comandra umbellata","N","N",0.646916027480576,0.358607581899569,6,0,0,74
"27066","Q20",55,216,"Comandra umbellata","N","N",0.621487347769395,0.214078659889965,6,0,0,78
"27067","Q20",55,217,"Comandra umbellata","N","N",0.653150980611383,0.036430253474517,5,0,0,88
"27068","Q20",55,218,"Comandra umbellata","N","N",0.658122207178512,0.020044956584257,1,0,0,126
"27069","Q20",55,219,"Comandra umbellata","N","N",0.557130933646957,0.095083995716642,1,1,0,127
"27070","Q20",55,220,"Comandra umbellata","N","N",0.449104027296349,0.10601181603932,4,0,0,98
"27071","Q20",55,221,"Comandra umbellata","N","N",0.335187792815257,0.083455042580812,2,0,0,112
"27074","Q20",55,224,"Comandra umbellata","N","N",0.228467183340865,0.145200628575817,1,1,0,128
"27075","Q20",55,225,"Comandra umbellata","N","N",0.211628698950183,0.061534651935397,2,0,0,113
"27077","Q20",55,227,"Comandra umbellata","N","N",0.129122901998344,0.07866416757635,1,0,0,129
"27081","Q20",55,231,"Comandra umbellata","N","N",0.19363724942505,0.997462078182218,2,0,0,102
"27113","Q20",55,263,"Comandra umbellata","N","N",0.746045820477853,0.244432904134372,7,0,0,65
"27115","Q20",55,265,"Comandra umbellata","N","N",0.751076225817737,0.071800638542535,4,1,0,95
"27116","Q20",55,266,"Comandra umbellata","N","N",0.680828298158744,0.014645601267167,1,0,0,130
"27117","Q20",55,267,"Comandra umbellata","N","N",0.492771238796026,0.096435994228834,6,0,0,75
"27118","Q20",55,268,"Comandra umbellata","N","N",0.371733599522312,0.109318209063832,2,1,0,111
"27127","Q20",56,82,"Comandra umbellata","N","N",0.019928409709149,0.664668371247109,8,0,0,32
"27129","Q20",56,84,"Comandra umbellata","N","N",0.004622167507393,0.539978503943483,1,0,0,131
"27137","Q20",56,92,"Comandra umbellata","N","N",0.160042308277141,0.455043902301882,1,0,0,132
"27152","Q20",56,107,"Comandra umbellata","N","N",0.540713925819168,0.464567269498251,2,0,0,119
"27154","Q20",56,109,"Comandra umbellata","N","N",0.653049964986288,0.787786824486772,8,0,1,38
"27160","Q20",56,115,"Comandra umbellata","N","N",0.774414097911818,0.887168855829329,1,0,0,133
"27163","Q20",56,118,"Comandra umbellata","N","N",0.841238910474053,0.879329074572028,3,0,0,103
"27167","Q20",56,122,"Comandra umbellata","N","N",0.884451949576799,0.96801263715462,2,0,0,121
"27169","Q20",56,124,"Comandra umbellata","N","N",0.864758254245957,0.872609254253269,1,0,0,134
"27170","Q20",56,125,"Comandra umbellata","N","N",0.841498902661795,0.398031605373785,2,0,0,120
"27172","Q20",56,127,"Comandra umbellata","N","N",0.906943746472746,0.927861058992227,1,0,0,135
"27177","Q20",56,132,"Comandra umbellata","N","N",0.961349785585916,0.121300214491058,3,0,0,105
"27178","Q20",56,133,"Comandra umbellata","N","N",0.927849832429716,0.086764441021394,3,0,0,106
"27180","Q20",56,135,"Comandra umbellata","N","N",0.780760590105229,0.243186761479573,2,0,0,125
"27181","Q20",56,136,"Comandra umbellata","N","N",0.779863972916893,0.093741136340392,1,0,0,136
"27182","Q20",56,137,"Comandra umbellata","N","N",0.729149222869661,0.055306269117096,5,0,0,95
"27183","Q20",56,138,"Comandra umbellata","N","N",0.547433746137926,0.115136987922818,2,0,0,127
"27184","Q20",56,139,"Comandra umbellata","N","N",0.572495722723766,0.006397276884047,1,0,0,137
"27185","Q20",56,140,"Comandra umbellata","N","N",0.52180659767656,0.224228503649418,1,0,0,138
"27187","Q20",56,142,"Comandra umbellata","N","N",0.360025620963389,0.106550558227322,3,0,0,111
"27188","Q20",56,143,"Comandra umbellata","N","N",0.348452605327611,0.005006714382752,1,0,0,139
"27189","Q20",56,144,"Comandra umbellata","N","N",0.322333995928285,0.336788831879248,1,0,0,140
"27193","Q20",56,148,"Comandra umbellata","N","N",0.234519089596502,0.141228597322118,2,0,0,128
"27196","Q20",56,151,"Comandra umbellata","N","N",0.069207042567543,0.095350870716891,7,0,1,77
"27211","Q20",73,1,"Comandra umbellata","N","N",0.215730394266504,0.743522386945547,1,0,0,141
"27212","Q20",73,2,"Comandra umbellata","N","N",0.229876855217179,0.702204738469567,1,0,0,142
"27213","Q20",73,3,"Comandra umbellata","N","N",0.250893152111751,0.691616730647207,1,0,0,143
"27218","Q20",73,8,"Comandra umbellata","N","N",0.216120347391866,0.640990449350057,1,0,0,144
"27219","Q20",73,9,"Comandra umbellata","N","N",0.253929347427079,0.645711972791955,1,0,0,145
"27220","Q20",73,10,"Comandra umbellata","N","N",0.27051001150502,0.634962527469443,1,0,0,146
"27221","Q20",73,11,"Comandra umbellata","N","N",0.203412152067531,0.622267433707621,1,0,0,147
"27222","Q20",73,12,"Comandra umbellata","N","N",0.237527097411802,0.613143113386623,1,0,0,148
"27223","Q20",73,13,"Comandra umbellata","N","N",0.226742136464259,0.605640832129636,1,0,0,149
"27229","Q20",73,19,"Comandra umbellata","N","N",0.390482292866754,0.631719550903923,1,0,0,150
"27240","Q20",73,30,"Comandra umbellata","N","N",0.461415597620316,0.930249769931952,1,0,0,151
"27241","Q20",73,31,"Comandra umbellata","N","N",0.491780933586095,0.863698488619971,1,0,0,152
"27242","Q20",73,32,"Comandra umbellata","N","N",0.394147792870167,0.835177808905908,1,0,0,153
"27246","Q20",73,36,"Comandra umbellata","N","N",0.590043152427609,0.969719730906211,1,0,0,154
"27248","Q20",73,38,"Comandra umbellata","N","N",0.893791324585497,0.76818823853102,1,0,0,155
"27249","Q20",73,39,"Comandra umbellata","N","N",0.984864113732814,0.727699660368311,1,0,0,156
"27250","Q20",73,40,"Comandra umbellata","N","N",0.962774496524742,0.705612215035241,1,0,0,157
"27251","Q20",73,41,"Comandra umbellata","N","N",0.628701011838612,0.523415339865557,1,0,0,158
"27252","Q20",73,42,"Comandra umbellata","N","N",0.953946059016521,0.265933988063259,1,0,0,159
"27253","Q20",73,43,"Comandra umbellata","N","N",0.943975551194735,0.23405630834607,1,0,0,160
"27254","Q20",73,44,"Comandra umbellata","N","N",0.89867116052754,0.180422441108621,1,0,0,161
"27255","Q20",73,45,"Comandra umbellata","N","N",0.958349566833122,0.158859394213539,1,0,0,162
"27256","Q20",73,46,"Comandra umbellata","N","N",0.976211746537257,0.126438128558344,1,0,0,163
"27257","Q20",73,47,"Comandra umbellata","N","N",0.609040207132801,0.098092573844444,1,0,0,164
"27260","Q20",73,50,"Comandra umbellata","N","N",0.478843993485032,0.785464714464615,1,0,0,165
"27261","Q20",73,51,"Comandra umbellata","N","N",0.558694047071958,0.61282687615092,1,0,0,166
"27262","Q20",73,52,"Comandra umbellata","N","N",0.281837027105281,0.679836204078481,1,0,0,167
"27263","Q20",73,53,"Comandra umbellata","N","N",0.978982504365277,0.701976787681037,1,0,0,168
"27264","Q20",73,54,"Comandra umbellata","N","N",0.865755744600547,0.489124821960697,1,0,0,169
"27266","Q20",73,56,"Comandra umbellata","N","N",0.839761359284196,0.211491056887073,1,0,0,170
"27268","Q20",73,58,"Comandra umbellata","N","N",0.538386819948955,0.413366610492525,1,0,0,171
"27270","Q20",73,60,"Comandra umbellata","N","N",0.091071673797604,0.47035453854617,1,0,0,172
"27271","Q20",73,61,"Comandra umbellata","N","N",0.248739208418137,0.375270913490651,1,0,0,173
"27273","Q20",73,63,"Comandra umbellata","N","N",0.323911198828113,0.253037281815175,1,0,0,174
"27274","Q20",73,64,"Comandra umbellata","N","N",0.760041653589507,0.078881419360941,1,0,0,175
"27275","Q21",31,1,"Comandra umbellata","N","N",0.043359690980971,0.9501656137005,1,0,0,1
"27276","Q21",31,2,"Comandra umbellata","N","N",0.107202453999063,0.96476072378823,1,0,0,2
"27418","Q21",45,94,"Comandra umbellata","N","N",0.86365546518243,0.399744316312879,1,1,0,3
"27422","Q21",45,98,"Comandra umbellata","N","N",0.743796558820804,0.295521238090815,1,1,0,4
"27427","Q21",45,103,"Comandra umbellata","N","N",0.646602925917784,0.519526871111936,1,0,0,5
"27428","Q21",45,104,"Comandra umbellata","N","N",0.612656519636169,0.531784074248351,1,1,0,6
"27429","Q21",45,105,"Comandra umbellata","N","N",0.551941652392125,0.555288300832742,1,1,0,7
"27430","Q21",45,106,"Comandra umbellata","N","N",0.192885855182728,0.59724870712182,1,1,0,8
"27431","Q21",45,107,"Comandra umbellata","N","N",0.54787879301334,0.920954574610794,1,0,0,9
"27449","Q21",46,109,"Comandra umbellata","N","N",0.060296167559244,0.585225824298123,1,1,0,10
"27450","Q21",46,110,"Comandra umbellata","N","N",0.270676925567677,0.517092082047168,1,1,0,11
"27454","Q21",46,114,"Comandra umbellata","N","N",0.665944996248299,0.545525011761149,1,1,0,12
"27455","Q21",46,115,"Comandra umbellata","N","N",0.738908414664952,0.311053211503562,2,1,0,4
"27456","Q21",46,116,"Comandra umbellata","N","N",0.864314750195628,0.411135028647592,2,1,0,3
"27458","Q21",46,118,"Comandra umbellata","N","N",0.189101948948256,0.621096954428391,2,1,0,8
"27459","Q21",46,119,"Comandra umbellata","N","N",0.563314085430136,0.569865688100836,2,1,0,7
"27460","Q21",46,120,"Comandra umbellata","N","N",0.621474496247079,0.529819448456964,2,1,0,6
"27471","Q21",47,117,"Comandra umbellata","N","N",0.949056949636966,0.752499004141408,1,1,0,13
"27475","Q21",47,121,"Comandra umbellata","N","N",0.064436748912525,0.591365600069727,2,1,0,10
"27476","Q21",47,122,"Comandra umbellata","N","N",0.086272542987016,0.475055659529172,1,1,0,14
"27477","Q21",47,123,"Comandra umbellata","N","N",0.179428158708967,0.611568001109664,3,1,0,8
"27478","Q21",47,124,"Comandra umbellata","N","N",0.667764822060317,0.538814584379491,2,1,0,12
"27479","Q21",47,125,"Comandra umbellata","N","N",0.856794947069921,0.418144553986612,3,1,0,3
"27480","Q21",47,126,"Comandra umbellata","N","N",0.744568761732587,0.320274440526636,3,0,0,4
"27481","Q21",47,127,"Comandra umbellata","N","N",0.554654636360867,0.569437824665806,3,0,0,7
"27482","Q21",47,128,"Comandra umbellata","N","N",0.609789911864529,0.539946759344469,3,0,0,6
"27483","Q21",47,129,"Comandra umbellata","N","N",0.287460587408417,0.513738999761554,2,1,0,11
"27488","Q21",49,94,"Comandra umbellata","N","N",0.003978667506794,0.677375105633943,1,0,0,15
"27489","Q21",49,95,"Comandra umbellata","N","N",0.064890331626023,0.626949902461981,1,0,0,16
"27490","Q21",49,96,"Comandra umbellata","N","N",0.171845612975633,0.6227819649581,5,1,1,8
"27494","Q21",49,100,"Comandra umbellata","N","N",0.680554332199404,0.54808264457603,4,1,1,12
"27495","Q21",49,101,"Comandra umbellata","N","N",0.931553332433166,0.644337902478175,1,1,0,17
"27496","Q21",49,102,"Comandra umbellata","N","N",0.762324972900559,0.72071742598681,1,1,0,18
"27497","Q21",49,103,"Comandra umbellata","N","N",0.955442152767913,0.757910879146448,3,1,1,13
"27498","Q21",49,104,"Comandra umbellata","N","N",0.875686332381135,0.749953902576538,1,0,0,19
"27500","Q21",49,106,"Comandra umbellata","N","N",0.065075858827644,0.600665086515428,4,1,1,10
"27501","Q21",49,107,"Comandra umbellata","N","N",0.074711344334468,0.494420369199421,3,1,1,14
"27502","Q21",49,108,"Comandra umbellata","N","N",0.275146532606153,0.541377753086377,4,1,1,11
"27503","Q21",49,109,"Comandra umbellata","N","N",0.180203052598614,0.037734269838446,1,1,0,20
"27504","Q21",49,110,"Comandra umbellata","N","N",0.862580962270344,0.429637930702243,5,1,1,3
"27505","Q21",49,111,"Comandra umbellata","N","N",0.877844209611813,0.713657120569886,1,0,0,21
"27506","Q21",49,112,"Comandra umbellata","N","N",0.879435870779573,0.737492614319254,1,1,0,22
"27513","Q21",50,80,"Comandra umbellata","N","N",0.040976667541251,0.126393933245802,1,1,0,23
"27517","Q21",50,84,"Comandra umbellata","N","N",0.673727738443046,0.532546089874061,5,1,0,12
"27518","Q21",50,85,"Comandra umbellata","N","N",0.6349145977819,0.488188214832749,1,1,0,24
"27519","Q21",50,86,"Comandra umbellata","N","N",0.928081324617431,0.635575230595014,2,0,0,17
"27520","Q21",50,87,"Comandra umbellata","N","N",0.763286504151455,0.712627441604275,2,1,0,18
"27521","Q21",50,88,"Comandra umbellata","N","N",0.23440032397139,0.492409230461681,1,1,0,25
"27522","Q21",50,89,"Comandra umbellata","N","N",0.255907323991422,0.528682230495462,5,0,0,11
"27525","Q21",50,92,"Comandra umbellata","N","N",0.200883363002675,0.609574230570799,6,1,0,8
"27526","Q21",50,93,"Comandra umbellata","N","N",0.612123300885673,0.600038246186918,1,1,0,26
"27527","Q21",50,94,"Comandra umbellata","N","N",0.193837796781942,0.023986999765217,2,1,0,20
"27528","Q21",50,95,"Comandra umbellata","N","N",0.864239210644593,0.4124610494349,6,1,0,3
"27529","Q21",50,96,"Comandra umbellata","N","N",0.879175482891955,0.729399100043809,2,1,0,22
"27530","Q21",50,97,"Comandra umbellata","N","N",0.907965349171754,0.624849824008432,1,0,0,27
"27531","Q21",50,98,"Comandra umbellata","N","N",0.078491573366847,0.473417348301768,4,1,0,14
"27536","Q21",51,93,"Comandra umbellata","N","N",0.053090151927533,0.610282175883959,6,0,1,10
"27540","Q21",51,97,"Comandra umbellata","N","N",0.801554855749594,0.4793300429495,1,1,0,28
"27541","Q21",51,98,"Comandra umbellata","N","N",0.627585910275074,0.589192043051816,2,1,0,26
"27542","Q21",51,99,"Comandra umbellata","N","N",0.745674340072552,0.698593316591205,3,1,0,18
"27544","Q21",51,101,"Comandra umbellata","N","N",0.88188555894941,0.697108090027322,1,0,0,29
"27545","Q21",51,102,"Comandra umbellata","N","N",0.945295566820964,0.737052191627021,5,0,1,13
"27547","Q21",51,104,"Comandra umbellata","N","N",0.051660122765146,0.139800289810528,2,1,0,23
"27548","Q21",51,105,"Comandra umbellata","N","N",0.199545700084579,0.02472477910815,3,1,0,20
"27549","Q21",51,106,"Comandra umbellata","N","N",0.230590216478162,0.488036340107225,2,0,0,25
"27550","Q21",51,107,"Comandra umbellata","N","N",0.351922993835214,0.36724743627581,1,1,0,30
"27551","Q21",51,108,"Comandra umbellata","N","N",0.635341053112868,0.485038541598204,2,1,0,24
"27552","Q21",51,109,"Comandra umbellata","N","N",0.666200340078023,0.527707288522936,6,1,0,12
"27553","Q21",51,110,"Comandra umbellata","N","N",0.873830011611177,0.714078619524404,3,1,0,22
"27554","Q21",51,111,"Comandra umbellata","N","N",0.187060819851222,0.608462097081307,7,1,0,8
"27560","Q21",52,33,"Comandra umbellata","N","N",0.224798027087448,0.586749621174541,8,0,0,8
"27561","Q21",52,34,"Comandra umbellata","N","N",0.286609136520014,0.524229746116316,1,0,0,31
"27562","Q21",52,35,"Comandra umbellata","N","N",0.092514370714249,0.472113878880278,6,0,1,14
"27563","Q21",52,36,"Comandra umbellata","N","N",0.285718003706685,0.712193113478871,1,0,0,32
"27564","Q21",52,37,"Comandra umbellata","N","N",0.073473526946517,0.152036519207184,1,0,0,33
"27565","Q21",52,38,"Comandra umbellata","N","N",0.101855237910449,0.153720847333752,1,0,0,34
"27566","Q21",52,39,"Comandra umbellata","N","N",0.194847816122055,0.046680964421563,4,0,0,20
"27567","Q21",52,40,"Comandra umbellata","N","N",0.661199644681379,0.533319441437281,7,0,0,12
"27573","Q21",52,46,"Comandra umbellata","N","N",0.331651636561964,0.152443323895063,1,0,0,35
"27576","Q21",52,49,"Comandra umbellata","N","N",0.037051941868031,0.132759144116439,3,0,0,23
"27577","Q21",52,50,"Comandra umbellata","N","N",0.623539738015809,0.576795100825312,3,1,0,26
"27578","Q21",52,51,"Comandra umbellata","N","N",0.652904981041688,0.486324403474846,3,1,0,24
"27579","Q21",52,52,"Comandra umbellata","N","N",0.745210219107824,0.706533163744852,4,1,0,18
"27580","Q21",52,53,"Comandra umbellata","N","N",0.878152242551417,0.727734526239921,4,1,0,22
"27581","Q21",52,54,"Comandra umbellata","N","N",0.808626402442709,0.475643408540298,2,1,0,28
"27582","Q21",52,55,"Comandra umbellata","N","N",0.868950059330335,0.426217638875382,8,1,1,3
"27583","Q21",52,56,"Comandra umbellata","N","N",0.3566718144306,0.386402885358353,2,1,0,30
"27588","Q21",54,76,"Comandra umbellata","N","N",0.855291941737142,0.404584910067388,10,1,1,3
"27592","Q21",54,80,"Comandra umbellata","N","N",0.772798754160314,0.553712043018773,1,0,0,36
"27593","Q21",54,81,"Comandra umbellata","N","N",0.79133948074008,0.534522574250901,1,1,0,37
"27594","Q21",54,82,"Comandra umbellata","N","N",0.805020160440322,0.462431222621261,4,0,1,28
"27595","Q21",54,83,"Comandra umbellata","N","N",0.876907660507272,0.704007965033747,6,1,1,22
"27596","Q21",54,84,"Comandra umbellata","N","N",0.911179793351692,0.620774550893731,1,1,0,38
"27597","Q21",54,85,"Comandra umbellata","N","N",0.854642855799036,0.634194683718728,1,1,0,39
"27598","Q21",54,86,"Comandra umbellata","N","N",0.834734887030495,0.62362041808388,1,0,0,40
"27601","Q21",54,89,"Comandra umbellata","N","N",0.75219999632863,0.712331488478999,6,1,1,18
"27602","Q21",54,90,"Comandra umbellata","N","N",0.642722308726671,0.48382957420369,5,1,1,24
"27604","Q21",54,92,"Comandra umbellata","N","N",0.174966159853539,0.367510324095359,1,1,0,41
"27605","Q21",54,93,"Comandra umbellata","N","N",0.32192963655291,0.325841706869052,1,0,0,42
"27606","Q21",54,94,"Comandra umbellata","N","N",0.364749160030288,0.358989519399924,4,1,1,30
"27608","Q21",54,96,"Comandra umbellata","N","N",0.198327753625295,0.645504722791762,1,1,0,43
"27609","Q21",54,97,"Comandra umbellata","N","N",0.620842222768792,0.761696668212474,1,0,0,44
"27610","Q21",54,98,"Comandra umbellata","N","N",0.606095988380059,0.743688808820703,1,1,0,45
"27611","Q21",54,99,"Comandra umbellata","N","N",0.61300066026149,0.701811269719202,1,1,0,46
"27614","Q21",54,102,"Comandra umbellata","N","N",0.725653221264331,0.66650960569339,1,1,0,47
"27615","Q21",54,103,"Comandra umbellata","N","N",0.627202014279104,0.546957861956255,5,1,1,26
"27616","Q21",54,104,"Comandra umbellata","N","N",0.684945232056773,0.416797890098222,1,1,0,48
"27617","Q21",54,105,"Comandra umbellata","N","N",0.235367791659106,0.486626884969675,1,1,0,49
"27624","Q21",55,51,"Comandra umbellata","N","N",0.337611081880014,0.213576323951997,1,1,0,50
"27625","Q21",55,52,"Comandra umbellata","N","N",0.200061144251911,0.232857722407455,1,0,0,51
"27626","Q21",55,53,"Comandra umbellata","N","N",0.080670995703219,0.485719746080451,1,0,0,52
"27627","Q21",55,54,"Comandra umbellata","N","N",0.228680917716065,0.486652167956319,2,1,0,49
"27628","Q21",55,55,"Comandra umbellata","N","N",0.195192917684877,0.543002168008798,1,1,0,53
"27629","Q21",55,56,"Comandra umbellata","N","N",0.192443034869815,0.561652402401168,1,0,0,54
"27635","Q21",55,62,"Comandra umbellata","N","N",0.67466562906892,0.464615058560795,6,0,0,24
"27638","Q21",55,65,"Comandra umbellata","N","N",0.218977534894527,0.671629230628592,2,0,0,43
"27640","Q21",55,67,"Comandra umbellata","N","N",0.597561863372111,0.719518058798193,2,0,0,46
"27641","Q21",55,68,"Comandra umbellata","N","N",0.607281113381164,0.751748324453209,2,0,0,45
"27642","Q21",55,69,"Comandra umbellata","N","N",0.593054214930414,0.765433785403455,1,0,0,55
"27643","Q21",55,70,"Comandra umbellata","N","N",0.615758324326559,0.781896355731287,1,0,0,56
"27644","Q21",55,71,"Comandra umbellata","N","N",0.617493668078175,0.797290722933124,1,0,0,57
"27645","Q21",55,72,"Comandra umbellata","N","N",0.643910871227777,0.764089793214702,1,0,0,58
"27646","Q21",55,73,"Comandra umbellata","N","N",0.744934371321864,0.692759230648272,1,0,0,59
"27647","Q21",55,74,"Comandra umbellata","N","N",0.747494160386746,0.715594168169537,7,0,0,18
"27648","Q21",55,75,"Comandra umbellata","N","N",0.755727457269415,0.730485058808406,1,0,0,60
"27649","Q21",55,76,"Comandra umbellata","N","N",0.872197918315385,0.717429566608748,1,1,0,61
"27650","Q21",55,77,"Comandra umbellata","N","N",0.869326129250212,0.703155980657953,7,0,0,22
"27651","Q21",55,78,"Comandra umbellata","N","N",0.902432223031044,0.701093433781034,1,0,0,62
"27654","Q21",55,81,"Comandra umbellata","N","N",0.894035285523224,0.621342964956759,2,0,0,38
"27657","Q21",55,84,"Comandra umbellata","N","N",0.695281976419823,0.421850404364345,2,0,0,48
"27658","Q21",55,85,"Comandra umbellata","N","N",0.796778720700853,0.545266053380336,2,0,0,37
"27659","Q21",55,86,"Comandra umbellata","N","N",0.625707663390668,0.555207598708003,6,0,0,26
"27661","Q21",55,88,"Comandra umbellata","N","N",0.721285141722028,0.674731060195615,2,0,0,47
"27662","Q21",55,89,"Comandra umbellata","N","N",0.862791433734319,0.635865459087856,2,1,0,39
"27669","Q21",56,63,"Comandra umbellata","N","N",0.336071972503579,0.21163547238769,2,0,0,50
"27673","Q21",56,67,"Comandra umbellata","N","N",0.867368277685888,0.4247836757112,12,0,1,3
"27674","Q21",56,68,"Comandra umbellata","N","N",0.17356170672723,0.537104410190806,2,0,0,53
"27675","Q21",56,69,"Comandra umbellata","N","N",0.233375706782936,0.474593957007589,3,0,0,49
"27676","Q21",56,70,"Comandra umbellata","N","N",0.15593140202331,0.376762495978975,3,0,1,41
"27677","Q21",56,71,"Comandra umbellata","N","N",0.124477034806517,0.387629574114096,1,0,0,63
"27678","Q21",56,72,"Comandra umbellata","N","N",0.361081964714372,0.383392816297651,6,0,1,30
"27682","Q21",56,76,"Comandra umbellata","N","N",0.88052309019814,0.733929621311614,2,0,0,61
"27683","Q21",56,77,"Comandra umbellata","N","N",0.857396527676602,0.648087496231667,3,0,0,39
"27684","Q21",56,78,"Comandra umbellata","N","N",0.28141796464018,0.694184371274598,1,0,0,64
"27691","Q21",73,3,"Comandra umbellata","N","N",0.122941972305088,0.833810629217136,1,0,0,65
"27692","Q21",73,4,"Comandra umbellata","N","N",0.090450339462327,0.764093285402207,1,0,0,66
"27693","Q21",73,5,"Comandra umbellata","N","N",0.067139589440617,0.704259769721483,1,0,0,67
"27694","Q21",73,6,"Comandra umbellata","N","N",0.033621448784401,0.660047152492806,1,0,0,68
"27695","Q21",73,7,"Comandra umbellata","N","N",0.133295683252229,0.507908082038615,1,0,0,69
"27696","Q21",73,8,"Comandra umbellata","N","N",0.026394448777671,0.31683077717316,1,0,0,70
"27697","Q21",73,9,"Comandra umbellata","N","N",0.264584683374502,0.276279042760394,1,0,0,71
"27698","Q21",73,10,"Comandra umbellata","N","N",0.245966683357163,0.292517081838017,1,0,0,72
"27700","Q21",73,12,"Comandra umbellata","N","N",0.989591840299718,0.203961206755543,1,0,0,73
"27703","Q21",73,15,"Comandra umbellata","N","N",0.569884214908835,0.508692746101846,1,0,0,74
"27706","Q21",73,18,"Comandra umbellata","N","N",0.512580113292967,0.614956996200813,1,0,0,75
"27707","Q21",73,19,"Comandra umbellata","N","N",0.558736074273452,0.597569886809619,1,0,0,76
"27708","Q21",73,20,"Comandra umbellata","N","N",0.451727683548794,0.60164008212591,1,0,0,77
"27709","Q21",73,21,"Comandra umbellata","N","N",0.170072906893658,0.700425489803795,1,0,0,78
"27711","Q21",73,23,"Comandra umbellata","N","N",0.130900297276303,0.559771667017406,1,0,0,79
"27712","Q21",73,24,"Comandra umbellata","N","N",0.125555509123158,0.434479090688645,1,0,0,80
"27713","Q21",73,25,"Comandra umbellata","N","N",0.032359924521484,0.406053009347746,1,0,0,81
"27714","Q21",73,26,"Comandra umbellata","N","N",0.320199568802607,0.355065650588375,1,0,0,82
"27715","Q21",73,27,"Comandra umbellata","N","N",0.219111650758459,0.032093941944349,1,0,0,83
"27718","Q21",73,30,"Comandra umbellata","N","N",0.326515806055107,0.601856165433908,1,0,0,84
"28342","Q22",49,125,"Comandra umbellata","N","N",0.459071816368133,0.097260487906169,1,1,0,1
"28357","Q22",49,140,"Comandra umbellata","N","N",0.401283701404383,0.128129547130321,1,1,0,2
"28385","Q22",50,113,"Comandra umbellata","N","N",0.40863577725866,0.188661480178793,1,1,0,3
"28387","Q22",50,115,"Comandra umbellata","N","N",0.033540315971826,0.166712659845852,1,1,0,4
"28396","Q22",50,124,"Comandra umbellata","N","N",0.411001068206926,0.141295857461984,2,1,0,2
"28405","Q22",51,102,"Comandra umbellata","N","N",0.099069253532854,0.553887753956437,1,0,0,5
"28407","Q22",51,104,"Comandra umbellata","N","N",0.576994660227958,0.512011121104936,1,1,0,6
"28411","Q22",51,108,"Comandra umbellata","N","N",0.8548191526742,0.789616668238476,1,1,0,7
"28412","Q22",51,109,"Comandra umbellata","N","N",0.853454254235429,0.773512871348479,1,0,0,8
"28413","Q22",51,110,"Comandra umbellata","N","N",0.852527207359567,0.743164605695214,1,0,0,9
"28421","Q22",51,118,"Comandra umbellata","N","N",0.591296847741277,0.159262378588914,1,0,0,10
"28422","Q22",51,119,"Comandra umbellata","N","N",0.434720339782953,0.112343839482716,3,1,1,1
"28423","Q22",51,120,"Comandra umbellata","N","N",0.412748605387491,0.128542566060303,3,1,0,2
"28424","Q22",51,121,"Comandra umbellata","N","N",0.328469339683999,0.228187667715605,1,0,0,11
"28438","Q22",51,135,"Comandra umbellata","N","N",0.418686717863359,0.182219709427595,2,1,0,3
"28439","Q22",51,136,"Comandra umbellata","N","N",0.033959529301558,0.183394884692217,2,0,0,4
"28440","Q22",51,137,"Comandra umbellata","N","N",0.018354403345506,0.07455404640954,1,1,0,12
"28453","Q22",52,103,"Comandra umbellata","N","N",0.556046402395947,0.526854957056261,1,0,0,13
"28458","Q22",52,108,"Comandra umbellata","N","N",0.911303902726806,0.615910449326701,1,1,0,14
"28463","Q22",52,113,"Comandra umbellata","N","N",0.969779348093765,0.065146698813761,1,0,0,15
"28473","Q22",52,123,"Comandra umbellata","N","N",0.384198269423401,0.215726519266499,1,0,0,16
"28474","Q22",52,124,"Comandra umbellata","N","N",0.394653402245639,0.193137956745463,3,1,0,3
"28477","Q22",52,127,"Comandra umbellata","N","N",0.00992290969983,0.076328448824175,2,1,0,12
"28481","Q22",52,131,"Comandra umbellata","N","N",0.454903716253928,0.122206938310332,4,1,0,1
"28482","Q22",52,132,"Comandra umbellata","N","N",0.394360182588399,0.147933534062055,4,1,0,2
"28483","Q22",52,133,"Comandra umbellata","N","N",0.0828970530588,0.92525771147987,1,0,0,17
"28484","Q22",52,134,"Comandra umbellata","N","N",0.056864880802619,0.910997948268446,1,1,0,18
"28487","Q22",52,137,"Comandra umbellata","N","N",0.848304059009172,0.800568532172417,2,1,0,7
"28490","Q22",52,140,"Comandra umbellata","N","N",0.836782251471385,0.574393474854464,1,0,0,19
"28495","Q22",52,145,"Comandra umbellata","N","N",0.579690856516488,0.519056817150331,2,1,0,6
"28504","Q22",54,91,"Comandra umbellata","N","N",0.03534889409851,0.893783254272988,3,1,1,18
"28507","Q22",54,94,"Comandra umbellata","N","N",0.23558101928499,0.939211191815297,1,0,0,20
"28509","Q22",54,96,"Comandra umbellata","N","N",0.526076894555536,0.508027253913727,1,0,0,21
"28510","Q22",54,97,"Comandra umbellata","N","N",0.52425488674134,0.453465253862912,1,1,0,22
"28511","Q22",54,98,"Comandra umbellata","N","N",0.585832183673687,0.829129613587775,1,1,0,23
"28512","Q22",54,99,"Comandra umbellata","N","N",0.571771152410592,0.522546996114749,4,1,1,6
"28516","Q22",54,103,"Comandra umbellata","N","N",0.833264887029126,0.818757254203116,4,1,1,7
"28517","Q22",54,104,"Comandra umbellata","N","N",0.933126699622131,0.58462144929756,3,1,1,14
"28519","Q22",54,106,"Comandra umbellata","N","N",0.598654480560628,0.354901058458617,1,1,0,24
"28522","Q22",54,109,"Comandra umbellata","N","N",0.450084894484763,0.326097253744291,1,1,0,25
"28523","Q22",54,110,"Comandra umbellata","N","N",0.442730800727914,0.128015347309812,6,0,1,1
"28525","Q22",54,112,"Comandra umbellata","N","N",0.403716894441579,0.172503253601245,6,0,1,2
"28529","Q22",54,116,"Comandra umbellata","N","N",0.007221448759815,0.079984972265081,4,0,1,12
"28530","Q22",54,117,"Comandra umbellata","N","N",0.012164894076918,0.908917254287084,1,1,0,26
"28536","Q22",54,123,"Comandra umbellata","N","N",0.870823150362935,0.245598745588523,1,1,0,27
"28540","Q22",54,127,"Comandra umbellata","N","N",0.234650847810939,0.352533055958586,1,1,0,28
"28541","Q22",54,128,"Comandra umbellata","N","N",0.30314332901655,0.408483824934065,1,1,0,29
"28542","Q22",54,129,"Comandra umbellata","N","N",0.318688377397429,0.210690076656646,1,0,0,30
"28543","Q22",54,130,"Comandra umbellata","N","N",0.391730992590336,0.198176413460829,5,1,1,3
"28544","Q22",54,131,"Comandra umbellata","N","N",0.592407895872627,0.15963385495765,1,0,0,31
"28553","Q22",55,98,"Comandra umbellata","N","N",0.049936183174595,0.882480277699963,4,1,0,18
"28556","Q22",55,101,"Comandra umbellata","N","N",0.594688738369435,0.845232371415272,2,0,0,23
"28558","Q22",55,103,"Comandra umbellata","N","N",0.821214238580404,0.559146277398834,1,1,0,32
"28561","Q22",55,106,"Comandra umbellata","N","N",0.941119293379574,0.587033558674807,4,1,0,14
"28562","Q22",55,107,"Comandra umbellata","N","N",0.924969894927034,0.568493621157539,1,0,0,33
"28568","Q22",55,113,"Comandra umbellata","N","N",0.595727714932903,0.424317277273265,1,1,0,34
"28569","Q22",55,114,"Comandra umbellata","N","N",0.596925238371518,0.348595777202743,2,0,0,24
"28575","Q22",55,120,"Comandra umbellata","N","N",0.393981761620013,0.18948477705456,6,0,0,3
"28577","Q22",55,122,"Comandra umbellata","N","N",0.339621745944386,0.017096612831511,1,1,0,35
"28578","Q22",55,123,"Comandra umbellata","N","N",0.292761238088244,0.404188777254519,2,1,0,29
"28579","Q22",55,124,"Comandra umbellata","N","N",0.304103488098806,0.304504777161681,1,0,0,36
"28580","Q22",55,125,"Comandra umbellata","N","N",0.329404300622371,0.276917745885988,1,0,0,37
"28581","Q22",55,126,"Comandra umbellata","N","N",0.312086370918741,0.029018214405114,1,1,0,38
"28584","Q22",55,129,"Comandra umbellata","N","N",0.026710348873916,0.926010378891725,2,1,0,26
"28592","Q22",55,137,"Comandra umbellata","N","N",0.999332718312176,0.454910610964551,1,0,0,39
"28593","Q22",55,138,"Comandra umbellata","N","N",0.835159664750045,0.465236846641239,1,0,0,40
"28597","Q22",55,142,"Comandra umbellata","N","N",0.455078607555615,0.334854746985155,2,1,0,25
"28606","Q22",56,73,"Comandra umbellata","N","N",0.00773268313529,0.905233512096154,3,0,0,26
"28607","Q22",56,74,"Comandra umbellata","N","N",0.051770519113804,0.906114676159473,1,0,0,41
"28608","Q22",56,75,"Comandra umbellata","N","N",0.047769183172577,0.864220512057957,5,0,0,18
"28609","Q22",56,76,"Comandra umbellata","N","N",0.085833745708028,0.540673511756631,1,0,0,42
"28610","Q22",56,77,"Comandra umbellata","N","N",0.146395683264431,0.983353512168908,1,0,0,43
"28615","Q22",56,82,"Comandra umbellata","N","N",0.388106199114541,0.734640379124776,1,0,0,44
"28616","Q22",56,83,"Comandra umbellata","N","N",0.409887933509826,0.708306011912749,1,0,0,45
"28618","Q22",56,85,"Comandra umbellata","N","N",0.498730816405067,0.684318574390409,1,0,0,46
"28619","Q22",56,86,"Comandra umbellata","N","N",0.517140183609713,0.664363511871826,1,0,0,47
"28620","Q22",56,87,"Comandra umbellata","N","N",0.566825753968486,0.517636246110174,6,0,1,6
"28624","Q22",56,91,"Comandra umbellata","N","N",0.652548183735822,0.60382051181544,1,0,0,48
"28626","Q22",56,93,"Comandra umbellata","N","N",0.739131988503959,0.901653824592819,1,0,0,49
"28630","Q22",56,97,"Comandra umbellata","N","N",0.834966730780711,0.776802168226543,6,0,1,7
"28631","Q22",56,98,"Comandra umbellata","N","N",0.839018902659485,0.553063293018169,2,0,0,32
"28634","Q22",56,101,"Comandra umbellata","N","N",0.95984076995951,0.937042574625777,1,0,0,50
"28636","Q22",56,103,"Comandra umbellata","N","N",0.950055184012897,0.565086011779367,5,0,0,14
"28637","Q22",56,104,"Comandra umbellata","N","N",0.88918668395621,0.247886261483951,1,0,0,51
"28638","Q22",56,105,"Comandra umbellata","N","N",0.869982183938323,0.241864511478343,3,0,1,27
"28641","Q22",56,108,"Comandra umbellata","N","N",0.849042910481322,0.242082738041046,1,0,0,52
"28642","Q22",56,109,"Comandra umbellata","N","N",0.812521277634809,0.30891751154079,1,0,0,53
"28644","Q22",56,111,"Comandra umbellata","N","N",0.614690683700563,0.415989339765509,2,0,0,34
"28646","Q22",56,113,"Comandra umbellata","N","N",0.514373433607136,0.425121011649014,3,0,1,22
"28650","Q22",56,117,"Comandra umbellata","N","N",0.330186058435598,0.013036034702729,2,0,0,35
"28651","Q22",56,118,"Comandra umbellata","N","N",0.308006433414943,0.011085011263412,2,0,0,38
"28652","Q22",56,119,"Comandra umbellata","N","N",0.279417105263316,0.389109363177975,3,0,0,29
"28653","Q22",56,120,"Comandra umbellata","N","N",0.239287808350944,0.136326261380053,1,0,0,54
"28654","Q22",56,121,"Comandra umbellata","N","N",0.226794183339307,0.344722511574136,3,0,1,28
"28657","Q22",56,124,"Comandra umbellata","N","N",0.44584041335158,0.327412751751147,3,0,0,25
"28666","Q22",73,1,"Comandra umbellata","N","N",0.144091214512284,0.722892816613835,1,0,0,55
"28667","Q22",73,2,"Comandra umbellata","N","N",0.171513394225323,0.698291316590923,1,0,0,56
"28668","Q22",73,3,"Comandra umbellata","N","N",0.232689519282297,0.981877355917534,1,0,0,57
"28669","Q22",73,4,"Comandra umbellata","N","N",0.261572456809197,0.611579019635166,1,0,0,58
"28670","Q22",73,5,"Comandra umbellata","N","N",0.473277433568863,0.782245519794112,1,0,0,59
"28671","Q22",73,6,"Comandra umbellata","N","N",0.561223519588268,0.769519847907261,1,0,0,60
"28672","Q22",73,7,"Comandra umbellata","N","N",0.633055347780167,0.957676910582495,1,0,0,61
"28673","Q22",73,8,"Comandra umbellata","N","N",0.631022371215773,0.755794519769478,1,0,0,62
"28674","Q22",73,9,"Comandra umbellata","N","N",0.667066527499343,0.704543160346746,1,0,0,63
"28675","Q22",73,10,"Comandra umbellata","N","N",0.68139663688769,0.769259082282017,1,0,0,64
"28676","Q22",73,11,"Comandra umbellata","N","N",0.725047144740841,0.960600816835218,1,0,0,65
"28678","Q22",73,13,"Comandra umbellata","N","N",0.927185980866597,0.95011240276295,1,0,0,66
"28679","Q22",73,14,"Comandra umbellata","N","N",0.919080543359049,0.570397043034313,1,0,0,67
"28680","Q22",73,15,"Comandra umbellata","N","N",0.694215394712127,0.486143316393345,1,0,0,68
"28681","Q22",73,16,"Comandra umbellata","N","N",0.759592332273015,0.373673292851099,1,0,0,69
"28682","Q22",73,17,"Comandra umbellata","N","N",0.470245894503539,0.605955816504928,1,0,0,70
"28683","Q22",73,18,"Comandra umbellata","N","N",0.457860574179505,0.411605847573926,1,0,0,71
"28684","Q22",73,19,"Comandra umbellata","N","N",0.482706394515144,0.380708316295151,1,0,0,72
"28685","Q22",73,20,"Comandra umbellata","N","N",0.52201128517675,0.333320081876017,1,0,0,73
"28686","Q22",73,21,"Comandra umbellata","N","N",0.438675300724136,0.32111490998965,1,0,0,74
"28687","Q22",73,22,"Comandra umbellata","N","N",0.422968769459509,0.308598941227994,1,0,0,75
"28688","Q22",73,23,"Comandra umbellata","N","N",0.385369745986993,0.562751597714692,1,0,0,76
"28689","Q22",73,24,"Comandra umbellata","N","N",0.293849292776756,0.415748996015284,1,0,0,77
"28690","Q22",73,25,"Comandra umbellata","N","N",0.281994292765716,0.400627488188703,1,0,0,78
"28691","Q22",73,26,"Comandra umbellata","N","N",0.150161714517938,0.402114816315087,1,0,0,79
"28692","Q22",73,27,"Comandra umbellata","N","N",0.010603105012963,0.318506714674721,1,0,0,80
"28693","Q22",73,28,"Comandra umbellata","N","N",0.323549753741918,0.241826230228306,1,0,0,81
"28694","Q22",73,29,"Comandra umbellata","N","N",0.509369574227477,0.015393222204925,1,0,0,82
"28695","Q22",73,30,"Comandra umbellata","N","N",0.684634535328205,0.026059183152358,1,0,0,83
"28696","Q22",73,31,"Comandra umbellata","N","N",0.91371189491655,0.187091316114832,1,0,0,84
"28697","Q22",73,32,"Comandra umbellata","N","N",0.942794801193634,0.038330440976287,1,0,0,85
"28698","Q22",73,33,"Comandra umbellata","N","N",0.062730779787841,0.929086513286639,1,0,0,86
"28699","Q22",73,34,"Comandra umbellata","N","N",0.080718870604195,0.813088559294593,1,0,0,87
"28700","Q22",73,35,"Comandra umbellata","N","N",0.158046549388621,0.57044869622458,1,0,0,88
"28701","Q22",73,36,"Comandra umbellata","N","N",0.216450291723466,0.885664343608189,1,0,0,89
"28702","Q22",73,37,"Comandra umbellata","N","N",0.239659638689308,0.676765550554501,1,0,0,90
"28703","Q22",73,38,"Comandra umbellata","N","N",0.340756925276751,0.773950320799989,1,0,0,91
"28704","Q22",73,39,"Comandra umbellata","N","N",0.365528525171335,0.654233348542417,1,0,0,92
"28708","Q22",73,43,"Comandra umbellata","N","N",0.521869859263976,0.534362211186765,1,0,0,93
"28709","Q22",73,44,"Comandra umbellata","N","N",0.469878382788512,0.455313316052678,1,0,0,94
"28710","Q22",73,45,"Comandra umbellata","N","N",0.807063680030128,0.566903247906938,1,0,0,95
"28713","Q22",73,48,"Comandra umbellata","N","N",0.253983446191573,0.537518153133139,1,0,0,96
"28714","Q22",73,49,"Comandra umbellata","N","N",0.039071172283578,0.402023130530423,1,0,0,97
"28715","Q22",73,50,"Comandra umbellata","N","N",0.009338809161613,0.298432702078379,1,0,0,98
"28716","Q22",73,51,"Comandra umbellata","N","N",0.170110399381408,0.36555837339499,1,0,0,99
"28717","Q22",73,52,"Comandra umbellata","N","N",0.209379019152991,0.372491332227538,1,0,0,100
"28718","Q22",73,53,"Comandra umbellata","N","N",0.2856116547817,0.332168127461959,1,0,0,101
"28719","Q22",73,54,"Comandra umbellata","N","N",0.039899018641511,0.209443190222226,1,0,0,102
"28720","Q22",73,55,"Comandra umbellata","N","N",0.253808349970844,0.241822062428199,1,0,0,103
"39251","Q26",51,143,"Comandra umbellata","N","N",0.652677418110941,0.820050863579321,1,0,0,1
"40166","Q26",54,372,"Comandra umbellata","N","N",0.963252988712688,0.91119935585171,1,1,0,2
"40189","Q26",54,395,"Comandra umbellata","N","N",0.658197601703698,0.842404433369128,1,1,0,3
"40563","Q26",55,462,"Comandra umbellata","N","N",0.955386152767862,0.918567285546071,2,0,0,2
"40564","Q26",55,463,"Comandra umbellata","N","N",0.954888965267398,0.894205082398382,1,1,0,4
"40624","Q26",55,523,"Comandra umbellata","N","N",0.663616060885046,0.834949440097392,2,0,0,3
"40834","Q26",56,239,"Comandra umbellata","N","N",0.946361842219471,0.901011949265387,2,0,0,4
"7125","Q5",32,35,"Comandra umbellata","N","N",0.473242355443831,0.388722019427614,1,1,0,1
"7311","Q5",33,55,"Comandra umbellata","N","N",0.46678951950032,0.400026496000643,2,0,0,1
"7728","Q5",36,109,"Comandra umbellata","N","N",0.46085174605729,0.391326269430039,1,1,0,2
"7772","Q5",36,153,"Comandra umbellata","N","N",0.452920574174903,0.700255465030252,1,1,0,3
"8032","Q5",37,111,"Comandra umbellata","N","N",0.437956910098468,0.688721980644512,1,0,0,4
"8033","Q5",37,112,"Comandra umbellata","N","N",0.453897300738313,0.699703707217238,2,1,0,3
"8155","Q5",37,234,"Comandra umbellata","N","N",0.462148324141995,0.385836475363593,2,1,0,2
"8185","Q5",38,55,"Comandra umbellata","N","N",0.465225253873863,0.389444285053288,3,1,0,2
"8281","Q5",38,151,"Comandra umbellata","N","N",0.464437704845904,0.685884895533551,3,1,0,3
"8323","Q5",39,67,"Comandra umbellata","N","N",0.458441308555046,0.38820140223963,4,1,0,2
"8390","Q5",39,134,"Comandra umbellata","N","N",0.451085805453566,0.696430788844541,4,1,0,3
"8430","Q5",40,60,"Comandra umbellata","N","N",0.46212884762098,0.391461222555166,5,1,0,2
"8494","Q5",40,124,"Comandra umbellata","N","N",0.550972847703721,0.575058449288654,1,1,0,5
"8500","Q5",40,130,"Comandra umbellata","N","N",0.542249246133097,0.53893348831751,1,1,0,6
"8557","Q5",40,187,"Comandra umbellata","N","N",0.448282802232563,0.679483403896927,5,0,0,3
"8606","Q5",41,67,"Comandra umbellata","N","N",0.374723331914576,0.520402722675251,1,0,0,7
"8607","Q5",41,68,"Comandra umbellata","N","N",0.396306097559678,0.528083574244905,1,0,0,8
"8608","Q5",41,69,"Comandra umbellata","N","N",0.402090566315064,0.546717597699758,1,0,0,9
"8664","Q5",41,125,"Comandra umbellata","N","N",0.551693214891894,0.576153597727173,2,0,0,5
"8702","Q5",41,163,"Comandra umbellata","N","N",0.460236116672986,0.392674894108627,6,0,0,2
"8723","Q5",41,184,"Comandra umbellata","N","N",0.548394184860787,0.543205140909943,2,0,0,6
"9010","Q5",45,43,"Comandra umbellata","N","N",0.031101269094554,0.651666121235,1,0,0,10
"9013","Q5",45,46,"Comandra umbellata","N","N",0.050787417550388,0.636680754033544,1,1,0,11
"9031","Q5",45,64,"Comandra umbellata","N","N",0.388960917865337,0.552960207080573,1,1,0,12
"9039","Q5",45,72,"Comandra umbellata","N","N",0.460171144494157,0.844998465165054,1,0,0,13
"9119","Q5",45,152,"Comandra umbellata","N","N",0.912190918352633,0.026634847215394,1,1,0,14
"9146","Q5",45,179,"Comandra umbellata","N","N",0.795799535431734,0.046757144109135,1,1,0,15
"9154","Q5",45,187,"Comandra umbellata","N","N",0.741639605693794,0.212273159888283,1,1,0,16
"9155","Q5",45,188,"Comandra umbellata","N","N",0.76576314477876,0.038004464413483,1,0,0,17
"9156","Q5",45,189,"Comandra umbellata","N","N",0.766367043216824,0.01559244876761,1,1,0,18
"9160","Q5",45,193,"Comandra umbellata","N","N",0.702678230657509,0.443192535103344,1,0,0,19
"9161","Q5",45,194,"Comandra umbellata","N","N",0.702483511907327,0.4243538475858,1,1,0,20
"9163","Q5",45,196,"Comandra umbellata","N","N",0.674199511880986,0.468300753876728,1,1,0,21
"9167","Q5",45,200,"Comandra umbellata","N","N",0.652491004048268,0.217488909893141,1,1,0,22
"9170","Q5",45,203,"Comandra umbellata","N","N",0.616626964952368,0.210323886448967,1,1,0,23
"9179","Q5",45,212,"Comandra umbellata","N","N",0.521006042988314,0.296067972466324,1,1,0,24
"9181","Q5",45,214,"Comandra umbellata","N","N",0.471332316379551,0.417752410079651,1,0,0,25
"9182","Q5",45,215,"Comandra umbellata","N","N",0.472975378881082,0.407661847570254,1,1,0,26
"9183","Q5",45,216,"Comandra umbellata","N","N",0.42459191789852,0.189381847366964,1,1,0,27
"9186","Q5",45,219,"Comandra umbellata","N","N",0.447614753857462,0.034303183160036,1,1,0,28
"9189","Q5",45,222,"Comandra umbellata","N","N",0.394605956933094,0.245235847418983,1,1,0,29
"9191","Q5",45,224,"Comandra umbellata","N","N",0.403316042878706,0.015913448767909,1,1,0,30
"9225","Q5",45,258,"Comandra umbellata","N","N",0.170852068426823,0.541293990457009,1,1,0,31
"9227","Q5",45,260,"Comandra umbellata","N","N",0.323025624834278,0.455941892665955,1,1,0,32
"9230","Q5",45,263,"Comandra umbellata","N","N",0.676353358698827,0.251089193422638,1,0,0,33
"9231","Q5",45,264,"Comandra umbellata","N","N",0.48792435781072,0.110649336350319,1,0,0,34
"9232","Q5",45,265,"Comandra umbellata","N","N",0.384112613090912,0.363375788661157,1,1,0,35
"9243","Q5",46,23,"Comandra umbellata","N","N",0.192207737994596,0.754253621330542,1,0,0,36
"9248","Q5",46,28,"Comandra umbellata","N","N",0.309463417791298,0.57533327741391,1,0,0,37
"9254","Q5",46,34,"Comandra umbellata","N","N",0.347432449076661,0.510231261728278,1,0,0,38
"9255","Q5",46,35,"Comandra umbellata","N","N",0.427734925713948,0.928320269930155,1,1,0,39
"9258","Q5",46,38,"Comandra umbellata","N","N",0.403196214753595,0.535414996126733,2,0,0,12
"9267","Q5",46,47,"Comandra umbellata","N","N",0.475447871070885,0.699063550966643,1,1,0,40
"9275","Q5",46,55,"Comandra umbellata","N","N",0.560604949275192,0.776938761976669,1,1,0,41
"9276","Q5",46,56,"Comandra umbellata","N","N",0.553509949268585,0.729853761932818,1,1,0,42
"9277","Q5",46,57,"Comandra umbellata","N","N",0.552570863330211,0.686947058767857,1,0,0,43
"9286","Q5",46,66,"Comandra umbellata","N","N",0.627039949337065,0.857369949551576,1,1,0,44
"9335","Q5",46,115,"Comandra umbellata","N","N",0.831350746402344,0.547472964887963,1,1,0,45
"9360","Q5",46,140,"Comandra umbellata","N","N",0.962601199649581,0.972696262158983,1,1,0,46
"9365","Q5",46,145,"Comandra umbellata","N","N",0.95204370745225,0.33672626156669,1,1,0,47
"9373","Q5",46,153,"Comandra umbellata","N","N",0.981789949667452,0.228590214590979,1,1,0,48
"9379","Q5",46,159,"Comandra umbellata","N","N",0.955989949643423,0.013903761266038,1,1,0,49
"9380","Q5",46,160,"Comandra umbellata","N","N",0.97888744966475,0.031963761282857,1,1,0,50
"9410","Q5",46,190,"Comandra umbellata","N","N",0.802318699500305,0.043896261293971,2,1,0,15
"9419","Q5",46,199,"Comandra umbellata","N","N",0.657768652490684,0.230369917717637,2,0,0,22
"9427","Q5",46,207,"Comandra umbellata","N","N",0.603174949314838,0.166768761408405,1,0,0,51
"9434","Q5",46,214,"Comandra umbellata","N","N",0.434669488220407,0.385665245987268,1,0,0,52
"9435","Q5",46,215,"Comandra umbellata","N","N",0.465833691374431,0.382829183484627,2,1,0,26
"9440","Q5",46,220,"Comandra umbellata","N","N",0.45708244917878,0.019063761270843,2,0,0,28
"9442","Q5",46,222,"Comandra umbellata","N","N",0.397150566310464,0.228017206777946,2,0,0,29
"9444","Q5",46,224,"Comandra umbellata","N","N",0.399362691312525,0.007614995635181,2,0,0,30
"9446","Q5",46,226,"Comandra umbellata","N","N",0.315988699047376,0.417028761641476,2,0,0,32
"9468","Q5",46,248,"Comandra umbellata","N","N",0.047264523004065,0.634597429412355,2,0,0,11
"9469","Q5",46,249,"Comandra umbellata","N","N",0.17238611134004,0.521515501042407,2,0,0,31
"9478","Q5",46,258,"Comandra umbellata","N","N",0.672373733854189,0.449779428653386,2,1,0,21
"9483","Q5",46,263,"Comandra umbellata","N","N",0.903407574134786,0.017489302734136,2,1,0,14
"9485","Q5",46,265,"Comandra umbellata","N","N",0.767154538090232,0.01852128727076,2,1,0,18
"9487","Q5",46,267,"Comandra umbellata","N","N",0.704554361335708,0.40966654264749,2,1,0,20
"9488","Q5",46,268,"Comandra umbellata","N","N",0.727847816790208,0.190470751511648,2,1,0,16
"9489","Q5",46,269,"Comandra umbellata","N","N",0.619403452606627,0.21943026868015,2,1,0,23
"9490","Q5",46,270,"Comandra umbellata","N","N",0.508846085958693,0.286363596528941,2,0,0,24
"9491","Q5",46,271,"Comandra umbellata","N","N",0.391664824646903,0.343917126915626,2,0,0,35
"9492","Q5",46,272,"Comandra umbellata","N","N",0.419553408268169,0.180009419819076,2,0,0,27
"9513","Q5",47,36,"Comandra umbellata","N","N",0.421736074145861,0.93066737930734,2,1,0,39
"9520","Q5",47,43,"Comandra umbellata","N","N",0.478336707011075,0.712491105666648,2,0,0,40
"9525","Q5",47,48,"Comandra umbellata","N","N",0.537092582065795,0.737129488502094,2,1,0,42
"9527","Q5",47,50,"Comandra umbellata","N","N",0.513421121106249,0.462852972621653,1,0,0,53
"9530","Q5",47,53,"Comandra umbellata","N","N",0.605137933691668,0.952927980890572,1,1,0,54
"9542","Q5",47,65,"Comandra umbellata","N","N",0.651141707172012,0.868534363624474,1,0,0,55
"9548","Q5",47,71,"Comandra umbellata","N","N",0.657585964990512,0.445488269480482,3,0,0,21
"9578","Q5",47,101,"Comandra umbellata","N","N",0.813949847948639,0.538991683630063,2,0,0,45
"9587","Q5",47,110,"Comandra umbellata","N","N",0.921492707423796,0.79986260574802,1,0,0,56
"9594","Q5",47,117,"Comandra umbellata","N","N",0.971234707470122,0.983811105919334,2,0,0,46
"9625","Q5",47,148,"Comandra umbellata","N","N",0.729313340057314,0.199994019251847,3,0,0,16
"9626","Q5",47,149,"Comandra umbellata","N","N",0.734152707249321,0.056962605056139,1,0,0,57
"9627","Q5",47,150,"Comandra umbellata","N","N",0.693899855649334,0.403485058503864,3,0,0,20
"9643","Q5",47,166,"Comandra umbellata","N","N",0.466385706999945,0.383031105359815,3,1,0,26
"9644","Q5",47,167,"Comandra umbellata","N","N",0.460894706994829,0.338941605318753,1,1,0,58
"9663","Q5",47,186,"Comandra umbellata","N","N",0.571890655164812,0.786029512077672,2,0,0,41
"9664","Q5",47,187,"Comandra umbellata","N","N",0.641618238948143,0.85683466146139,2,0,0,44
"9676","Q5",47,199,"Comandra umbellata","N","N",0.971710415491528,0.361775107696356,2,0,0,47
"9677","Q5",47,200,"Comandra umbellata","N","N",0.990297457919757,0.245724694049892,2,0,0,48
"9678","Q5",47,201,"Comandra umbellata","N","N",0.9723289329808,0.034032681485956,2,0,0,50
"9679","Q5",47,202,"Comandra umbellata","N","N",0.954381443088426,0.015972820589986,2,0,0,49
"9681","Q5",47,204,"Comandra umbellata","N","N",0.911298105476745,0.020139037166323,3,0,0,14
"9682","Q5",47,205,"Comandra umbellata","N","N",0.792051103653051,0.046434689642907,3,0,0,15
"9683","Q5",47,206,"Comandra umbellata","N","N",0.765361316602952,0.034545238139206,1,0,0,59
"9684","Q5",47,207,"Comandra umbellata","N","N",0.761246297491346,0.009804908270906,3,0,0,18
"9687","Q5",47,210,"Comandra umbellata","N","N",0.692175970386671,0.431880089566031,1,0,0,60
"9689","Q5",47,212,"Comandra umbellata","N","N",0.625281411766339,0.211865320597944,3,0,0,23
"9703","Q5",49,56,"Comandra umbellata","N","N",0.13184712856338,0.527577730494433,1,1,0,61
"9712","Q5",49,65,"Comandra umbellata","N","N",0.280584300576904,0.552833543017955,1,0,0,62
"9713","Q5",49,66,"Comandra umbellata","N","N",0.300598331845543,0.562666527402112,1,1,0,63
"9719","Q5",49,72,"Comandra umbellata","N","N",0.417213792891649,0.979558801227873,1,0,0,64
"9720","Q5",49,73,"Comandra umbellata","N","N",0.41451833195164,0.941546527754972,4,0,1,39
"9732","Q5",49,85,"Comandra umbellata","N","N",0.473878332006922,0.395626527246544,5,1,1,26
"9735","Q5",49,88,"Comandra umbellata","N","N",0.538139605504271,0.692855894710861,4,1,1,42
"9744","Q5",49,97,"Comandra umbellata","N","N",0.608598332132391,0.947946527760933,3,1,1,54
"9843","Q5",49,196,"Comandra umbellata","N","N",0.463429769497192,0.195306527059983,1,1,0,65
"9856","Q5",49,209,"Comandra umbellata","N","N",0.474455645934602,0.344214006287254,3,1,1,58
"9887","Q5",50,37,"Comandra umbellata","N","N",0.523695988303319,0.710643527539927,1,0,0,66
"9888","Q5",50,38,"Comandra umbellata","N","N",0.555093011770059,0.690104191583298,5,1,0,42
"9896","Q5",50,46,"Comandra umbellata","N","N",0.626985129024514,0.964244879338612,1,1,0,67
"9898","Q5",50,48,"Comandra umbellata","N","N",0.607176011818566,0.928014191804869,4,0,0,54
"10014","Q5",50,164,"Comandra umbellata","N","N",0.299513919213031,0.557749167607623,2,0,0,63
"10024","Q5",50,174,"Comandra umbellata","N","N",0.467188524407481,0.399581760164848,6,0,0,26
"10025","Q5",50,175,"Comandra umbellata","N","N",0.472876240029137,0.341997889825771,4,1,0,58
"10026","Q5",50,176,"Comandra umbellata","N","N",0.455886292841109,0.202289189528658,2,1,0,65
"10032","Q5",50,182,"Comandra umbellata","N","N",0.142718951736871,0.540446184427762,2,1,0,61
"10046","Q5",51,19,"Comandra umbellata","N","N",0.548372996138801,0.699038840029119,6,1,0,42
"10047","Q5",51,20,"Comandra umbellata","N","N",0.54385094925959,0.683526097827172,1,0,0,68
"10119","Q5",51,92,"Comandra umbellata","N","N",0.738930129128771,0.23131713646852,1,0,0,69
"10130","Q5",51,103,"Comandra umbellata","N","N",0.452388878861909,0.324519636555322,5,0,0,58
"10144","Q5",51,117,"Comandra umbellata","N","N",0.62239929512611,0.944893734501708,2,1,0,67
"10149","Q5",51,122,"Comandra umbellata","N","N",0.462610478425323,0.200415922743985,3,1,0,65
"10161","Q5",52,59,"Comandra umbellata","N","N",0.169487261410937,0.518901386736354,4,1,1,61
"10183","Q5",52,81,"Comandra umbellata","N","N",0.759911715085811,0.458076933554707,1,0,0,70
"10192","Q5",52,90,"Comandra umbellata","N","N",0.967025965278702,0.842519808912747,1,0,0,71
"10214","Q5",52,112,"Comandra umbellata","N","N",0.855964965175269,0.176450308292421,1,0,0,72
"10228","Q5",52,126,"Comandra umbellata","N","N",0.446311714793748,0.188316933303473,4,0,0,65
"10232","Q5",52,130,"Comandra umbellata","N","N",0.064871714438505,0.390556933491824,1,0,0,73
"10245","Q5",52,143,"Comandra umbellata","N","N",0.546879145352573,0.694570221208807,7,1,0,42
"10249","Q5",52,147,"Comandra umbellata","N","N",0.608858503427612,0.940895999026293,3,1,0,67
"10280","Q5",54,43,"Comandra umbellata","N","N",0.176130503604623,0.504768496098191,6,0,1,61
"10291","Q5",54,54,"Comandra umbellata","N","N",0.602811808689501,0.976566191850087,1,0,0,74
"10292","Q5",54,55,"Comandra umbellata","N","N",0.603622316502755,0.956776590269157,5,0,1,67
"10326","Q5",54,89,"Comandra umbellata","N","N",0.502504292971083,0.443592230416216,1,1,0,75
"10346","Q5",54,109,"Comandra umbellata","N","N",0.548882112783802,0.692361940063608,9,0,1,42
"10404","Q5",55,82,"Comandra umbellata","N","N",0.499959925781213,0.46077617574472,2,1,0,75
"10485","Q5",55,163,"Comandra umbellata","N","N",0.494199527295163,0.479159993228645,1,0,0,76
"10541","Q5",56,36,"Comandra umbellata","N","N",0.516592753921704,0.448505097608291,3,0,0,75
"10580","Q5",56,75,"Comandra umbellata","N","N",0.750670472889705,0.231878394281542,1,0,0,77
"11836","Q6",46,132,"Comandra umbellata","N","N",0.342921800634959,0.503363957034384,1,0,0,1
"11841","Q6",46,137,"Comandra umbellata","N","N",0.275671917759829,0.747955965074676,1,1,0,2
"11845","Q6",46,141,"Comandra umbellata","N","N",0.232496378657118,0.705393840035037,1,1,0,3
"11875","Q6",46,171,"Comandra umbellata","N","N",0.783838886983095,0.577080847728037,1,1,0,4
"11879","Q6",46,175,"Comandra umbellata","N","N",0.924882129301952,0.510756652353767,1,1,0,5
"11881","Q6",46,177,"Comandra umbellata","N","N",0.78902980105043,0.338083472505454,1,1,0,6
"11897","Q6",46,193,"Comandra umbellata","N","N",0.836031407773881,0.809158421900629,1,0,0,7
"11898","Q6",46,194,"Comandra umbellata","N","N",0.826842286136814,0.919538272649313,1,1,0,8
"11901","Q6",46,197,"Comandra umbellata","N","N",0.484757622815859,0.044141553141712,1,1,0,9
"11979","Q6",47,181,"Comandra umbellata","N","N",0.036178901911783,0.760488879148849,1,1,0,10
"11988","Q6",47,190,"Comandra umbellata","N","N",0.278930699012863,0.733958629124142,2,1,0,2
"11990","Q6",47,192,"Comandra umbellata","N","N",0.241523042728024,0.704244746283968,2,1,0,3
"11993","Q6",47,195,"Comandra umbellata","N","N",0.455887480427667,0.756774644770389,1,0,0,11
"11998","Q6",47,200,"Comandra umbellata","N","N",0.736842840064328,0.818059519827465,1,0,0,12
"12002","Q6",47,204,"Comandra umbellata","N","N",0.932901394934421,0.49943120703072,2,1,0,5
"12013","Q6",47,215,"Comandra umbellata","N","N",0.690680199396335,0.490145613272072,1,0,0,13
"12014","Q6",47,216,"Comandra umbellata","N","N",0.816698894826199,0.348208769389884,2,1,0,6
"12043","Q6",47,245,"Comandra umbellata","N","N",0.830249419268601,0.903958504684922,2,0,0,8
"12047","Q6",47,249,"Comandra umbellata","N","N",0.793868709828606,0.578398824305496,2,0,0,4
"12050","Q6",47,252,"Comandra umbellata","N","N",0.484887978211062,0.034493017530537,2,0,0,9
"12121","Q6",49,168,"Comandra umbellata","N","N",0.23434549584634,0.708882004100787,4,1,1,3
"12122","Q6",49,169,"Comandra umbellata","N","N",0.244656870855944,0.745195972884606,1,0,0,14
"12123","Q6",49,170,"Comandra umbellata","N","N",0.262141370872226,0.75550734789421,4,0,1,2
"12136","Q6",49,183,"Comandra umbellata","N","N",0.041791808167011,0.777923371352586,3,1,1,10
"12137","Q6",49,184,"Comandra umbellata","N","N",0.055689745679953,0.789579707300942,1,0,0,15
"12138","Q6",49,185,"Comandra umbellata","N","N",0.059724628496212,0.772543527597576,1,0,0,16
"12144","Q6",49,191,"Comandra umbellata","N","N",0.822317949518932,0.304272675598965,4,1,1,6
"12146","Q6",49,193,"Comandra umbellata","N","N",0.725480699428744,0.219091761457133,1,0,0,17
"12157","Q6",49,204,"Comandra umbellata","N","N",0.520374035175224,0.925532926177559,1,1,0,18
"12165","Q6",49,212,"Comandra umbellata","N","N",0.673751993720729,0.893807301210703,1,1,0,19
"12167","Q6",49,214,"Comandra umbellata","N","N",0.837723628686136,0.733887608299589,1,0,0,20
"12170","Q6",49,217,"Comandra umbellata","N","N",0.921463333841882,0.498227227084271,4,1,1,5
"12238","Q6",50,153,"Comandra umbellata","N","N",0.021338855022962,0.98108114497929,1,0,0,21
"12241","Q6",50,156,"Comandra umbellata","N","N",0.038428386288878,0.998608863745615,1,0,0,22
"12249","Q6",50,164,"Comandra umbellata","N","N",0.043248503480867,0.776883183851617,4,0,0,10
"12268","Q6",50,183,"Comandra umbellata","N","N",0.213486503639413,0.682233488450968,5,1,0,3
"12269","Q6",50,184,"Comandra umbellata","N","N",0.224879519275023,0.668649504063317,1,0,0,23
"12289","Q6",50,204,"Comandra umbellata","N","N",0.790586738551879,0.341319300633468,5,0,0,6
"12292","Q6",50,207,"Comandra umbellata","N","N",0.881730887074265,0.521416644551196,5,0,0,5
"12297","Q6",50,212,"Comandra umbellata","N","N",0.67424648844353,0.871532879252267,2,0,0,19
"12401","Q6",51,161,"Comandra umbellata","N","N",0.495969527339997,0.93902998087763,3,0,1,18
"12405","Q6",51,165,"Comandra umbellata","N","N",0.232819808344918,0.690213527520901,6,0,0,3
"12414","Q6",51,174,"Comandra umbellata","Y","N",0.840415715160787,0.650573097796483,1,0,0,24
"12416","Q6",51,176,"Comandra umbellata","N","N",0.84937400423163,0.585625511798495,1,0,0,25
"12784","Q6",55,155,"Comandra umbellata","N","N",0.475653574196076,0.737025910376997,1,0,0,26
"12785","Q6",55,156,"Comandra umbellata","N","N",0.537673925816336,0.739676347879466,1,0,0,27
"12786","Q6",55,157,"Comandra umbellata","N","N",0.511699589854646,0.812828558885093,1,0,0,28
"12787","Q6",55,158,"Comandra umbellata","N","N",0.076762026949579,0.506437441412245,1,0,0,29
"12788","Q6",55,159,"Comandra umbellata","N","N",0.828427433899622,0.542748496133563,1,0,0,30
"12789","Q6",55,160,"Comandra umbellata","N","N",0.811464605758824,0.45899451949306,1,0,0,31
"12794","Q6",55,165,"Comandra umbellata","N","N",0.905290254283705,0.453163550737631,1,0,0,32
"12797","Q6",55,168,"Comandra umbellata","N","N",0.682918160326605,0.505642308599005,1,0,0,33
"12820","Q6",55,191,"Comandra umbellata","N","N",0.429800925715871,0.586480793049291,1,0,0,34
"14536","Q8",36,173,"Comandra umbellata","N","N",0.587194449299957,0.752186121328617,1,0,0,1
