"","quad","year","trackID","survives","age","distEdgeMin","allEdge","seedling","QuadName","Grazing","Group"
"1","Q10",39,1,1,1,0.082694706642605,0,0,"P1 E1 Q4","no","P1E1"
"2","Q10",40,1,0,2,0.071485807366346,0,0,"P1 E1 Q4","no","P1E1"
"3","Q14",30,1,1,1,0.12183847230406,0,0,"P1 Q4","yes","P1"
"4","Q14",32,1,0,3,0.109806495730354,0,0,"P1 Q4","yes","P1"
"5","Q14",56,6,0,1,0.099072714470357,0,0,"P1 Q4","yes","P1"
"6","Q14",56,8,0,1,0.065679956626758,0,0,"P1 Q4","yes","P1"
"7","Q14",56,7,0,1,0.072172995695305,0,0,"P1 Q4","yes","P1"
"8","Q14",56,5,0,1,0.122725917617386,0,0,"P1 Q4","yes","P1"
"9","Q20",45,2,0,1,0.282871949016534,0,0,"P7 E1 Q2","no","P7E1"
"10","Q20",45,5,1,1,0.072623172822425,0,0,"P7 E1 Q2","no","P7E1"
"11","Q20",45,4,1,1,0.052002683176521,0,0,"P7 E1 Q2","no","P7E1"
"12","Q20",45,3,1,1,0.14871539420409,0,0,"P7 E1 Q2","no","P7E1"
"13","Q20",46,19,1,1,0.067625608588575,0,0,"P7 E1 Q2","no","P7E1"
"14","Q20",46,20,1,1,0.06743398344987,0,0,"P7 E1 Q2","no","P7E1"
"15","Q20",46,3,1,2,0.155958378585836,0,0,"P7 E1 Q2","no","P7E1"
"16","Q20",46,18,0,1,0.1710806534566,0,0,"P7 E1 Q2","no","P7E1"
"17","Q20",46,16,1,1,0.260283876385354,0,0,"P7 E1 Q2","no","P7E1"
"18","Q20",46,14,1,1,0.019302597208566,1,0,"P7 E1 Q2","no","P7E1"
"19","Q20",46,13,0,1,0.039378198789763,1,0,"P7 E1 Q2","no","P7E1"
"20","Q20",46,17,1,1,0.233512400117054,0,0,"P7 E1 Q2","no","P7E1"
"21","Q20",46,10,0,1,0.00520195657043399,1,0,"P7 E1 Q2","no","P7E1"
"22","Q20",46,15,0,1,0.211236925512318,0,0,"P7 E1 Q2","no","P7E1"
"23","Q20",46,12,0,1,0.0102854331376681,1,0,"P7 E1 Q2","no","P7E1"
"24","Q20",46,8,0,1,0.187395800490115,0,0,"P7 E1 Q2","no","P7E1"
"25","Q20",46,6,1,1,0.260124245870348,0,0,"P7 E1 Q2","no","P7E1"
"26","Q20",46,9,1,1,0.023050792524557,1,0,"P7 E1 Q2","no","P7E1"
"27","Q20",46,11,0,1,0.0179657612698200,1,0,"P7 E1 Q2","no","P7E1"
"28","Q20",46,7,1,1,0.256156855241653,0,0,"P7 E1 Q2","no","P7E1"
"29","Q20",46,4,1,2,0.0351259722233030,1,0,"P7 E1 Q2","no","P7E1"
"30","Q20",46,5,1,2,0.08247057723105,0,0,"P7 E1 Q2","no","P7E1"
"31","Q20",49,53,1,1,0.230597456780349,0,0,"P7 E1 Q2","no","P7E1"
"32","Q20",49,52,0,1,0.188849714553968,0,0,"P7 E1 Q2","no","P7E1"
"33","Q20",49,26,1,3,0.445363371065348,0,0,"P7 E1 Q2","no","P7E1"
"34","Q20",49,27,1,3,0.062711993435675,0,0,"P7 E1 Q2","no","P7E1"
"35","Q20",49,37,1,1,0.406544105381712,0,0,"P7 E1 Q2","no","P7E1"
"36","Q20",49,28,0,3,0.095021714466585,0,0,"P7 E1 Q2","no","P7E1"
"37","Q20",49,51,0,1,0.150880402018607,0,0,"P7 E1 Q2","no","P7E1"
"38","Q20",49,36,0,1,0.193268237995583,0,0,"P7 E1 Q2","no","P7E1"
"39","Q20",49,50,1,1,0.164339605156141,0,0,"P7 E1 Q2","no","P7E1"
"40","Q20",49,63,0,1,0.225580982882092,0,0,"P7 E1 Q2","no","P7E1"
"41","Q20",49,64,0,1,0.255380814484307,0,0,"P7 E1 Q2","no","P7E1"
"42","Q20",49,35,0,1,0.072659862883259,0,0,"P7 E1 Q2","no","P7E1"
"43","Q20",49,55,0,1,0.113459097296256,0,0,"P7 E1 Q2","no","P7E1"
"44","Q20",49,24,1,3,0.335586442586257,0,0,"P7 E1 Q2","no","P7E1"
"45","Q20",49,49,1,1,0.102645597286185,0,0,"P7 E1 Q2","no","P7E1"
"46","Q20",49,65,1,1,0.249147740011595,0,0,"P7 E1 Q2","no","P7E1"
"47","Q20",49,5,1,5,0.085557183004696,0,0,"P7 E1 Q2","no","P7E1"
"48","Q20",49,66,1,1,0.090393170844746,0,0,"P7 E1 Q2","no","P7E1"
"49","Q20",49,56,0,1,0.068486730066872,0,0,"P7 E1 Q2","no","P7E1"
"50","Q20",49,47,0,1,0.039070339414477,1,0,"P7 E1 Q2","no","P7E1"
"51","Q20",49,38,1,1,0.227348988027324,0,0,"P7 E1 Q2","no","P7E1"
"52","Q20",49,45,0,1,0.118849823863775,0,0,"P7 E1 Q2","no","P7E1"
"53","Q20",49,23,1,3,0.290500076053974,0,0,"P7 E1 Q2","no","P7E1"
"54","Q20",49,40,1,1,0.285253745893752,0,0,"P7 E1 Q2","no","P7E1"
"55","Q20",49,48,1,1,0.0132264487654070,1,0,"P7 E1 Q2","no","P7E1"
"56","Q20",49,62,1,1,0.18244277652628,0,0,"P7 E1 Q2","no","P7E1"
"57","Q20",49,39,1,1,0.057283355056438,0,0,"P7 E1 Q2","no","P7E1"
"58","Q20",49,46,0,1,0.075092050385524,0,0,"P7 E1 Q2","no","P7E1"
"59","Q20",49,17,1,4,0.254030745864672,0,0,"P7 E1 Q2","no","P7E1"
"60","Q20",49,19,1,4,0.067018448815504,0,0,"P7 E1 Q2","no","P7E1"
"61","Q20",49,59,0,1,0.189136516541702,0,0,"P7 E1 Q2","no","P7E1"
"62","Q20",49,34,0,1,0.090141191024539,0,0,"P7 E1 Q2","no","P7E1"
"63","Q20",49,60,0,1,0.050213306630208,0,0,"P7 E1 Q2","no","P7E1"
"64","Q20",49,61,1,1,0.024091036896901,1,0,"P7 E1 Q2","no","P7E1"
"65","Q20",49,22,0,3,0.263357597435859,0,0,"P7 E1 Q2","no","P7E1"
"66","Q20",49,43,1,1,0.183118878611132,0,0,"P7 E1 Q2","no","P7E1"
"67","Q20",49,54,1,1,0.011046878450877,1,0,"P7 E1 Q2","no","P7E1"
"68","Q20",49,57,0,1,0.134864073878691,0,0,"P7 E1 Q2","no","P7E1"
"69","Q20",49,58,1,1,0.346366986053035,0,0,"P7 E1 Q2","no","P7E1"
"70","Q20",49,33,1,1,0.091051487900387,0,0,"P7 E1 Q2","no","P7E1"
"71","Q20",49,6,0,4,0.315588300609503,0,0,"P7 E1 Q2","no","P7E1"
"72","Q20",49,7,1,4,0.272048159115122,0,0,"P7 E1 Q2","no","P7E1"
"73","Q20",49,21,0,3,0.176059542667057,0,0,"P7 E1 Q2","no","P7E1"
"74","Q20",49,41,0,1,0.278214105262196,0,0,"P7 E1 Q2","no","P7E1"
"75","Q20",49,42,0,1,0.288803792772058,0,0,"P7 E1 Q2","no","P7E1"
"76","Q20",49,44,0,1,0.05315183942759,0,0,"P7 E1 Q2","no","P7E1"
"77","Q20",49,3,1,5,0.159532737964166,0,0,"P7 E1 Q2","no","P7E1"
"78","Q20",49,9,1,4,0.021482495648097,1,0,"P7 E1 Q2","no","P7E1"
"79","Q20",49,32,1,1,0.028577269092203,1,0,"P7 E1 Q2","no","P7E1"
"80","Q20",49,67,0,1,0.072862063123896,0,0,"P7 E1 Q2","no","P7E1"
"81","Q20",49,29,0,3,0.233901769283427,0,0,"P7 E1 Q2","no","P7E1"
"82","Q20",49,30,1,3,0.053640605867262,0,0,"P7 E1 Q2","no","P7E1"
"83","Q20",49,31,1,3,0.081860950431071,0,0,"P7 E1 Q2","no","P7E1"
"84","Q20",49,68,1,1,0.017422867536418,1,0,"P7 E1 Q2","no","P7E1"
"85","Q20",50,61,1,2,0.005264264453001,1,0,"P7 E1 Q2","no","P7E1"
"86","Q20",50,30,0,4,0.050262261299899,0,0,"P7 E1 Q2","no","P7E1"
"87","Q20",50,31,1,4,0.07653644882437,0,0,"P7 E1 Q2","no","P7E1"
"88","Q20",50,62,1,2,0.179260683295039,0,0,"P7 E1 Q2","no","P7E1"
"89","Q20",50,58,1,2,0.344054503761014,0,0,"P7 E1 Q2","no","P7E1"
"90","Q20",50,78,1,1,0.221098649315894,0,0,"P7 E1 Q2","no","P7E1"
"91","Q20",50,54,1,2,0.02463846022108,1,0,"P7 E1 Q2","no","P7E1"
"92","Q20",50,76,1,1,0.132359370751359,0,0,"P7 E1 Q2","no","P7E1"
"93","Q20",50,77,1,1,0.042530026917698,1,0,"P7 E1 Q2","no","P7E1"
"94","Q20",50,75,1,1,0.11960558948948,0,0,"P7 E1 Q2","no","P7E1"
"95","Q20",50,3,1,6,0.158387558275598,0,0,"P7 E1 Q2","no","P7E1"
"96","Q20",50,74,1,1,0.351176824080148,0,0,"P7 E1 Q2","no","P7E1"
"97","Q20",50,73,0,1,0.268422909940576,0,0,"P7 E1 Q2","no","P7E1"
"98","Q20",50,26,1,4,0.462114342750953,0,0,"P7 E1 Q2","no","P7E1"
"99","Q20",50,32,1,2,0.023849833099748,1,0,"P7 E1 Q2","no","P7E1"
"100","Q20",50,9,0,5,0.0152243940797669,1,0,"P7 E1 Q2","no","P7E1"
"101","Q20",50,65,1,2,0.248589766366709,0,0,"P7 E1 Q2","no","P7E1"
"102","Q20",50,38,1,2,0.219778594309501,0,0,"P7 E1 Q2","no","P7E1"
"103","Q20",50,66,1,2,0.095387800164186,0,0,"P7 E1 Q2","no","P7E1"
"104","Q20",50,71,0,1,0.191666441119092,0,0,"P7 E1 Q2","no","P7E1"
"105","Q20",50,27,1,4,0.069090474437528,0,0,"P7 E1 Q2","no","P7E1"
"106","Q20",50,5,1,6,0.094028237903159,0,0,"P7 E1 Q2","no","P7E1"
"107","Q20",50,7,0,5,0.271051420618112,0,0,"P7 E1 Q2","no","P7E1"
"108","Q20",50,50,1,2,0.178333465766473,0,0,"P7 E1 Q2","no","P7E1"
"109","Q20",50,37,1,2,0.393088566306681,0,0,"P7 E1 Q2","no","P7E1"
"110","Q20",50,72,0,1,0.257747683368135,0,0,"P7 E1 Q2","no","P7E1"
"111","Q20",50,24,1,4,0.333965870939118,0,0,"P7 E1 Q2","no","P7E1"
"112","Q20",50,48,1,2,0.0247029487760950,1,0,"P7 E1 Q2","no","P7E1"
"113","Q20",50,23,1,4,0.302691194057819,0,0,"P7 E1 Q2","no","P7E1"
"114","Q20",50,69,0,1,0.429342292902946,0,0,"P7 E1 Q2","no","P7E1"
"115","Q20",50,43,0,2,0.188963800491575,0,0,"P7 E1 Q2","no","P7E1"
"116","Q20",50,19,1,5,0.064261950146985,0,0,"P7 E1 Q2","no","P7E1"
"117","Q20",50,68,1,2,0.023778190962734,1,0,"P7 E1 Q2","no","P7E1"
"118","Q20",50,17,1,5,0.256547386492017,0,0,"P7 E1 Q2","no","P7E1"
"119","Q20",50,70,1,1,0.06459694100075,0,0,"P7 E1 Q2","no","P7E1"
"120","Q20",50,39,1,2,0.043044161804327,1,0,"P7 E1 Q2","no","P7E1"
"121","Q20",50,40,1,2,0.272732378694591,0,0,"P7 E1 Q2","no","P7E1"
"122","Q20",50,53,1,2,0.232088203220481,0,0,"P7 E1 Q2","no","P7E1"
"123","Q20",51,74,1,2,0.344582535011507,0,0,"P7 E1 Q2","no","P7E1"
"124","Q20",51,75,1,2,0.125744026995197,0,0,"P7 E1 Q2","no","P7E1"
"125","Q20",51,86,1,1,0.057781784744402,0,0,"P7 E1 Q2","no","P7E1"
"126","Q20",51,87,0,1,0.27560245842194,0,0,"P7 E1 Q2","no","P7E1"
"127","Q20",51,70,1,2,0.0566750113058700,0,0,"P7 E1 Q2","no","P7E1"
"128","Q20",51,38,1,3,0.225601277088196,0,0,"P7 E1 Q2","no","P7E1"
"129","Q20",51,84,0,1,0.171834191100621,0,0,"P7 E1 Q2","no","P7E1"
"130","Q20",51,85,1,1,0.166876198908505,0,0,"P7 E1 Q2","no","P7E1"
"131","Q20",51,76,1,2,0.112971741807693,0,0,"P7 E1 Q2","no","P7E1"
"132","Q20",51,77,1,2,0.052584016435791,0,0,"P7 E1 Q2","no","P7E1"
"133","Q20",51,17,0,6,0.226708511464227,0,0,"P7 E1 Q2","no","P7E1"
"134","Q20",51,78,1,2,0.202035972378749,0,0,"P7 E1 Q2","no","P7E1"
"135","Q20",51,66,0,3,0.092994316027196,0,0,"P7 E1 Q2","no","P7E1"
"136","Q20",51,37,1,3,0.405795333039405,0,0,"P7 E1 Q2","no","P7E1"
"137","Q20",51,61,0,3,0.010534253450399,1,0,"P7 E1 Q2","no","P7E1"
"138","Q20",51,33,1,3,0.101775394160375,0,0,"P7 E1 Q2","no","P7E1"
"139","Q20",51,49,1,3,0.095221487904271,0,0,"P7 E1 Q2","no","P7E1"
"140","Q20",51,88,1,1,0.022984853618498,1,0,"P7 E1 Q2","no","P7E1"
"141","Q20",51,68,1,3,0.004813206570072,1,0,"P7 E1 Q2","no","P7E1"
"142","Q20",51,48,1,3,0.0102131983159400,1,0,"P7 E1 Q2","no","P7E1"
"143","Q20",51,58,0,3,0.337624566255026,0,0,"P7 E1 Q2","no","P7E1"
"144","Q20",51,65,1,3,0.245431964606666,0,0,"P7 E1 Q2","no","P7E1"
"145","Q20",51,40,1,3,0.258200596621907,0,0,"P7 E1 Q2","no","P7E1"
"146","Q20",51,81,0,1,0.0585255659950950,0,0,"P7 E1 Q2","no","P7E1"
"147","Q20",51,32,1,3,0.039478633261984,1,0,"P7 E1 Q2","no","P7E1"
"148","Q20",51,62,1,3,0.188201831740865,0,0,"P7 E1 Q2","no","P7E1"
"149","Q20",51,82,1,1,0.055842980055096,0,0,"P7 E1 Q2","no","P7E1"
"150","Q20",51,83,0,1,0.217650238018291,0,0,"P7 E1 Q2","no","P7E1"
"151","Q20",51,5,1,7,0.078046972263276,0,0,"P7 E1 Q2","no","P7E1"
"152","Q20",51,53,1,3,0.224414110739825,0,0,"P7 E1 Q2","no","P7E1"
"153","Q20",51,79,0,1,0.207493300508832,0,0,"P7 E1 Q2","no","P7E1"
"154","Q20",51,80,0,1,0.245974042732169,0,0,"P7 E1 Q2","no","P7E1"
"155","Q20",51,31,0,5,0.057589011306722,0,0,"P7 E1 Q2","no","P7E1"
"156","Q20",51,26,1,5,0.452142716300624,0,0,"P7 E1 Q2","no","P7E1"
"157","Q20",51,3,1,7,0.146381128576917,0,0,"P7 E1 Q2","no","P7E1"
"158","Q20",51,19,1,6,0.0384261508778621,1,0,"P7 E1 Q2","no","P7E1"
"159","Q20",51,23,1,5,0.296454201920628,0,0,"P7 E1 Q2","no","P7E1"
"160","Q20",51,24,1,5,0.328805500370273,0,0,"P7 E1 Q2","no","P7E1"
"161","Q20",54,49,1,6,0.118919901988842,0,0,"P7 E1 Q2","no","P7E1"
"162","Q20",54,48,0,6,0.024241667525666,1,0,"P7 E1 Q2","no","P7E1"
"163","Q20",54,38,1,6,0.22138485520927,0,0,"P7 E1 Q2","no","P7E1"
"164","Q20",54,111,1,1,0.118754558238687,0,0,"P7 E1 Q2","no","P7E1"
"165","Q20",54,94,1,3,0.06034477693429,0,0,"P7 E1 Q2","no","P7E1"
"166","Q20",54,95,1,3,0.086671222271308,0,0,"P7 E1 Q2","no","P7E1"
"167","Q20",54,53,1,6,0.213726667702137,0,0,"P7 E1 Q2","no","P7E1"
"168","Q20",54,110,0,1,0.119918675427271,0,0,"P7 E1 Q2","no","P7E1"
"169","Q20",54,108,1,1,0.258761261494079,0,0,"P7 E1 Q2","no","P7E1"
"170","Q20",54,90,0,3,0.124401820243506,0,0,"P7 E1 Q2","no","P7E1"
"171","Q20",54,92,1,3,0.153234644208299,0,0,"P7 E1 Q2","no","P7E1"
"172","Q20",54,99,0,3,0.145477456701076,0,0,"P7 E1 Q2","no","P7E1"
"173","Q20",54,113,1,1,0.06483376912597,0,0,"P7 E1 Q2","no","P7E1"
"174","Q20",54,65,1,6,0.239125894288292,0,0,"P7 E1 Q2","no","P7E1"
"175","Q20",54,33,1,6,0.077580378512841,0,0,"P7 E1 Q2","no","P7E1"
"176","Q20",54,109,0,1,0.249394316172855,0,0,"P7 E1 Q2","no","P7E1"
"177","Q20",54,23,0,8,0.278264808387243,0,0,"P7 E1 Q2","no","P7E1"
"178","Q20",54,86,0,4,0.031532409719955,1,0,"P7 E1 Q2","no","P7E1"
"179","Q20",54,107,1,1,0.267274925564508,0,0,"P7 E1 Q2","no","P7E1"
"180","Q20",54,98,1,3,0.106365050414649,0,0,"P7 E1 Q2","no","P7E1"
"181","Q20",54,82,0,4,0.087393644146981,0,0,"P7 E1 Q2","no","P7E1"
"182","Q20",54,76,0,5,0.094951573841519,0,0,"P7 E1 Q2","no","P7E1"
"183","Q20",54,114,0,1,0.049982128487138,1,0,"P7 E1 Q2","no","P7E1"
"184","Q20",54,88,1,4,0.045294230045272,1,0,"P7 E1 Q2","no","P7E1"
"185","Q20",54,112,1,1,0.073576800384112,0,0,"P7 E1 Q2","no","P7E1"
"186","Q20",54,105,1,1,0.065333831626435,0,0,"P7 E1 Q2","no","P7E1"
"187","Q20",54,24,0,8,0.321044238114584,0,0,"P7 E1 Q2","no","P7E1"
"188","Q20",54,32,1,6,0.013821433140961,1,0,"P7 E1 Q2","no","P7E1"
"189","Q20",54,78,1,5,0.213213050514159,0,0,"P7 E1 Q2","no","P7E1"
"190","Q20",54,75,1,5,0.107635448853332,0,0,"P7 E1 Q2","no","P7E1"
"191","Q20",54,106,1,1,0.075750925386137,0,0,"P7 E1 Q2","no","P7E1"
"192","Q20",54,77,1,5,0.035583847223728,1,0,"P7 E1 Q2","no","P7E1"
"193","Q20",54,74,1,5,0.358412285024387,0,0,"P7 E1 Q2","no","P7E1"
"194","Q20",54,102,1,1,0.016968987831393,1,0,"P7 E1 Q2","no","P7E1"
"195","Q20",54,19,1,9,0.074123714447121,0,0,"P7 E1 Q2","no","P7E1"
"196","Q20",54,104,1,1,0.084188605081496,0,0,"P7 E1 Q2","no","P7E1"
"197","Q20",54,101,0,1,0.053134847240075,0,0,"P7 E1 Q2","no","P7E1"
"198","Q20",54,103,1,1,0.129145792623365,0,0,"P7 E1 Q2","no","P7E1"
"199","Q20",54,115,0,1,0.151706230144376,0,0,"P7 E1 Q2","no","P7E1"
"200","Q20",54,116,0,1,0.027443065966147,1,0,"P7 E1 Q2","no","P7E1"
"201","Q20",55,32,1,7,0.034590878472804,1,0,"P7 E1 Q2","no","P7E1"
"202","Q20",55,94,0,4,0.060685948809607,0,0,"P7 E1 Q2","no","P7E1"
"203","Q20",55,19,0,10,0.071154847256857,0,0,"P7 E1 Q2","no","P7E1"
"204","Q20",55,129,0,1,0.07866416757635,0,0,"P7 E1 Q2","no","P7E1"
"205","Q20",55,130,0,1,0.014645601267167,1,0,"P7 E1 Q2","no","P7E1"
"206","Q20",55,117,0,1,0.100841151972005,0,0,"P7 E1 Q2","no","P7E1"
"207","Q20",55,92,0,4,0.138089206694194,0,0,"P7 E1 Q2","no","P7E1"
"208","Q20",55,98,0,4,0.10601181603932,0,0,"P7 E1 Q2","no","P7E1"
"209","Q20",55,113,0,2,0.061534651935397,0,0,"P7 E1 Q2","no","P7E1"
"210","Q20",55,33,0,7,0.079029667576691,0,0,"P7 E1 Q2","no","P7E1"
"211","Q20",55,49,0,7,0.121189073865955,0,0,"P7 E1 Q2","no","P7E1"
"212","Q20",55,95,1,4,0.071800638542535,0,0,"P7 E1 Q2","no","P7E1"
"213","Q20",55,118,0,1,0.089400237898849,0,0,"P7 E1 Q2","no","P7E1"
"214","Q20",55,124,0,1,0.064928097251058,0,0,"P7 E1 Q2","no","P7E1"
"215","Q20",55,126,0,1,0.020044956584257,1,0,"P7 E1 Q2","no","P7E1"
"216","Q20",55,127,1,1,0.095083995716642,0,0,"P7 E1 Q2","no","P7E1"
"217","Q20",55,128,1,1,0.145200628575817,0,0,"P7 E1 Q2","no","P7E1"
"218","Q20",55,78,0,6,0.214078659889965,0,0,"P7 E1 Q2","no","P7E1"
"219","Q20",55,112,0,2,0.083455042580812,0,0,"P7 E1 Q2","no","P7E1"
"220","Q20",55,88,0,5,0.036430253474517,1,0,"P7 E1 Q2","no","P7E1"
"221","Q20",55,53,0,7,0.194559581746787,0,0,"P7 E1 Q2","no","P7E1"
"222","Q20",55,123,0,1,0.056301550368024,0,0,"P7 E1 Q2","no","P7E1"
"223","Q20",55,119,1,1,0.460951800744884,0,0,"P7 E1 Q2","no","P7E1"
"224","Q20",55,120,1,1,0.184281737987214,0,0,"P7 E1 Q2","no","P7E1"
"225","Q20",55,106,1,2,0.077615769137874,0,0,"P7 E1 Q2","no","P7E1"
"226","Q20",55,75,0,6,0.096435994228834,0,0,"P7 E1 Q2","no","P7E1"
"227","Q20",55,74,0,6,0.353083972519424,0,0,"P7 E1 Q2","no","P7E1"
"228","Q20",55,125,1,1,0.233980027096,0,0,"P7 E1 Q2","no","P7E1"
"229","Q20",55,102,0,2,0.00253792181778201,1,0,"P7 E1 Q2","no","P7E1"
"230","Q20",55,103,1,2,0.130260534811904,0,0,"P7 E1 Q2","no","P7E1"
"231","Q20",55,111,1,2,0.109318209063832,0,0,"P7 E1 Q2","no","P7E1"
"232","Q20",55,122,0,1,0.064444542563108,0,0,"P7 E1 Q2","no","P7E1"
"233","Q20",55,105,1,2,0.054570394116412,0,0,"P7 E1 Q2","no","P7E1"
"234","Q20",55,65,0,7,0.244432904134372,0,0,"P7 E1 Q2","no","P7E1"
"235","Q20",55,108,0,2,0.268434831815589,0,0,"P7 E1 Q2","no","P7E1"
"236","Q20",55,104,0,2,0.088139745710175,0,0,"P7 E1 Q2","no","P7E1"
"237","Q20",55,107,0,2,0.263958425561419,0,0,"P7 E1 Q2","no","P7E1"
"238","Q20",55,121,1,1,0.034896558160589,1,0,"P7 E1 Q2","no","P7E1"
"239","Q21",31,1,0,1,0.043359690980971,1,0,"P7 E1 Q3","no","P7E1"
"240","Q21",31,2,0,1,0.03523927621177,1,0,"P7 E1 Q3","no","P7E1"
"241","Q21",45,5,0,1,0.353397074082216,0,0,"P7 E1 Q3","no","P7E1"
"242","Q21",45,6,1,1,0.387343480363831,0,0,"P7 E1 Q3","no","P7E1"
"243","Q21",45,9,0,1,0.079045425389206,0,0,"P7 E1 Q3","no","P7E1"
"244","Q21",45,7,1,1,0.444711699167258,0,0,"P7 E1 Q3","no","P7E1"
"245","Q21",45,3,1,1,0.13634453481757,0,0,"P7 E1 Q3","no","P7E1"
"246","Q21",45,4,1,1,0.256203441179196,0,0,"P7 E1 Q3","no","P7E1"
"247","Q21",45,8,1,1,0.192885855182728,0,0,"P7 E1 Q3","no","P7E1"
"248","Q21",46,4,1,2,0.261091585335048,0,0,"P7 E1 Q3","no","P7E1"
"249","Q21",46,7,1,2,0.430134311899164,0,0,"P7 E1 Q3","no","P7E1"
"250","Q21",46,11,1,1,0.270676925567677,0,0,"P7 E1 Q3","no","P7E1"
"251","Q21",46,6,1,2,0.378525503752921,0,0,"P7 E1 Q3","no","P7E1"
"252","Q21",46,10,1,1,0.060296167559244,0,0,"P7 E1 Q3","no","P7E1"
"253","Q21",46,3,1,2,0.135685249804372,0,0,"P7 E1 Q3","no","P7E1"
"254","Q21",46,12,1,1,0.334055003751701,0,0,"P7 E1 Q3","no","P7E1"
"255","Q21",46,8,1,2,0.189101948948256,0,0,"P7 E1 Q3","no","P7E1"
"256","Q21",49,12,1,4,0.319445667800596,0,0,"P7 E1 Q3","no","P7E1"
"257","Q21",49,22,1,1,0.120564129220427,0,0,"P7 E1 Q3","no","P7E1"
"258","Q21",49,21,0,1,0.122155790388187,0,0,"P7 E1 Q3","no","P7E1"
"259","Q21",49,8,1,5,0.171845612975633,0,0,"P7 E1 Q3","no","P7E1"
"260","Q21",49,3,1,5,0.137419037729656,0,0,"P7 E1 Q3","no","P7E1"
"261","Q21",49,15,0,1,0.003978667506794,1,0,"P7 E1 Q3","no","P7E1"
"262","Q21",49,11,1,4,0.275146532606153,0,0,"P7 E1 Q3","no","P7E1"
"263","Q21",49,14,1,3,0.074711344334468,0,0,"P7 E1 Q3","no","P7E1"
"264","Q21",49,20,1,1,0.037734269838446,1,0,"P7 E1 Q3","no","P7E1"
"265","Q21",49,16,0,1,0.064890331626023,0,0,"P7 E1 Q3","no","P7E1"
"266","Q21",49,10,1,4,0.065075858827644,0,0,"P7 E1 Q3","no","P7E1"
"267","Q21",49,19,0,1,0.124313667618865,0,0,"P7 E1 Q3","no","P7E1"
"268","Q21",49,17,1,1,0.068446667566834,0,0,"P7 E1 Q3","no","P7E1"
"269","Q21",49,13,1,3,0.044557847232087,1,0,"P7 E1 Q3","no","P7E1"
"270","Q21",49,18,1,1,0.237675027099441,0,0,"P7 E1 Q3","no","P7E1"
"271","Q21",50,8,1,6,0.200883363002675,0,0,"P7 E1 Q3","no","P7E1"
"272","Q21",50,11,0,5,0.255907323991422,0,0,"P7 E1 Q3","no","P7E1"
"273","Q21",50,22,1,2,0.120824517108045,0,0,"P7 E1 Q3","no","P7E1"
"274","Q21",50,27,0,1,0.092034650828246,0,0,"P7 E1 Q3","no","P7E1"
"275","Q21",50,23,1,1,0.040976667541251,1,0,"P7 E1 Q3","no","P7E1"
"276","Q21",50,24,1,1,0.3650854022181,0,0,"P7 E1 Q3","no","P7E1"
"277","Q21",50,25,1,1,0.23440032397139,0,0,"P7 E1 Q3","no","P7E1"
"278","Q21",50,14,1,4,0.078491573366847,0,0,"P7 E1 Q3","no","P7E1"
"279","Q21",50,3,1,6,0.135760789355407,0,0,"P7 E1 Q3","no","P7E1"
"280","Q21",50,12,1,5,0.326272261556954,0,0,"P7 E1 Q3","no","P7E1"
"281","Q21",50,20,1,2,0.023986999765217,1,0,"P7 E1 Q3","no","P7E1"
"282","Q21",50,18,1,2,0.236713495848545,0,0,"P7 E1 Q3","no","P7E1"
"283","Q21",50,26,1,1,0.387876699114327,0,0,"P7 E1 Q3","no","P7E1"
"284","Q21",50,17,0,2,0.071918675382569,0,0,"P7 E1 Q3","no","P7E1"
"285","Q21",51,24,1,2,0.364658946887132,0,0,"P7 E1 Q3","no","P7E1"
"286","Q21",51,13,0,5,0.054704433179036,0,0,"P7 E1 Q3","no","P7E1"
"287","Q21",51,23,1,2,0.051660122765146,0,0,"P7 E1 Q3","no","P7E1"
"288","Q21",51,8,1,7,0.187060819851222,0,0,"P7 E1 Q3","no","P7E1"
"289","Q21",51,29,0,1,0.11811444105059,0,0,"P7 E1 Q3","no","P7E1"
"290","Q21",51,30,1,1,0.351922993835214,0,0,"P7 E1 Q3","no","P7E1"
"291","Q21",51,18,1,3,0.254325659927448,0,0,"P7 E1 Q3","no","P7E1"
"292","Q21",51,26,1,2,0.372414089724926,0,0,"P7 E1 Q3","no","P7E1"
"293","Q21",51,12,1,6,0.333799659921977,0,0,"P7 E1 Q3","no","P7E1"
"294","Q21",51,22,1,3,0.126169988388823,0,0,"P7 E1 Q3","no","P7E1"
"295","Q21",51,20,1,3,0.02472477910815,1,0,"P7 E1 Q3","no","P7E1"
"296","Q21",51,25,0,2,0.230590216478162,0,0,"P7 E1 Q3","no","P7E1"
"297","Q21",51,28,1,1,0.198445144250406,0,0,"P7 E1 Q3","no","P7E1"
"298","Q21",51,10,0,6,0.053090151927533,0,0,"P7 E1 Q3","no","P7E1"
"299","Q21",54,24,1,5,0.357277691273329,0,0,"P7 E1 Q3","no","P7E1"
"300","Q21",54,22,1,6,0.123092339492728,0,0,"P7 E1 Q3","no","P7E1"
"301","Q21",54,48,1,1,0.315054767943227,0,0,"P7 E1 Q3","no","P7E1"
"302","Q21",54,37,1,1,0.20866051925992,0,0,"P7 E1 Q3","no","P7E1"
"303","Q21",54,47,1,1,0.274346778735669,0,0,"P7 E1 Q3","no","P7E1"
"304","Q21",54,38,1,1,0.088820206648308,0,0,"P7 E1 Q3","no","P7E1"
"305","Q21",54,39,1,1,0.145357144200964,0,0,"P7 E1 Q3","no","P7E1"
"306","Q21",54,36,0,1,0.227201245839686,0,0,"P7 E1 Q3","no","P7E1"
"307","Q21",54,18,1,6,0.24780000367137,0,0,"P7 E1 Q3","no","P7E1"
"308","Q21",54,41,1,1,0.174966159853539,0,0,"P7 E1 Q3","no","P7E1"
"309","Q21",54,42,0,1,0.32192963655291,0,0,"P7 E1 Q3","no","P7E1"
"310","Q21",54,43,1,1,0.198327753625295,0,0,"P7 E1 Q3","no","P7E1"
"311","Q21",54,45,1,1,0.256311191179297,0,0,"P7 E1 Q3","no","P7E1"
"312","Q21",54,46,1,1,0.298188730280798,0,0,"P7 E1 Q3","no","P7E1"
"313","Q21",54,28,0,4,0.194979839559678,0,0,"P7 E1 Q3","no","P7E1"
"314","Q21",54,49,1,1,0.235367791659106,0,0,"P7 E1 Q3","no","P7E1"
"315","Q21",54,30,1,4,0.358989519399924,0,0,"P7 E1 Q3","no","P7E1"
"316","Q21",54,40,0,1,0.165265112969505,0,0,"P7 E1 Q3","no","P7E1"
"317","Q21",54,26,1,5,0.372797985720896,0,0,"P7 E1 Q3","no","P7E1"
"318","Q21",54,44,0,1,0.238303331787526,0,0,"P7 E1 Q3","no","P7E1"
"319","Q21",54,3,1,10,0.144708058262858,0,0,"P7 E1 Q3","no","P7E1"
"320","Q21",55,26,0,6,0.374292336609332,0,0,"P7 E1 Q3","no","P7E1"
"321","Q21",55,54,0,1,0.192443034869815,0,0,"P7 E1 Q3","no","P7E1"
"322","Q21",55,24,0,6,0.32533437093108,0,0,"P7 E1 Q3","no","P7E1"
"323","Q21",55,48,0,2,0.304718023580177,0,0,"P7 E1 Q3","no","P7E1"
"324","Q21",55,49,1,2,0.228680917716065,0,0,"P7 E1 Q3","no","P7E1"
"325","Q21",55,47,0,2,0.278714858277972,0,0,"P7 E1 Q3","no","P7E1"
"326","Q21",55,51,0,1,0.200061144251911,0,0,"P7 E1 Q3","no","P7E1"
"327","Q21",55,52,0,1,0.080670995703219,0,0,"P7 E1 Q3","no","P7E1"
"328","Q21",55,22,0,7,0.130673870749788,0,0,"P7 E1 Q3","no","P7E1"
"329","Q21",55,43,0,2,0.218977534894527,0,0,"P7 E1 Q3","no","P7E1"
"330","Q21",55,53,1,1,0.195192917684877,0,0,"P7 E1 Q3","no","P7E1"
"331","Q21",55,55,0,1,0.234566214596545,0,0,"P7 E1 Q3","no","P7E1"
"332","Q21",55,56,0,1,0.218103644268713,0,0,"P7 E1 Q3","no","P7E1"
"333","Q21",55,60,0,1,0.244272542730585,0,0,"P7 E1 Q3","no","P7E1"
"334","Q21",55,45,0,2,0.248251675546791,0,0,"P7 E1 Q3","no","P7E1"
"335","Q21",55,46,0,2,0.280481941201807,0,0,"P7 E1 Q3","no","P7E1"
"336","Q21",55,59,0,1,0.255065628678136,0,0,"P7 E1 Q3","no","P7E1"
"337","Q21",55,18,0,7,0.252505839613254,0,0,"P7 E1 Q3","no","P7E1"
"338","Q21",55,50,1,1,0.213576323951997,0,0,"P7 E1 Q3","no","P7E1"
"339","Q21",55,61,1,1,0.127802081684615,0,0,"P7 E1 Q3","no","P7E1"
"340","Q21",55,62,0,1,0.097567776968956,0,0,"P7 E1 Q3","no","P7E1"
"341","Q21",55,39,1,2,0.137208566265681,0,0,"P7 E1 Q3","no","P7E1"
"342","Q21",55,38,0,2,0.105964714476776,0,0,"P7 E1 Q3","no","P7E1"
"343","Q21",55,58,0,1,0.235910206785298,0,0,"P7 E1 Q3","no","P7E1"
"344","Q21",55,37,0,2,0.203221279299147,0,0,"P7 E1 Q3","no","P7E1"
"345","Q21",55,57,0,1,0.202709277066876,0,0,"P7 E1 Q3","no","P7E1"
"346","Q22",49,1,1,1,0.097260487906169,0,0,"P7 E1 Q4","no","P7E1"
"347","Q22",49,2,1,1,0.128129547130321,0,0,"P7 E1 Q4","no","P7E1"
"348","Q22",50,4,1,1,0.033540315971826,1,0,"P7 E1 Q4","no","P7E1"
"349","Q22",50,3,1,1,0.188661480178793,0,0,"P7 E1 Q4","no","P7E1"
"350","Q22",50,2,1,2,0.141295857461984,0,0,"P7 E1 Q4","no","P7E1"
"351","Q22",51,10,0,1,0.159262378588914,0,0,"P7 E1 Q4","no","P7E1"
"352","Q22",51,9,0,1,0.147472792640433,0,0,"P7 E1 Q4","no","P7E1"
"353","Q22",51,2,1,3,0.128542566060303,0,0,"P7 E1 Q4","no","P7E1"
"354","Q22",51,1,1,3,0.112343839482716,0,0,"P7 E1 Q4","no","P7E1"
"355","Q22",51,11,0,1,0.228187667715605,0,0,"P7 E1 Q4","no","P7E1"
"356","Q22",51,12,1,1,0.018354403345506,1,0,"P7 E1 Q4","no","P7E1"
"357","Q22",51,8,0,1,0.146545745764571,0,0,"P7 E1 Q4","no","P7E1"
"358","Q22",51,7,1,1,0.1451808473258,0,0,"P7 E1 Q4","no","P7E1"
"359","Q22",51,3,1,2,0.182219709427595,0,0,"P7 E1 Q4","no","P7E1"
"360","Q22",51,6,1,1,0.423005339772042,0,0,"P7 E1 Q4","no","P7E1"
"361","Q22",51,4,0,2,0.033959529301558,1,0,"P7 E1 Q4","no","P7E1"
"362","Q22",51,5,0,1,0.099069253532854,0,0,"P7 E1 Q4","no","P7E1"
"363","Q22",54,18,1,3,0.03534889409851,1,0,"P7 E1 Q4","no","P7E1"
"364","Q22",54,3,1,5,0.198176413460829,0,0,"P7 E1 Q4","no","P7E1"
"365","Q22",54,25,1,1,0.326097253744291,0,0,"P7 E1 Q4","no","P7E1"
"366","Q22",54,14,1,3,0.066873300377869,0,0,"P7 E1 Q4","no","P7E1"
"367","Q22",54,24,1,1,0.354901058458617,0,0,"P7 E1 Q4","no","P7E1"
"368","Q22",54,1,0,6,0.128015347309812,0,0,"P7 E1 Q4","no","P7E1"
"369","Q22",54,2,0,6,0.172503253601245,0,0,"P7 E1 Q4","no","P7E1"
"370","Q22",54,20,0,1,0.060788808184703,0,0,"P7 E1 Q4","no","P7E1"
"371","Q22",54,29,1,1,0.30314332901655,0,0,"P7 E1 Q4","no","P7E1"
"372","Q22",54,7,1,4,0.166735112970874,0,0,"P7 E1 Q4","no","P7E1"
"373","Q22",54,30,0,1,0.210690076656646,0,0,"P7 E1 Q4","no","P7E1"
"374","Q22",54,31,0,1,0.15963385495765,0,0,"P7 E1 Q4","no","P7E1"
"375","Q22",54,6,1,4,0.428228847589408,0,0,"P7 E1 Q4","no","P7E1"
"376","Q22",54,28,1,1,0.234650847810939,0,0,"P7 E1 Q4","no","P7E1"
"377","Q22",54,26,1,1,0.012164894076918,1,0,"P7 E1 Q4","no","P7E1"
"378","Q22",54,23,1,1,0.170870386412225,0,0,"P7 E1 Q4","no","P7E1"
"379","Q22",54,22,1,1,0.453465253862912,0,0,"P7 E1 Q4","no","P7E1"
"380","Q22",54,12,0,4,0.007221448759815,1,0,"P7 E1 Q4","no","P7E1"
"381","Q22",54,27,1,1,0.129176849637065,0,0,"P7 E1 Q4","no","P7E1"
"382","Q22",54,21,0,1,0.473923105444464,0,0,"P7 E1 Q4","no","P7E1"
"383","Q22",55,29,1,2,0.292761238088244,0,0,"P7 E1 Q4","no","P7E1"
"384","Q22",55,34,1,1,0.404272285067097,0,0,"P7 E1 Q4","no","P7E1"
"385","Q22",55,26,1,2,0.026710348873916,1,0,"P7 E1 Q4","no","P7E1"
"386","Q22",55,37,0,1,0.276917745885988,0,0,"P7 E1 Q4","no","P7E1"
"387","Q22",55,35,1,1,0.017096612831511,1,0,"P7 E1 Q4","no","P7E1"
"388","Q22",55,36,0,1,0.304103488098806,0,0,"P7 E1 Q4","no","P7E1"
"389","Q22",55,25,1,2,0.334854746985155,0,0,"P7 E1 Q4","no","P7E1"
"390","Q22",55,40,0,1,0.164840335249955,0,0,"P7 E1 Q4","no","P7E1"
"391","Q22",55,3,0,6,0.18948477705456,0,0,"P7 E1 Q4","no","P7E1"
"392","Q22",55,24,0,2,0.348595777202743,0,0,"P7 E1 Q4","no","P7E1"
"393","Q22",55,33,0,1,0.075030105072966,0,0,"P7 E1 Q4","no","P7E1"
"394","Q22",55,39,0,1,0.00066728168782404,1,0,"P7 E1 Q4","no","P7E1"
"395","Q22",55,14,1,4,0.058880706620426,0,0,"P7 E1 Q4","no","P7E1"
"396","Q22",55,32,1,1,0.178785761419596,0,0,"P7 E1 Q4","no","P7E1"
"397","Q22",55,23,0,2,0.154767628584728,0,0,"P7 E1 Q4","no","P7E1"
"398","Q22",55,38,1,1,0.029018214405114,1,0,"P7 E1 Q4","no","P7E1"
"399","Q22",55,18,1,4,0.049936183174595,1,0,"P7 E1 Q4","no","P7E1"
"400","Q26",51,1,0,1,0.179949136420679,0,0,"P10 E1 Q4","no","P10E1"
"401","Q26",54,2,1,1,0.0367470112873119,1,0,"P10 E1 Q4","no","P10E1"
"402","Q26",54,3,1,1,0.157595566630872,0,0,"P10 E1 Q4","no","P10E1"
"403","Q26",55,3,0,2,0.165050559902608,0,0,"P10 E1 Q4","no","P10E1"
"404","Q26",55,2,0,2,0.044613847232138,1,0,"P10 E1 Q4","no","P10E1"
"405","Q26",55,4,1,1,0.045111034732602,1,0,"P10 E1 Q4","no","P10E1"
"406","Q5",32,1,1,1,0.388722019427614,0,0,"E1 Q5","no","E1"
"407","Q5",33,1,0,2,0.400026496000643,0,0,"E1 Q5","no","E1"
"408","Q5",36,2,1,1,0.391326269430039,0,0,"E1 Q5","no","E1"
"409","Q5",36,3,1,1,0.299744534969748,0,0,"E1 Q5","no","E1"
"410","Q5",37,2,1,2,0.385836475363593,0,0,"E1 Q5","no","E1"
"411","Q5",37,3,1,2,0.300296292782762,0,0,"E1 Q5","no","E1"
"412","Q5",37,4,0,1,0.311278019355488,0,0,"E1 Q5","no","E1"
"413","Q5",38,3,1,3,0.314115104466449,0,0,"E1 Q5","no","E1"
"414","Q5",38,2,1,3,0.389444285053288,0,0,"E1 Q5","no","E1"
"415","Q5",39,3,1,4,0.303569211155459,0,0,"E1 Q5","no","E1"
"416","Q5",39,2,1,4,0.38820140223963,0,0,"E1 Q5","no","E1"
"417","Q5",40,3,0,5,0.320516596103073,0,0,"E1 Q5","no","E1"
"418","Q5",40,2,1,5,0.391461222555166,0,0,"E1 Q5","no","E1"
"419","Q5",40,6,1,1,0.457750753866903,0,0,"E1 Q5","no","E1"
"420","Q5",40,5,1,1,0.424941550711346,0,0,"E1 Q5","no","E1"
"421","Q5",41,6,0,2,0.451605815139213,0,0,"E1 Q5","no","E1"
"422","Q5",41,5,0,2,0.423846402272827,0,0,"E1 Q5","no","E1"
"423","Q5",41,9,0,1,0.402090566315064,0,0,"E1 Q5","no","E1"
"424","Q5",41,7,0,1,0.374723331914576,0,0,"E1 Q5","no","E1"
"425","Q5",41,2,0,6,0.392674894108627,0,0,"E1 Q5","no","E1"
"426","Q5",41,8,0,1,0.396306097559678,0,0,"E1 Q5","no","E1"
"427","Q5",45,28,1,1,0.034303183160036,1,0,"E1 Q5","no","E1"
"428","Q5",45,26,1,1,0.407661847570254,0,0,"E1 Q5","no","E1"
"429","Q5",45,27,1,1,0.189381847366964,0,0,"E1 Q5","no","E1"
"430","Q5",45,16,1,1,0.212273159888283,0,0,"E1 Q5","no","E1"
"431","Q5",45,17,0,1,0.038004464413483,1,0,"E1 Q5","no","E1"
"432","Q5",45,14,1,1,0.026634847215394,1,0,"E1 Q5","no","E1"
"433","Q5",45,25,0,1,0.417752410079651,0,0,"E1 Q5","no","E1"
"434","Q5",45,12,1,1,0.388960917865337,0,0,"E1 Q5","no","E1"
"435","Q5",45,13,0,1,0.155001534834946,0,0,"E1 Q5","no","E1"
"436","Q5",45,15,1,1,0.046757144109135,1,0,"E1 Q5","no","E1"
"437","Q5",45,20,1,1,0.297516488092673,0,0,"E1 Q5","no","E1"
"438","Q5",45,21,1,1,0.325800488119014,0,0,"E1 Q5","no","E1"
"439","Q5",45,29,1,1,0.245235847418983,0,0,"E1 Q5","no","E1"
"440","Q5",45,23,1,1,0.210323886448967,0,0,"E1 Q5","no","E1"
"441","Q5",45,24,1,1,0.296067972466324,0,0,"E1 Q5","no","E1"
"442","Q5",45,11,1,1,0.050787417550388,0,0,"E1 Q5","no","E1"
"443","Q5",45,22,1,1,0.217488909893141,0,0,"E1 Q5","no","E1"
"444","Q5",45,32,1,1,0.323025624834278,0,0,"E1 Q5","no","E1"
"445","Q5",45,30,1,1,0.015913448767909,1,0,"E1 Q5","no","E1"
"446","Q5",45,18,1,1,0.01559244876761,1,0,"E1 Q5","no","E1"
"447","Q5",45,10,0,1,0.031101269094554,1,0,"E1 Q5","no","E1"
"448","Q5",45,31,1,1,0.170852068426823,0,0,"E1 Q5","no","E1"
"449","Q5",45,33,0,1,0.251089193422638,0,0,"E1 Q5","no","E1"
"450","Q5",45,34,0,1,0.110649336350319,0,0,"E1 Q5","no","E1"
"451","Q5",45,19,0,1,0.297321769342491,0,0,"E1 Q5","no","E1"
"452","Q5",45,35,1,1,0.363375788661157,0,0,"E1 Q5","no","E1"
"453","Q5",46,48,1,1,0.0182100503325480,1,0,"E1 Q5","no","E1"
"454","Q5",46,49,1,1,0.013903761266038,1,0,"E1 Q5","no","E1"
"455","Q5",46,50,1,1,0.0211125503352499,1,0,"E1 Q5","no","E1"
"456","Q5",46,47,1,1,0.04795629254775,1,0,"E1 Q5","no","E1"
"457","Q5",46,16,1,2,0.190470751511648,0,0,"E1 Q5","no","E1"
"458","Q5",46,18,1,2,0.01852128727076,1,0,"E1 Q5","no","E1"
"459","Q5",46,20,1,2,0.295445638664292,0,0,"E1 Q5","no","E1"
"460","Q5",46,21,1,2,0.327626266145811,0,0,"E1 Q5","no","E1"
"461","Q5",46,31,0,2,0.17238611134004,0,0,"E1 Q5","no","E1"
"462","Q5",46,32,0,2,0.315988699047376,0,0,"E1 Q5","no","E1"
"463","Q5",46,35,0,2,0.343917126915626,0,0,"E1 Q5","no","E1"
"464","Q5",46,46,1,1,0.0273037378410170,1,0,"E1 Q5","no","E1"
"465","Q5",46,37,0,1,0.309463417791298,0,0,"E1 Q5","no","E1"
"466","Q5",46,38,0,1,0.347432449076661,0,0,"E1 Q5","no","E1"
"467","Q5",46,39,1,1,0.071679730069845,0,0,"E1 Q5","no","E1"
"468","Q5",46,36,0,1,0.192207737994596,0,0,"E1 Q5","no","E1"
"469","Q5",46,42,1,1,0.270146238067182,0,0,"E1 Q5","no","E1"
"470","Q5",46,43,0,1,0.313052941232143,0,0,"E1 Q5","no","E1"
"471","Q5",46,44,1,1,0.142630050448424,0,0,"E1 Q5","no","E1"
"472","Q5",46,45,1,1,0.168649253597656,0,0,"E1 Q5","no","E1"
"473","Q5",46,11,0,2,0.047264523004065,1,0,"E1 Q5","no","E1"
"474","Q5",46,12,0,2,0.403196214753595,0,0,"E1 Q5","no","E1"
"475","Q5",46,14,1,2,0.017489302734136,1,0,"E1 Q5","no","E1"
"476","Q5",46,15,1,2,0.043896261293971,1,0,"E1 Q5","no","E1"
"477","Q5",46,40,1,1,0.300936449033357,0,0,"E1 Q5","no","E1"
"478","Q5",46,41,1,1,0.223061238023331,0,0,"E1 Q5","no","E1"
"479","Q5",46,51,0,1,0.166768761408405,0,0,"E1 Q5","no","E1"
"480","Q5",46,52,0,1,0.385665245987268,0,0,"E1 Q5","no","E1"
"481","Q5",46,28,0,2,0.019063761270843,1,0,"E1 Q5","no","E1"
"482","Q5",46,29,0,2,0.228017206777946,0,0,"E1 Q5","no","E1"
"483","Q5",46,26,1,2,0.382829183484627,0,0,"E1 Q5","no","E1"
"484","Q5",46,27,0,2,0.180009419819076,0,0,"E1 Q5","no","E1"
"485","Q5",46,22,0,2,0.230369917717637,0,0,"E1 Q5","no","E1"
"486","Q5",46,23,1,2,0.21943026868015,0,0,"E1 Q5","no","E1"
"487","Q5",46,30,0,2,0.007614995635181,1,0,"E1 Q5","no","E1"
"488","Q5",46,24,0,2,0.286363596528941,0,0,"E1 Q5","no","E1"
"489","Q5",49,63,1,1,0.300598331845543,0,0,"E1 Q5","no","E1"
"490","Q5",49,65,1,1,0.195306527059983,0,0,"E1 Q5","no","E1"
"491","Q5",49,58,1,3,0.344214006287254,0,0,"E1 Q5","no","E1"
"492","Q5",49,42,1,4,0.307144105289139,0,0,"E1 Q5","no","E1"
"493","Q5",49,64,0,1,0.0204411987721270,1,0,"E1 Q5","no","E1"
"494","Q5",49,61,1,1,0.13184712856338,0,0,"E1 Q5","no","E1"
"495","Q5",49,62,0,1,0.280584300576904,0,0,"E1 Q5","no","E1"
"496","Q5",49,54,1,3,0.052053472239067,0,0,"E1 Q5","no","E1"
"497","Q5",49,26,1,5,0.395626527246544,0,0,"E1 Q5","no","E1"
"498","Q5",49,39,0,4,0.0584534722450279,0,0,"E1 Q5","no","E1"
"499","Q5",50,26,0,6,0.399581760164848,0,0,"E1 Q5","no","E1"
"500","Q5",50,42,1,5,0.309895808416702,0,0,"E1 Q5","no","E1"
"501","Q5",50,54,0,4,0.071985808195131,0,0,"E1 Q5","no","E1"
"502","Q5",50,63,0,2,0.299513919213031,0,0,"E1 Q5","no","E1"
"503","Q5",50,65,1,2,0.202289189528658,0,0,"E1 Q5","no","E1"
"504","Q5",50,66,0,1,0.289356472460073,0,0,"E1 Q5","no","E1"
"505","Q5",50,67,1,1,0.035755120661388,1,0,"E1 Q5","no","E1"
"506","Q5",50,61,1,2,0.142718951736871,0,0,"E1 Q5","no","E1"
"507","Q5",50,58,1,4,0.341997889825771,0,0,"E1 Q5","no","E1"
"508","Q5",51,68,0,1,0.316473902172828,0,0,"E1 Q5","no","E1"
"509","Q5",51,69,0,1,0.23131713646852,0,0,"E1 Q5","no","E1"
"510","Q5",51,67,1,2,0.055106265498292,0,0,"E1 Q5","no","E1"
"511","Q5",51,65,1,3,0.200415922743985,0,0,"E1 Q5","no","E1"
"512","Q5",51,42,1,6,0.300961159970881,0,0,"E1 Q5","no","E1"
"513","Q5",51,58,0,5,0.324519636555322,0,0,"E1 Q5","no","E1"
"514","Q5",54,74,0,1,0.0234338081499130,1,0,"E1 Q5","no","E1"
"515","Q5",54,61,0,6,0.176130503604623,0,0,"E1 Q5","no","E1"
"516","Q5",54,67,0,5,0.0432234097308430,1,0,"E1 Q5","no","E1"
"517","Q5",54,75,1,1,0.443592230416216,0,0,"E1 Q5","no","E1"
"518","Q5",54,42,0,9,0.307638059936392,0,0,"E1 Q5","no","E1"
"519","Q5",55,75,1,2,0.46077617574472,0,0,"E1 Q5","no","E1"
"520","Q5",55,76,0,1,0.479159993228645,0,0,"E1 Q5","no","E1"
"521","Q6",46,8,1,1,0.080461727350687,0,0,"E1 Q6","no","E1"
"522","Q6",46,9,1,1,0.044141553141712,1,0,"E1 Q6","no","E1"
"523","Q6",46,1,0,1,0.342921800634959,0,0,"E1 Q6","no","E1"
"524","Q6",46,2,1,1,0.252044034925324,0,0,"E1 Q6","no","E1"
"525","Q6",46,3,1,1,0.232496378657118,0,0,"E1 Q6","no","E1"
"526","Q6",46,4,1,1,0.216161113016905,0,0,"E1 Q6","no","E1"
"527","Q6",46,5,1,1,0.075117870698048,0,0,"E1 Q6","no","E1"
"528","Q6",46,6,1,1,0.21097019894957,0,0,"E1 Q6","no","E1"
"529","Q6",46,7,0,1,0.163968592226119,0,0,"E1 Q6","no","E1"
"530","Q6",49,10,1,3,0.041791808167011,1,0,"E1 Q6","no","E1"
"531","Q6",49,14,0,1,0.244656870855944,0,0,"E1 Q6","no","E1"
"532","Q6",49,15,0,1,0.055689745679953,0,0,"E1 Q6","no","E1"
"533","Q6",49,16,0,1,0.059724628496212,0,0,"E1 Q6","no","E1"
"534","Q6",49,17,0,1,0.219091761457133,0,0,"E1 Q6","no","E1"
"535","Q6",49,18,1,1,0.074467073822441,0,0,"E1 Q6","no","E1"
"536","Q6",49,19,1,1,0.106192698789297,0,0,"E1 Q6","no","E1"
"537","Q6",49,2,0,4,0.24449265210579,0,0,"E1 Q6","no","E1"
"538","Q6",49,20,0,1,0.162276371313864,0,0,"E1 Q6","no","E1"
"539","Q6",49,3,1,4,0.23434549584634,0,0,"E1 Q6","no","E1"
"540","Q6",49,5,1,4,0.078536666158118,0,0,"E1 Q6","no","E1"
"541","Q6",49,6,1,4,0.177682050481068,0,0,"E1 Q6","no","E1"
"542","Q6",50,10,0,4,0.043248503480867,1,0,"E1 Q6","no","E1"
"543","Q6",50,19,0,2,0.128467120747733,0,0,"E1 Q6","no","E1"
"544","Q6",50,21,0,1,0.01891885502071,1,0,"E1 Q6","no","E1"
"545","Q6",50,22,0,1,0.00139113625438503,1,0,"E1 Q6","no","E1"
"546","Q6",50,23,0,1,0.224879519275023,0,0,"E1 Q6","no","E1"
"547","Q6",50,3,1,5,0.213486503639413,0,0,"E1 Q6","no","E1"
"548","Q6",50,5,0,5,0.118269112925735,0,0,"E1 Q6","no","E1"
"549","Q6",50,6,0,5,0.209413261448121,0,0,"E1 Q6","no","E1"
"550","Q6",51,18,0,3,0.06097001912237,0,0,"E1 Q6","no","E1"
"551","Q6",51,24,0,1,0.159584284839213,0,1,"E1 Q6","no","E1"
"552","Q6",51,25,0,1,0.15062599576837,0,0,"E1 Q6","no","E1"
"553","Q6",51,3,0,6,0.232819808344918,0,0,"E1 Q6","no","E1"
"554","Q6",55,26,0,1,0.262974089623003,0,0,"E1 Q6","no","E1"
"555","Q6",55,27,0,1,0.260323652120534,0,0,"E1 Q6","no","E1"
"556","Q6",55,28,0,1,0.187171441114907,0,0,"E1 Q6","no","E1"
"557","Q6",55,29,0,1,0.076762026949579,0,0,"E1 Q6","no","E1"
"558","Q6",55,30,0,1,0.171572566100378,0,0,"E1 Q6","no","E1"
"559","Q6",55,31,0,1,0.188535394241176,0,0,"E1 Q6","no","E1"
"560","Q6",55,32,0,1,0.094709745716295,0,0,"E1 Q6","no","E1"
"561","Q6",55,33,0,1,0.317081839673395,0,0,"E1 Q6","no","E1"
"562","Q6",55,34,0,1,0.413519206950709,0,0,"E1 Q6","no","E1"
"563","Q8",36,1,0,1,0.247813878671383,0,0,"P1 E1 Q2","no","P1E1"
