"","quad","year","trackID","area","survives","age","nearEdge"
"1","A1",34,225,5.43150212153019,1,1,FALSE
"2","A1",34,227,1.32425345537747,0,1,FALSE
"3","A1",34,224,9.36510588955901,1,1,FALSE
"4","A1",34,223,1.56452855388595,1,1,FALSE
"5","A1",34,333,0.25048851966858,0,1,FALSE
"6","A1",34,221,1.32448452554903,0,1,FALSE
"7","A1",34,442,0.25048851966858,0,1,FALSE
"8","A1",34,226,2.16108096556044,1,1,FALSE
"9","A1",34,330,0.25048851966858,0,1,FALSE
"10","A1",34,331,0.24743378162384,0,1,FALSE
"11","A1",34,222,0.91301194376706,0,1,FALSE
"12","A1",34,33,2.25663559731953,0,1,FALSE
"13","A1",34,443,0.25048851966858,0,1,FALSE
"14","A1",34,70,0.79778822356911,0,1,FALSE
"15","A1",34,335,0.25048851966858,0,1,FALSE
"16","A1",34,430,0.25048851966858,0,1,TRUE
"17","A1",34,22,4.73018823882361,1,1,FALSE
"18","A1",34,220,1.43826459944453,1,1,FALSE
"19","A1",34,219,10.2917795609962,1,1,FALSE
"20","A1",34,438,0.2596527338028,0,1,FALSE
"21","A1",34,437,0.25048851966858,0,1,FALSE
"22","A1",34,107,5.0042292548517,1,1,TRUE
"23","A1",34,439,0.25048851966858,0,1,FALSE
"24","A1",34,43,2.73563753038121,1,1,FALSE
"25","A1",34,334,0.25048851966858,0,1,FALSE
"26","A1",34,431,0.25048851966858,0,1,FALSE
"27","A1",34,112,2.28602763295918,0,1,FALSE
"28","A1",34,444,0.25048851966858,0,1,FALSE
"29","A1",34,217,1.0543885695884,0,1,FALSE
"30","A1",34,218,1.66963677807285,1,1,FALSE
"31","A1",34,329,0.25048851966858,0,1,FALSE
"32","A1",34,215,1.59002090188998,0,1,FALSE
"33","A1",34,436,0.25048851966858,0,1,FALSE
"34","A1",34,241,0.25048851966858,0,1,TRUE
"35","A1",34,242,0.25048851966858,0,1,TRUE
"36","A1",34,243,0.25048851966858,0,1,TRUE
"37","A1",34,44,1.73435505910774,1,1,FALSE
"38","A1",34,245,0.25048851966858,0,1,TRUE
"39","A1",34,441,0.24743378162384,0,1,FALSE
"40","A1",34,432,0.25048851966858,0,1,FALSE
"41","A1",34,249,0.25048851966858,0,1,FALSE
"42","A1",34,25,1.12494118133894,1,1,TRUE
"43","A1",34,58,3.92827615036106,1,1,FALSE
"44","A1",34,328,0.25048851966858,0,1,FALSE
"45","A1",34,228,0.72304029585109,0,1,TRUE
"46","A1",34,6,0.93932401389621,0,1,FALSE
"47","A1",34,60,1.76172114860601,0,1,FALSE
"48","A1",34,61,1.88795179773663,0,1,FALSE
"49","A1",34,62,3.25840027502073,1,1,FALSE
"50","A1",34,244,0.25048851966858,0,1,TRUE
"51","A1",34,64,2.79388463140413,1,1,FALSE
"52","A1",34,246,0.25048851966858,0,1,TRUE
"53","A1",34,111,1.29483304146075,0,1,TRUE
"54","A1",34,69,3.26892780388553,0,1,FALSE
"55","A1",34,7,4.93612633984475,1,1,FALSE
"56","A1",34,336,0.25048851966858,0,1,FALSE
"57","A1",34,337,0.25048851966858,0,1,FALSE
"58","A1",34,216,1.52837963753889,0,1,FALSE
"59","A1",34,191,8.68033494289958,1,1,TRUE
"60","A1",34,229,3.3771686608153,0,1,FALSE
"61","A1",34,23,21.5730633347863,1,1,FALSE
"62","A1",34,230,7.9038104463977,1,1,TRUE
"63","A1",34,63,2.9282893588553,1,1,FALSE
"64","A1",34,235,1.47170604557347,0,1,TRUE
"65","A1",34,332,0.25048851966858,0,1,FALSE
"66","A1",34,247,0.24743378162384,0,1,FALSE
"67","A1",34,248,0.25048851966858,0,1,FALSE
"68","A1",34,93,1.55375357752134,1,1,FALSE
"69","A1",34,94,5.33078742225274,0,1,FALSE
"70","A1",34,95,15.234434416641,1,1,TRUE
"71","A1",34,71,2.52354947397934,1,1,FALSE
"72","A1",34,424,0.25048851966858,0,1,FALSE
"73","A1",34,202,4.79793323478586,0,1,FALSE
"74","A1",34,203,2.55845696942821,1,1,FALSE
"75","A1",34,204,2.0193103600768,0,1,FALSE
"76","A1",34,205,3.32027669389179,0,1,TRUE
"77","A1",34,206,7.5957766446581,1,1,TRUE
"78","A1",34,207,12.1315702068955,1,1,TRUE
"79","A1",34,67,7.46255376512228,1,1,FALSE
"80","A1",34,68,4.27324107127317,1,1,FALSE
"81","A1",34,188,1.37845253634398,0,1,FALSE
"82","A1",34,189,2.32777671850717,1,1,FALSE
"83","A1",34,152,1.92254550767497,1,1,FALSE
"84","A1",34,212,4.329549542334,0,1,FALSE
"85","A1",34,59,4.04287701094452,1,1,FALSE
"86","A1",34,327,0.2596527338028,0,1,FALSE
"87","A1",34,326,0.25048851966858,0,1,TRUE
"88","A1",34,105,3.69714221490953,0,1,TRUE
"89","A1",34,106,5.62429865460206,0,1,TRUE
"90","A1",34,255,0.23536384105682,0,1,FALSE
"91","A1",34,108,0.68966742917693,0,1,TRUE
"92","A1",34,208,3.5376052656374,1,1,TRUE
"93","A1",34,209,1.85966357626407,1,1,TRUE
"94","A1",34,21,1.37353595797211,1,1,FALSE
"95","A1",34,210,8.01645113619134,1,1,FALSE
"96","A1",34,211,2.55271974171877,0,1,FALSE
"97","A1",34,113,8.62009299619422,1,1,FALSE
"98","A1",34,445,0.25048851966858,0,1,FALSE
"99","A1",34,446,0.25048851966858,0,1,FALSE
"100","A1",34,338,0.25048851966858,0,1,FALSE
"101","A1",34,339,0.25048851966858,0,1,FALSE
"102","A1",34,34,4.12131188158574,0,1,FALSE
"103","A1",34,232,1.92278808049716,0,1,FALSE
"104","A1",34,234,4.48168978294449,1,1,FALSE
"105","A1",34,440,0.25048851966858,0,1,FALSE
"106","A1",34,11,2.75551003909111,0,1,TRUE
"107","A1",34,110,1.62630726619104,0,1,TRUE
"108","A1",34,15,1.59834382560495,0,1,FALSE
"109","A1",34,150,3.31724400595873,1,1,FALSE
"110","A1",34,24,1.1078049452157,0,1,TRUE
"111","A1",34,240,0.25048851966858,0,1,TRUE
"112","A1",34,423,0.25048851966858,0,1,FALSE
"113","A1",34,46,22.5994302961161,1,1,FALSE
"114","A1",34,47,10.9478817795555,1,1,TRUE
"115","A1",34,351,0.25048851966858,0,1,TRUE
"116","A1",34,352,0.25048851966858,0,1,FALSE
"117","A1",34,353,0.25048851966858,0,1,FALSE
"118","A1",34,354,0.25048851966858,0,1,FALSE
"119","A1",34,355,0.25048851966858,1,1,FALSE
"120","A1",34,356,0.25048851966858,0,1,TRUE
"121","A1",34,357,0.24743378162384,0,1,FALSE
"122","A1",34,358,0.25048851966858,0,1,FALSE
"123","A1",34,359,0.25048851966858,0,1,FALSE
"124","A1",34,36,5.86242707781132,1,1,FALSE
"125","A1",34,250,0.25048851966858,0,1,FALSE
"126","A1",34,251,0.25048851966858,0,1,FALSE
"127","A1",34,252,0.24743378162384,0,1,FALSE
"128","A1",34,253,0.25048851966858,0,1,TRUE
"129","A1",34,254,0.25048851966858,0,1,FALSE
"130","A1",34,183,1.50962637692806,1,1,TRUE
"131","A1",34,256,0.25048851966858,0,1,TRUE
"132","A1",34,109,4.59563545434944,1,1,TRUE
"133","A1",34,65,2.55525913368082,0,1,FALSE
"134","A1",34,66,2.68568074243151,0,1,FALSE
"135","A1",34,405,0.25048851966858,0,1,FALSE
"136","A1",34,187,1.31975095783647,0,1,FALSE
"137","A1",34,151,1.4614135498791,0,1,FALSE
"138","A1",34,372,0.2596527338028,0,1,FALSE
"139","A1",34,153,1.29559844777925,1,1,FALSE
"140","A1",34,154,1.58633574944715,0,1,FALSE
"141","A1",34,72,4.62629906770128,1,1,FALSE
"142","A1",34,73,3.0432496256668,1,1,TRUE
"143","A1",34,340,0.2596527338028,0,1,FALSE
"144","A1",34,341,0.24132430553436,0,1,FALSE
"145","A1",34,233,21.4527522106462,1,1,TRUE
"146","A1",34,236,13.058834883439,1,1,TRUE
"147","A1",34,237,1.01599951363253,0,1,TRUE
"148","A1",34,238,3.57207476310428,1,1,TRUE
"149","A1",34,239,0.25048851966858,0,1,TRUE
"150","A1",34,456,0.24743378162384,0,1,TRUE
"151","A1",34,457,0.24743378162384,0,1,TRUE
"152","A1",34,458,0.25048851966858,0,1,TRUE
"153","A1",34,83,3.07847928486853,0,1,FALSE
"154","A1",34,84,5.33034500107517,0,1,TRUE
"155","A1",34,85,12.552289595612,1,1,TRUE
"156","A1",34,86,20.2266969391239,1,1,FALSE
"157","A1",34,87,8.86468556230668,0,1,FALSE
"158","A1",34,88,4.70441384456309,0,1,FALSE
"159","A1",34,89,7.5344633814397,1,1,FALSE
"160","A1",34,9,1.232362010244,0,1,TRUE
"161","A1",34,90,1.59586445727287,0,1,FALSE
"162","A1",34,91,11.8263894073341,1,1,FALSE
"163","A1",34,92,1.8419236568639,0,1,TRUE
"164","A1",34,176,0.99832635360896,0,1,TRUE
"165","A1",34,177,1.41880941732975,0,1,TRUE
"166","A1",34,97,10.5709025976245,1,1,FALSE
"167","A1",34,98,1.50895809527286,0,1,TRUE
"168","A1",34,99,2.43409342647741,0,1,FALSE
"169","A1",34,182,1.38489563705125,1,1,TRUE
"170","A1",34,143,1.28645604274632,1,1,FALSE
"171","A1",34,184,11.6242312640825,1,1,TRUE
"172","A1",34,257,0.25048851966858,0,1,FALSE
"173","A1",34,185,1.82187399197454,1,1,TRUE
"174","A1",34,186,1.86940279465299,1,1,FALSE
"175","A1",34,148,1.51316982258722,1,1,FALSE
"176","A1",34,149,1.03511654273557,1,1,FALSE
"177","A1",34,407,0.25048851966858,0,1,FALSE
"178","A1",34,408,0.25048851966858,0,1,FALSE
"179","A1",34,19,1.45264335446145,0,1,FALSE
"180","A1",34,190,9.3569491525736,1,1,TRUE
"181","A1",34,192,1.77341604215553,0,1,FALSE
"182","A1",34,193,2.36795410196567,1,1,FALSE
"183","A1",34,74,12.5061544671249,1,1,TRUE
"184","A1",34,75,0.67066789697145,0,1,TRUE
"185","A1",34,342,0.25048851966858,0,1,FALSE
"186","A1",34,343,0.25048851966858,0,1,FALSE
"187","A1",34,453,0.25048851966858,0,1,TRUE
"188","A1",34,454,0.25048851966858,0,1,TRUE
"189","A1",34,455,0.24441629648209,0,1,TRUE
"190","A1",34,80,3.96365718714694,1,1,FALSE
"191","A1",34,81,2.73499851118338,1,1,FALSE
"192","A1",34,82,6.01648370509144,1,1,FALSE
"193","A1",34,201,8.61404386315886,1,1,FALSE
"194","A1",34,422,0.25048851966858,0,1,FALSE
"195","A1",34,314,0.24743378162384,0,1,FALSE
"196","A1",34,425,0.25048851966858,0,1,FALSE
"197","A1",34,426,0.25048851966858,0,1,FALSE
"198","A1",34,427,0.25048851966858,0,1,FALSE
"199","A1",34,428,0.25048851966858,0,1,FALSE
"200","A1",34,429,0.25048851966858,0,1,FALSE
"201","A1",34,1,2.79521915138825,0,1,TRUE
"202","A1",34,10,5.80619156635318,1,1,TRUE
"203","A1",34,100,3.2664828242667,0,1,TRUE
"204","A1",34,101,1.85594984100633,1,1,TRUE
"205","A1",34,102,5.03628541389955,1,1,TRUE
"206","A1",34,213,1.30437692758549,0,1,FALSE
"207","A1",34,214,1.70242176303271,1,1,FALSE
"208","A1",34,435,0.24743378162384,0,1,FALSE
"209","A1",34,142,6.90146310216763,1,1,FALSE
"210","A1",34,181,1.95998162691193,0,1,TRUE
"211","A1",34,144,8.75502363161078,1,1,FALSE
"212","A1",34,145,1.01981407898838,0,1,FALSE
"213","A1",34,146,1.30744227928648,0,1,FALSE
"214","A1",34,147,1.28066736021071,0,1,FALSE
"215","A1",34,403,0.25048851966858,0,1,FALSE
"216","A1",34,404,0.25048851966858,0,1,FALSE
"217","A1",34,26,1.46126300139208,0,1,FALSE
"218","A1",34,260,0.25048851966858,0,1,FALSE
"219","A1",34,114,7.60531561568265,1,1,FALSE
"220","A1",34,115,1.65477240909638,0,1,FALSE
"221","A1",34,447,0.25048851966858,0,1,FALSE
"222","A1",34,448,0.25048851966858,0,1,FALSE
"223","A1",34,449,0.25048851966858,0,1,TRUE
"224","A1",34,45,1.58614978991977,0,1,FALSE
"225","A1",34,450,0.25048851966858,0,1,TRUE
"226","A1",34,451,0.25048851966858,0,1,TRUE
"227","A1",34,452,0.25048851966858,0,1,TRUE
"228","A1",34,122,5.47218987742498,1,1,FALSE
"229","A1",34,344,0.25048851966858,0,1,FALSE
"230","A1",34,345,0.2596527338028,0,1,FALSE
"231","A1",34,346,0.25048851966858,0,1,FALSE
"232","A1",34,347,0.25048851966858,1,1,FALSE
"233","A1",34,348,0.25048851966858,0,1,FALSE
"234","A1",34,349,0.25048851966858,0,1,FALSE
"235","A1",34,35,2.33926098561468,0,1,FALSE
"236","A1",34,48,3.70553333837935,1,1,FALSE
"237","A1",34,49,2.80285268834318,0,1,TRUE
"238","A1",34,5,3.31780193464423,1,1,TRUE
"239","A1",34,50,2.10521746458129,0,1,FALSE
"240","A1",34,51,1.44996683592847,0,1,TRUE
"241","A1",34,52,1.68504814139119,0,1,FALSE
"242","A1",34,53,3.56688156537934,1,1,FALSE
"243","A1",34,54,0.93984111519944,0,1,FALSE
"244","A1",34,55,1.55588801615687,1,1,FALSE
"245","A1",34,56,1.57860323568226,0,1,FALSE
"246","A1",34,57,1.82742349467791,0,1,FALSE
"247","A1",34,140,0.98286209913064,0,1,FALSE
"248","A1",34,141,1.0462705011293,0,1,FALSE
"249","A1",34,180,1.621405296332,1,1,FALSE
"250","A1",34,362,0.25048851966858,0,1,FALSE
"251","A1",34,290,0.23826956748962,0,1,FALSE
"252","A1",34,291,0.25048851966858,0,1,TRUE
"253","A1",34,292,0.25048851966858,0,1,FALSE
"254","A1",34,402,0.25048851966858,0,1,FALSE
"255","A1",34,367,0.25048851966858,0,1,FALSE
"256","A1",34,258,0.25048851966858,0,1,FALSE
"257","A1",34,406,0.25048851966858,0,1,FALSE
"258","A1",34,297,0.25048851966858,0,1,FALSE
"259","A1",34,261,0.25048851966858,1,1,TRUE
"260","A1",34,373,0.25048851966858,0,1,FALSE
"261","A1",34,374,0.25048851966858,0,1,FALSE
"262","A1",34,375,0.24743378162384,0,1,FALSE
"263","A1",34,376,0.25048851966858,0,1,FALSE
"264","A1",34,377,0.25048851966858,0,1,FALSE
"265","A1",34,378,0.25048851966858,0,1,FALSE
"266","A1",34,76,1.30784609546507,0,1,TRUE
"267","A1",34,77,1.75473001492111,1,1,FALSE
"268","A1",34,78,2.36695339424821,1,1,FALSE
"269","A1",34,79,1.70271323856565,0,1,FALSE
"270","A1",34,8,2.05889251230858,0,1,FALSE
"271","A1",34,383,0.25048851966858,0,1,FALSE
"272","A1",34,384,0.25048851966858,0,1,FALSE
"273","A1",34,385,0.25048851966858,0,1,FALSE
"274","A1",34,386,0.25048851966858,0,1,FALSE
"275","A1",34,387,0.25048851966858,0,1,FALSE
"276","A1",34,388,0.25048851966858,0,1,FALSE
"277","A1",34,389,0.25048851966858,0,1,FALSE
"278","A1",34,39,4.00423887659141,0,1,FALSE
"279","A1",34,390,0.25048851966858,0,1,FALSE
"280","A1",34,391,0.25048851966858,0,1,FALSE
"281","A1",34,392,0.24743378162384,0,1,FALSE
"282","A1",34,393,0.25048851966858,0,1,FALSE
"283","A1",34,394,0.25048851966858,0,1,FALSE
"284","A1",34,395,0.25048851966858,0,1,FALSE
"285","A1",34,396,0.25048851966858,0,1,FALSE
"286","A1",34,397,0.25048851966858,0,1,FALSE
"287","A1",34,96,1.63620702006758,0,1,FALSE
"288","A1",34,18,1.16180026916544,0,1,FALSE
"289","A1",34,325,0.25048851966858,0,1,FALSE
"290","A1",34,289,0.25048851966858,0,1,TRUE
"291","A1",34,363,0.25048851966858,0,1,FALSE
"292","A1",34,364,0.25048851966858,0,1,FALSE
"293","A1",34,365,0.25048851966858,0,1,FALSE
"294","A1",34,366,0.25048851966858,0,1,FALSE
"295","A1",34,293,0.25048851966858,0,1,FALSE
"296","A1",34,294,0.25048851966858,0,1,FALSE
"297","A1",34,259,0.25048851966858,0,1,TRUE
"298","A1",34,37,7.57994195982632,1,1,FALSE
"299","A1",34,298,0.25048851966858,0,1,TRUE
"300","A1",34,409,0.25048851966858,0,1,FALSE
"301","A1",34,41,8.21145525144858,1,1,TRUE
"302","A1",34,30,2.59800335211976,1,1,FALSE
"303","A1",34,410,0.25048851966858,0,1,FALSE
"304","A1",34,411,0.24743378162384,0,1,FALSE
"305","A1",34,194,7.43633239604724,1,1,FALSE
"306","A1",34,195,3.71435688768242,0,1,FALSE
"307","A1",34,196,12.294822851335,1,1,FALSE
"308","A1",34,197,7.83665609202369,1,1,FALSE
"309","A1",34,198,3.02335092720989,0,1,FALSE
"310","A1",34,199,7.52569924120406,1,1,FALSE
"311","A1",34,2,4.25170158667993,1,1,TRUE
"312","A1",34,20,1.21620862469507,0,1,FALSE
"313","A1",34,200,8.58434792237803,1,1,FALSE
"314","A1",34,421,0.25048851966858,0,1,FALSE
"315","A1",34,313,0.25048851966858,0,1,FALSE
"316","A1",34,312,0.25048851966858,0,1,FALSE
"317","A1",34,315,0.25048851966858,0,1,FALSE
"318","A1",34,316,0.25048851966858,0,1,FALSE
"319","A1",34,317,0.24743378162384,0,1,FALSE
"320","A1",34,318,0.25048851966858,0,1,FALSE
"321","A1",34,319,0.25048851966858,0,1,FALSE
"322","A1",34,134,1.50056711821386,0,1,FALSE
"323","A1",34,32,5.11154327020151,1,1,FALSE
"324","A1",34,320,0.25048851966858,0,1,FALSE
"325","A1",34,321,0.25048851966858,0,1,FALSE
"326","A1",34,322,0.25048851966858,0,1,FALSE
"327","A1",34,433,0.25048851966858,0,1,FALSE
"328","A1",34,434,0.25048851966858,0,1,FALSE
"329","A1",34,361,0.25048851966858,0,1,FALSE
"330","A1",34,104,5.84620431260192,1,1,TRUE
"331","A1",34,29,1.67418887769624,0,1,FALSE
"332","A1",34,4,1.67865089788447,0,1,TRUE
"333","A1",34,40,1.55874693823273,0,1,FALSE
"334","A1",34,400,0.2596527338028,0,1,FALSE
"335","A1",34,121,2.93326134096551,1,1,FALSE
"336","A1",34,401,0.25048851966858,0,1,FALSE
"337","A1",34,295,0.25048851966858,0,1,FALSE
"338","A1",34,296,0.23826956748962,0,1,FALSE
"339","A1",34,370,0.25048851966858,0,1,FALSE
"340","A1",34,371,0.25048851966858,0,1,FALSE
"341","A1",34,299,0.25048851966858,0,1,FALSE
"342","A1",34,116,1.29534551506255,0,1,FALSE
"343","A1",34,117,1.33321197627155,0,1,FALSE
"344","A1",34,118,1.64200234292,0,1,FALSE
"345","A1",34,119,1.09804755314374,0,1,FALSE
"346","A1",34,12,4.03435337885738,1,1,FALSE
"347","A1",34,231,2.84949779967709,0,1,FALSE
"348","A1",34,133,1.54855560678496,0,1,FALSE
"349","A1",34,16,3.37222316530196,1,1,FALSE
"350","A1",34,123,3.59663346957002,1,1,FALSE
"351","A1",34,124,1.99340438604982,1,1,FALSE
"352","A1",34,125,1.326693271023,0,1,FALSE
"353","A1",34,126,1.03868081963294,0,1,FALSE
"354","A1",34,127,4.27316928642905,1,1,FALSE
"355","A1",34,128,5.79121897548311,1,1,FALSE
"356","A1",34,129,8.05918877258746,1,1,FALSE
"357","A1",34,350,0.25048851966858,1,1,FALSE
"358","A1",34,130,5.82566581367537,1,1,FALSE
"359","A1",34,131,5.79368560729689,1,1,FALSE
"360","A1",34,132,4.54985009298645,1,1,FALSE
"361","A1",34,158,8.17696382473988,1,1,FALSE
"362","A1",34,171,3.07429411880247,0,1,FALSE
"363","A1",34,135,1.55771987533215,0,1,FALSE
"364","A1",34,136,1.61188500419631,1,1,FALSE
"365","A1",34,137,1.22423847732174,1,1,FALSE
"366","A1",34,138,3.38110625694425,1,1,FALSE
"367","A1",34,139,1.6808747984409,1,1,FALSE
"368","A1",34,360,0.2596527338028,0,1,TRUE
"369","A1",34,179,5.64258144903622,1,1,FALSE
"370","A1",34,288,0.25048851966858,0,1,TRUE
"371","A1",34,398,0.25048851966858,0,1,FALSE
"372","A1",34,399,0.25048851966858,0,1,FALSE
"373","A1",34,157,1.554087742134,0,1,FALSE
"374","A1",34,17,4.82737437114033,1,1,FALSE
"375","A1",34,159,2.3620650739103,0,1,FALSE
"376","A1",34,415,0.25048851966858,0,1,FALSE
"377","A1",34,368,0.25048851966858,0,1,FALSE
"378","A1",34,369,0.25048851966858,0,1,FALSE
"379","A1",34,162,10.4444387201477,1,1,FALSE
"380","A1",34,163,2.08754894526447,0,1,FALSE
"381","A1",34,164,7.90853656803345,1,1,FALSE
"382","A1",34,262,0.25048851966858,0,1,FALSE
"383","A1",34,263,0.25048851966858,0,1,FALSE
"384","A1",34,155,1.45847248367254,0,1,FALSE
"385","A1",34,156,3.26375856558992,1,1,FALSE
"386","A1",34,169,2.396576137867,0,1,FALSE
"387","A1",34,412,0.25048851966858,0,1,FALSE
"388","A1",34,170,1.64310473141892,0,1,FALSE
"389","A1",34,28,14.3278927575861,1,1,FALSE
"390","A1",34,160,7.21241002665887,1,1,FALSE
"391","A1",34,161,4.03188137517409,1,1,FALSE
"392","A1",34,174,1.58611231524847,0,1,TRUE
"393","A1",34,175,1.84112367216591,1,1,TRUE
"394","A1",34,285,0.25048851966858,0,1,FALSE
"395","A1",34,165,5.0210904289197,0,1,FALSE
"396","A1",34,166,1.96391574064691,0,1,FALSE
"397","A1",34,167,10.5188662481223,1,1,FALSE
"398","A1",34,168,3.97577788183605,1,1,FALSE
"399","A1",34,287,0.25048851966858,0,1,FALSE
"400","A1",34,277,0.24743378162384,0,1,FALSE
"401","A1",34,413,0.25048851966858,0,1,FALSE
"402","A1",34,414,0.24132430553436,0,1,FALSE
"403","A1",34,172,4.26891912410419,1,1,FALSE
"404","A1",34,173,4.23450110768596,1,1,TRUE
"405","A1",34,417,0.24743378162384,0,1,FALSE
"406","A1",34,418,0.25048851966858,0,1,FALSE
"407","A1",34,419,0.25048851966858,0,1,FALSE
"408","A1",34,178,1.04282805355168,1,1,TRUE
"409","A1",34,103,7.21929695384369,1,1,TRUE
"410","A1",34,323,0.25048851966858,0,1,FALSE
"411","A1",34,324,0.25048851966858,0,1,FALSE
"412","A1",34,301,0.25048851966858,0,1,FALSE
"413","A1",34,264,0.25048851966858,0,1,FALSE
"414","A1",34,278,0.24743378162384,0,1,FALSE
"415","A1",34,279,0.24132430553436,0,1,FALSE
"416","A1",34,379,0.24743378162384,0,1,FALSE
"417","A1",34,416,0.25048851966858,0,1,FALSE
"418","A1",34,281,0.24743378162384,0,1,FALSE
"419","A1",34,282,0.25048851966858,0,1,FALSE
"420","A1",34,283,0.25048851966858,0,1,TRUE
"421","A1",34,42,2.85956928789763,0,1,TRUE
"422","A1",34,3,2.15838138828039,0,1,TRUE
"423","A1",34,311,0.25048851966858,0,1,FALSE
"424","A1",34,300,0.25048851966858,0,1,FALSE
"425","A1",34,13,1.27175772273911,0,1,FALSE
"426","A1",34,276,0.25048851966858,0,1,FALSE
"427","A1",34,265,0.25048851966858,0,1,FALSE
"428","A1",34,266,0.25048851966858,0,1,FALSE
"429","A1",34,120,1.31197454148611,0,1,FALSE
"430","A1",34,280,0.2596527338028,0,1,TRUE
"431","A1",34,38,10.2671791679413,1,1,FALSE
"432","A1",34,380,0.25048851966858,0,1,FALSE
"433","A1",34,381,0.25048851966858,0,1,FALSE
"434","A1",34,284,0.24743378162384,0,1,FALSE
"435","A1",34,420,0.25048851966858,0,1,FALSE
"436","A1",34,14,3.86431579908895,1,1,FALSE
"437","A1",34,275,0.25048851966858,0,1,FALSE
"438","A1",34,286,0.25048851966858,0,1,FALSE
"439","A1",34,304,0.25048851966858,0,1,FALSE
"440","A1",34,303,0.25048851966858,0,1,FALSE
"441","A1",34,305,0.25048851966858,0,1,FALSE
"442","A1",34,302,0.24441629648209,0,1,FALSE
"443","A1",34,382,0.25048851966858,0,1,FALSE
"444","A1",34,272,0.25048851966858,0,1,FALSE
"445","A1",34,273,0.24743378162384,0,1,TRUE
"446","A1",34,306,0.25048851966858,0,1,FALSE
"447","A1",34,310,0.25048851966858,0,1,FALSE
"448","A1",34,267,0.25048851966858,0,1,FALSE
"449","A1",34,308,0.24132430553436,0,1,FALSE
"450","A1",34,274,0.25048851966858,0,1,FALSE
"451","A1",34,268,0.25048851966858,0,1,FALSE
"452","A1",34,307,0.25048851966858,0,1,FALSE
"453","A1",34,269,0.25048851966858,0,1,FALSE
"454","A1",34,309,0.25048851966858,0,1,FALSE
"455","A1",34,31,2.11356776763178,0,1,FALSE
"456","A1",34,271,0.25048851966858,0,1,FALSE
"457","A1",34,27,12.845806530546,1,1,FALSE
"458","A1",34,270,0.25048851966858,0,1,FALSE
"459","A1",38,460,1.65832628594431,1,1,TRUE
"460","A1",38,461,2.2570781663783,1,1,FALSE
"461","A1",38,459,10.2061707503344,1,1,FALSE
"462","A1",39,462,0.2504885196686,0,1,TRUE
"463","A1",41,464,0.2504885196686,1,1,FALSE
"464","A1",41,463,6.1782901991516,1,1,FALSE
"465","A1",43,466,0.2504885196686,0,1,TRUE
"466","A1",43,465,2.782364090068,1,1,FALSE
"467","A11",37,5,0.2504885196686,0,1,FALSE
"468","A11",37,4,0.2504885196686,0,1,FALSE
"469","A11",37,3,3.6497282890708,0,1,FALSE
"470","A12",36,196,0.25048851966858,0,1,FALSE
"471","A12",37,197,0.24743378162384,0,1,FALSE
"472","A12",38,199,0.2596527338028,0,1,TRUE
"473","A12",38,198,1.30293202668556,1,1,FALSE
"474","A12",39,200,6.35534072369594,0,1,TRUE
"475","A12",40,201,0.2474337816238,0,1,FALSE
"476","A2",39,1,0.250488519668579,0,1,FALSE
"477","A5",35,6,0.25048851966858,0,1,FALSE
"478","A5",35,4,1.99999678733757,1,1,FALSE
"479","A5",35,7,0.25048851966858,0,1,FALSE
"480","A5",35,5,17.7348513245725,1,1,TRUE
"481","A5",36,9,0.259652733802795,1,1,TRUE
"482","A5",36,8,0.499655796271795,0,1,TRUE
"483","A5",37,11,0.250488519668579,1,1,TRUE
"484","A5",37,13,0.241324305534363,0,1,TRUE
"485","A5",37,14,0.24743378162384,0,1,TRUE
"486","A5",37,12,0.250488519668579,0,1,TRUE
"487","A5",37,10,0.250488519668579,0,1,FALSE
"488","A5",40,17,0.25048851966858,0,1,FALSE
"489","A5",40,15,1.37923089121088,1,1,FALSE
"490","A5",40,16,0.2596527338028,1,1,TRUE
"491","A5",41,18,0.2504885196686,1,1,FALSE
"492","A5",41,19,0.2504885196686,0,1,FALSE
"493","A7",33,128,1.8969737697877,0,1,TRUE
"494","A7",35,129,0.25048851966858,0,1,FALSE
"495","A7",36,130,0.598272362164445,0,1,TRUE
"496","A7",38,131,0.25048851966858,1,1,TRUE
"497","A7",41,132,5.0073405266515,1,1,TRUE
"498","A7",44,133,2.6447093337276,0,1,TRUE
"499","B1",32,238,15.8004859881305,1,1,TRUE
"500","B1",35,239,0.25346875190735,0,1,TRUE
"501","B1",39,243,0.25048851966858,1,1,TRUE
"502","B1",39,241,0.25048851966858,1,1,TRUE
"503","B1",39,240,0.70776967345157,1,1,TRUE
"504","B1",39,244,0.25048851966858,1,1,TRUE
"505","B1",39,242,0.25048851966858,0,1,FALSE
"506","B1",40,245,0.2565979957581,1,1,TRUE
"507","B1",41,246,0.653702393118,0,1,TRUE
"508","B4",34,11,0.25048851966858,0,1,FALSE
"509","B4",39,12,0.25048851966858,1,1,FALSE
"510","B4",43,13,14.3835707344732,1,1,TRUE
"511","B5",33,154,2.6732583410069,0,1,FALSE
"512","B5",39,158,1.9993473449666,0,1,TRUE
"513","B5",39,157,8.4600107107674,1,1,FALSE
"514","B5",39,156,10.3019239614078,1,1,FALSE
"515","B5",40,159,0.7090145838156,0,1,FALSE
"516","B5",41,161,6.1079640600864,1,1,TRUE
"517","B5",41,160,0.6035726082789,0,1,TRUE
"518","B5",43,162,2.0686418312037,1,1,TRUE
"519","B5",44,163,8.5415735652038,0,1,TRUE
"520","B6",34,83,0.56890549320473,0,1,FALSE
"521","B6",34,84,1.17343897659443,1,1,FALSE
"522","B6",34,82,5.49867273915414,1,1,FALSE
"523","B6",34,86,0.25048851966858,0,1,FALSE
"524","B6",34,85,0.25048851966858,0,1,FALSE
"525","B6",34,81,14.8482195899923,1,1,FALSE
"526","B6",35,87,0.76480314586547,0,1,TRUE
"527","B6",40,96,1.74799461514257,0,1,TRUE
"528","B6",41,97,2.1510986076762,0,1,FALSE
"529","B6",43,98,0.2504885196686,0,1,FALSE
"530","C1",32,245,2.0627611860488,1,1,TRUE
"531","C1",32,246,1.7915451710875,0,1,TRUE
"532","C1",32,244,0.417314052378,0,1,TRUE
"533","C1",35,247,0.2504885196686,0,1,FALSE
"534","C1",38,248,0.25048851966858,1,1,TRUE
"535","C1",40,249,1.7535143825757,1,1,TRUE
"536","C1",41,250,0.2504885196686,0,1,TRUE
"537","C2",32,8,1.38901979956816,0,1,TRUE
"538","C2",32,9,1.01830459018584,0,1,TRUE
"539","C2",35,10,4.30336065221918,0,1,FALSE
"540","C2",36,15,0.25659799575806,0,1,TRUE
"541","C2",36,16,0.25048851966858,0,1,TRUE
"542","C2",36,17,0.25048851966858,1,1,TRUE
"543","C2",36,14,0.25048851966858,0,1,TRUE
"544","C2",36,12,0.71901303748903,1,1,FALSE
"545","C2",36,13,0.25048851966858,0,1,TRUE
"546","C2",36,11,0.73832462317318,0,1,FALSE
"547","C2",37,22,0.25048851966858,0,1,FALSE
"548","C2",37,19,1.79834024825474,0,1,FALSE
"549","C2",37,20,2.54144582005324,0,1,FALSE
"550","C2",37,23,0.25048851966858,0,1,FALSE
"551","C2",37,24,0.25048851966858,0,1,TRUE
"552","C2",37,25,0.25048851966858,0,1,FALSE
"553","C2",37,30,0.25048851966858,0,1,FALSE
"554","C2",37,21,9.26458041601281,0,1,FALSE
"555","C2",37,18,5.0770381260468,0,1,FALSE
"556","C2",37,32,0.25048851966858,0,1,FALSE
"557","C2",37,28,0.25048851966858,0,1,FALSE
"558","C2",37,26,0.24132430553436,0,1,FALSE
"559","C2",37,27,0.24743378162384,0,1,FALSE
"560","C2",37,31,0.25048851966858,0,1,FALSE
"561","C2",37,29,0.25048851966858,0,1,FALSE
"562","C2",41,33,0.2504885196686,0,1,FALSE
"563","C2",42,34,2.61749004151833,0,1,TRUE
"564","C3",37,165,0.25048851966858,0,1,TRUE
"565","C3",37,164,0.25048851966858,0,1,TRUE
"566","C3",38,166,0.24743378162384,1,1,TRUE
"567","C3",39,167,0.2474337816238,0,1,TRUE
"568","C3",42,168,0.2504885196686,0,1,FALSE
"569","C4",34,76,6.41260095308157,1,1,FALSE
"570","C4",34,77,2.05035179321302,0,1,FALSE
"571","C4",34,131,16.7264875756947,1,1,TRUE
"572","C4",34,79,0.84049918557314,0,1,TRUE
"573","C4",34,8,3.72166535110883,1,1,FALSE
"574","C4",34,171,0.25048851966858,0,1,FALSE
"575","C4",34,78,2.31061688911127,1,1,FALSE
"576","C4",34,130,2.88174217104339,0,1,TRUE
"577","C4",34,74,3.11475659117903,1,1,FALSE
"578","C4",34,126,9.88854252195859,1,1,FALSE
"579","C4",34,75,1.82445009606393,1,1,FALSE
"580","C4",34,13,1.99556950698382,1,1,FALSE
"581","C4",34,170,0.25048851966858,0,1,FALSE
"582","C4",34,63,1.52137646492769,0,1,FALSE
"583","C4",34,64,1.478038836021,0,1,FALSE
"584","C4",34,132,8.70613077773078,1,1,TRUE
"585","C4",34,62,1.61822689451936,0,1,FALSE
"586","C4",34,73,4.95169047675497,1,1,FALSE
"587","C4",34,82,6.17684688832856,0,1,FALSE
"588","C4",34,71,2.80853469882788,0,1,FALSE
"589","C4",34,128,7.62823791427336,1,1,TRUE
"590","C4",34,129,2.11913327255924,0,1,TRUE
"591","C4",34,167,0.25048851966858,0,1,TRUE
"592","C4",34,127,1.69755729458226,0,1,FALSE
"593","C4",34,65,6.64390030563324,1,1,FALSE
"594","C4",34,66,7.51400841499872,1,1,FALSE
"595","C4",34,121,7.24249292107824,1,1,FALSE
"596","C4",34,168,0.25048851966858,0,1,FALSE
"597","C4",34,70,6.83163815439804,1,1,FALSE
"598","C4",34,124,6.32693642198958,0,1,FALSE
"599","C4",34,72,1.96848175580289,0,1,FALSE
"600","C4",34,58,6.57004876578212,0,1,FALSE
"601","C4",34,59,7.79258735019556,1,1,FALSE
"602","C4",34,6,1.70621430342372,0,1,TRUE
"603","C4",34,60,1.80904575612063,0,1,FALSE
"604","C4",34,61,3.16109548696519,0,1,FALSE
"605","C4",34,118,2.32991548691744,1,1,TRUE
"606","C4",34,169,0.25048851966858,0,1,TRUE
"607","C4",34,172,0.24743378162384,0,1,TRUE
"608","C4",34,133,0.25048851966858,0,1,TRUE
"609","C4",34,134,0.24132430553436,0,1,TRUE
"610","C4",34,135,0.24743378162384,0,1,TRUE
"611","C4",34,80,3.21776466627064,1,1,FALSE
"612","C4",34,81,0.91837779828782,0,1,FALSE
"613","C4",34,125,7.25411875786053,1,1,FALSE
"614","C4",34,163,0.25048851966858,0,1,FALSE
"615","C4",34,164,0.25048851966858,0,1,TRUE
"616","C4",34,165,0.25048851966858,0,1,FALSE
"617","C4",34,166,0.25048851966858,0,1,FALSE
"618","C4",34,36,1.65580101902312,0,1,FALSE
"619","C4",34,119,1.3523621531166,1,1,FALSE
"620","C4",34,12,2.07245898426392,0,1,FALSE
"621","C4",34,120,2.55455976378097,0,1,FALSE
"622","C4",34,157,0.25048851966858,0,1,FALSE
"623","C4",34,7,3.22366394042986,1,1,FALSE
"624","C4",34,69,5.29509831952077,0,1,FALSE
"625","C4",34,123,1.91573690900423,0,1,FALSE
"626","C4",34,136,0.25048851966858,0,1,TRUE
"627","C4",34,137,0.25048851966858,1,1,FALSE
"628","C4",34,138,0.25048851966858,0,1,FALSE
"629","C4",34,139,0.25048851966858,0,1,FALSE
"630","C4",34,83,7.99884947109508,1,1,FALSE
"631","C4",34,84,3.17584333203285,1,1,FALSE
"632","C4",34,37,7.81756080787344,1,1,TRUE
"633","C4",34,38,1.112334392108,0,1,TRUE
"634","C4",34,17,16.1196406624785,1,1,FALSE
"635","C4",34,173,0.25048851966858,0,1,TRUE
"636","C4",34,40,10.5862246853028,1,1,FALSE
"637","C4",34,174,0.25048851966858,0,1,FALSE
"638","C4",34,175,0.25048851966858,0,1,FALSE
"639","C4",34,57,2.09236208629556,0,1,FALSE
"640","C4",34,92,3.68418898322518,1,1,TRUE
"641","C4",34,93,6.24748440291568,1,1,FALSE
"642","C4",34,94,2.02387541170593,0,1,FALSE
"643","C4",34,95,1.42361261798165,0,1,FALSE
"644","C4",34,96,1.27948218999039,0,1,FALSE
"645","C4",34,97,3.91154955897745,0,1,FALSE
"646","C4",34,98,1.30578873977046,0,1,FALSE
"647","C4",34,99,0.90893669261497,0,1,TRUE
"648","C4",34,156,0.25048851966858,0,1,FALSE
"649","C4",34,29,53.6224847109724,1,1,FALSE
"650","C4",34,3,1.15709976103873,0,1,FALSE
"651","C4",34,160,0.25048851966858,0,1,FALSE
"652","C4",34,161,0.23826956748962,0,1,FALSE
"653","C4",34,162,0.25048851966858,0,1,FALSE
"654","C4",34,32,3.30939319594541,0,1,TRUE
"655","C4",34,33,1.74175177221854,1,1,FALSE
"656","C4",34,34,6.92067469677273,1,1,TRUE
"657","C4",34,35,4.34605621121198,0,1,FALSE
"658","C4",34,49,9.33867629713291,1,1,FALSE
"659","C4",34,5,6.77779947705949,1,1,TRUE
"660","C4",34,50,1.60782420925122,0,1,FALSE
"661","C4",34,39,3.88578617186818,1,1,FALSE
"662","C4",34,52,5.91359404570211,0,1,FALSE
"663","C4",34,53,7.22035738086207,1,1,FALSE
"664","C4",34,41,1.08472298863917,0,1,FALSE
"665","C4",34,42,2.46648913716083,0,1,FALSE
"666","C4",34,44,3.87333042187984,0,1,FALSE
"667","C4",34,45,10.8042876729401,1,1,FALSE
"668","C4",34,46,5.54551983435141,0,1,FALSE
"669","C4",34,47,13.0235479895709,1,1,FALSE
"670","C4",34,48,4.12979610527072,0,1,FALSE
"671","C4",34,116,1.40117961318433,0,1,FALSE
"672","C4",34,117,3.81060001741261,1,1,TRUE
"673","C4",34,153,0.25048851966858,0,1,FALSE
"674","C4",34,51,3.8645067740786,0,1,FALSE
"675","C4",34,155,0.25048851966858,0,1,FALSE
"676","C4",34,26,0.60759039564078,0,1,FALSE
"677","C4",34,54,1.19253236255408,0,1,FALSE
"678","C4",34,55,48.2851355418822,1,1,TRUE
"679","C4",34,56,0.62695387819588,0,1,TRUE
"680","C4",34,112,10.1811962206733,1,1,FALSE
"681","C4",34,113,10.4293471013408,1,1,FALSE
"682","C4",34,114,1.58216478120442,0,1,FALSE
"683","C4",34,115,1.13908478992163,0,1,FALSE
"684","C4",34,177,0.2596527338028,0,1,TRUE
"685","C4",34,14,1.26773968902192,1,1,FALSE
"686","C4",34,140,0.25048851966858,1,1,FALSE
"687","C4",34,154,0.25048851966858,0,1,FALSE
"688","C4",34,86,2.93272200812322,0,1,TRUE
"689","C4",34,87,3.80358985747755,1,1,FALSE
"690","C4",34,27,0.80876703119256,0,1,FALSE
"691","C4",34,67,1.50872409926493,1,1,FALSE
"692","C4",34,68,1.17502514477198,0,1,FALSE
"693","C4",34,16,1.44067695846415,0,1,FALSE
"694","C4",34,31,14.3257684022824,1,1,FALSE
"695","C4",34,10,1.84132038885141,0,1,FALSE
"696","C4",34,176,0.25048851966858,0,1,FALSE
"697","C4",34,150,0.25048851966858,0,1,FALSE
"698","C4",34,151,0.25048851966858,0,1,FALSE
"699","C4",34,152,0.25048851966858,0,1,FALSE
"700","C4",34,85,2.9491480000578,0,1,FALSE
"701","C4",34,24,8.29771341266641,1,1,TRUE
"702","C4",34,25,4.94928552150517,0,1,TRUE
"703","C4",34,88,2.22509969908302,1,1,FALSE
"704","C4",34,89,3.93013476815949,0,1,FALSE
"705","C4",34,4,7.39738275303445,1,1,FALSE
"706","C4",34,43,1.44620581741253,0,1,FALSE
"707","C4",34,1,1.65568807855702,1,1,TRUE
"708","C4",34,149,0.2596527338028,0,1,FALSE
"709","C4",34,15,8.29666202368034,1,1,FALSE
"710","C4",34,100,1.31530096355595,1,1,TRUE
"711","C4",34,101,1.89271227354061,1,1,TRUE
"712","C4",34,178,0.2596527338028,0,1,TRUE
"713","C4",34,23,3.04167432841646,1,1,FALSE
"714","C4",34,18,6.57963888387718,1,1,TRUE
"715","C4",34,180,0.25048851966858,0,1,FALSE
"716","C4",34,181,0.25048851966858,0,1,FALSE
"717","C4",34,182,0.24743378162384,0,1,TRUE
"718","C4",34,9,2.95134934859283,1,1,FALSE
"719","C4",34,90,10.1538540932611,1,1,FALSE
"720","C4",34,91,7.78631891624797,1,1,FALSE
"721","C4",34,186,0.25048851966858,0,1,TRUE
"722","C4",34,19,4.31121108261422,1,1,TRUE
"723","C4",34,2,5.18951687879817,0,1,TRUE
"724","C4",34,20,0.48005521551486,0,1,TRUE
"725","C4",34,21,13.4426370677295,1,1,FALSE
"726","C4",34,179,0.25048851966858,0,1,FALSE
"727","C4",34,103,1.40358142692934,0,1,FALSE
"728","C4",34,104,1.92310628824376,1,1,FALSE
"729","C4",34,105,9.05932320495396,1,1,FALSE
"730","C4",34,106,4.80898237502597,0,1,FALSE
"731","C4",34,158,0.25048851966858,0,1,FALSE
"732","C4",34,159,0.25048851966858,0,1,FALSE
"733","C4",34,122,36.0523119492751,1,1,FALSE
"734","C4",34,11,3.532514643182,1,1,FALSE
"735","C4",34,110,1.7713355137984,1,1,FALSE
"736","C4",34,111,6.11362999012491,1,1,FALSE
"737","C4",34,148,0.25048851966858,0,1,FALSE
"738","C4",34,185,0.25048851966858,0,1,TRUE
"739","C4",34,22,1.12417191157167,0,1,TRUE
"740","C4",34,183,0.24132430553436,0,1,TRUE
"741","C4",34,184,0.24743378162384,0,1,TRUE
"742","C4",34,28,18.1838895615186,1,1,FALSE
"743","C4",34,141,0.25048851966858,0,1,FALSE
"744","C4",34,146,0.25048851966858,1,1,FALSE
"745","C4",34,147,0.23826956748962,0,1,FALSE
"746","C4",34,142,0.25048851966858,0,1,FALSE
"747","C4",34,145,0.24743378162384,0,1,FALSE
"748","C4",34,102,1.6310346751307,1,1,TRUE
"749","C4",34,107,10.0839813105954,1,1,FALSE
"750","C4",34,30,0.98106907118254,1,1,TRUE
"751","C4",34,109,1.87653986132066,0,1,FALSE
"752","C4",34,144,0.24743378162384,0,1,FALSE
"753","C4",34,108,4.77373765429591,1,1,FALSE
"754","C4",34,143,0.25048851966858,0,1,FALSE
"755","C4",35,187,3.10143874973289,0,1,TRUE
"756","C4",35,188,0.25048851966858,1,1,FALSE
"757","C4",37,197,0.25048851966858,0,1,FALSE
"758","C4",37,194,0.25048851966858,0,1,FALSE
"759","C4",37,196,0.25048851966858,0,1,FALSE
"760","C4",37,195,0.25048851966858,0,1,FALSE
"761","C4",37,192,0.25048851966858,0,1,FALSE
"762","C4",37,191,0.25048851966858,0,1,FALSE
"763","C4",37,189,0.24743378162384,0,1,FALSE
"764","C4",37,193,0.25048851966858,0,1,FALSE
"765","C4",37,190,0.25048851966858,0,1,FALSE
"766","C4",38,202,0.25048851966858,0,1,TRUE
"767","C4",38,201,2.16192983838192,0,1,TRUE
"768","C4",38,199,0.74325702694317,0,1,TRUE
"769","C4",38,198,4.36115526951393,0,1,FALSE
"770","C4",38,200,6.94155608808296,0,1,TRUE
"771","C5",40,99,1.0421238268669,1,1,TRUE
"772","C5",41,100,9.77280360173879,1,1,TRUE
"773","C5",43,101,1.1876394458682,1,1,TRUE
"774","C5",44,105,0.25048851966858,0,1,FALSE
"775","C5",44,106,0.25048851966858,0,1,FALSE
"776","C5",44,103,0.24743378162384,0,1,FALSE
"777","C5",44,104,0.25048851966858,0,1,FALSE
"778","C5",44,108,0.25048851966858,0,1,FALSE
"779","C5",44,102,0.25048851966858,0,1,FALSE
"780","C5",44,107,0.25048851966858,0,1,FALSE
"781","C6",38,436,17.2386242207585,1,1,TRUE
"782","C6",38,440,0.25048851966858,1,1,TRUE
"783","C6",38,438,18.1304186419129,1,1,FALSE
"784","C6",38,439,0.25048851966858,0,1,FALSE
"785","C6",38,437,1.35596617418559,1,1,FALSE
"786","C6",39,442,0.25048851966858,0,1,FALSE
"787","C6",39,441,3.28701749458203,0,1,FALSE
"788","C6",40,443,3.4026830003627,1,1,TRUE
"789","C6",44,444,0.2383813261986,0,1,FALSE
"790","C6",44,445,0.2504885196686,0,1,TRUE
"791","C6",44,446,0.2474337816238,0,1,TRUE
"792","D1",32,245,0.2504885196686,0,1,TRUE
"793","D1",33,246,0.2504885196686,0,1,TRUE
"794","D1",34,247,0.24743378162384,0,1,TRUE
"795","D1",39,250,0.25048851966858,0,1,FALSE
"796","D1",39,249,0.23826956748962,1,1,FALSE
"797","D1",39,248,1.7357358009305,0,1,FALSE
"798","D1",41,251,15.7406932445681,1,1,TRUE
"799","D1",41,252,1.478129408358,0,1,TRUE
"800","D1",44,256,0.2504885196686,0,1,FALSE
"801","D1",44,254,0.2413243055344,0,1,TRUE
"802","D1",44,255,0.2504885196686,0,1,FALSE
"803","D3",33,161,0.2504885196686,0,1,TRUE
"804","D3",40,162,1.4109917952347,0,1,FALSE
"805","D3",41,164,2.3376532386305,1,1,TRUE
"806","D3",41,163,2.7436963247388,1,1,TRUE
"807","D3",44,165,0.2504885196686,0,1,TRUE
"808","D3",44,166,0.2504885196686,0,1,FALSE
"809","D5",34,27,0.25048851966858,1,1,TRUE
"810","D5",34,25,0.25048851966858,0,1,FALSE
"811","D5",34,24,0.62323201767143,0,1,FALSE
"812","D5",34,26,0.25048851966858,0,1,FALSE
"813","D5",35,28,1.1434518388076,0,1,FALSE
"814","D5",39,29,2.61739348568735,1,1,FALSE
"815","D5",40,30,15.3079554021176,1,1,TRUE
"816","D5",44,34,0.2504885196686,0,1,TRUE
"817","D5",44,31,0.2474337816238,0,1,FALSE
"818","D5",44,32,0.2474337816238,0,1,FALSE
"819","D5",44,33,0.2504885196686,0,1,FALSE
"820","D5",44,35,0.2504885196686,0,1,FALSE
"821","E1",37,6,0.250488519668579,0,1,TRUE
"822","E1",37,7,0.259652733802795,1,1,TRUE
"823","E1",37,8,0.250488519668579,0,1,TRUE
"824","E1",37,9,0.250488519668579,0,1,TRUE
"825","E1",37,2,0.238269567489624,0,1,FALSE
"826","E1",37,5,0.24743378162384,0,1,TRUE
"827","E1",37,3,0.250488519668579,0,1,FALSE
"828","E1",37,4,0.259652733802795,0,1,FALSE
"829","E1",38,10,0.87633425416637,0,1,TRUE
"830","E1",39,11,5.9483342462455,0,1,FALSE
"831","E1",39,12,6.1228882784899,0,1,TRUE
"832","E1",44,42,0.25048851966858,0,1,FALSE
"833","E1",44,35,0.25048851966858,0,1,FALSE
"834","E1",44,36,0.25048851966858,0,1,FALSE
"835","E1",44,39,0.25048851966858,0,1,FALSE
"836","E1",44,40,0.25048851966858,0,1,FALSE
"837","E1",44,41,0.24743378162384,0,1,FALSE
"838","E1",44,24,0.25048851966858,0,1,FALSE
"839","E1",44,43,0.24743378162384,0,1,TRUE
"840","E1",44,44,0.25048851966858,0,1,TRUE
"841","E1",44,45,0.25048851966858,0,1,TRUE
"842","E1",44,28,0.25048851966858,0,1,FALSE
"843","E1",44,18,5.94345478977651,0,1,TRUE
"844","E1",44,37,0.25048851966858,0,1,FALSE
"845","E1",44,38,0.25048851966858,0,1,FALSE
"846","E1",44,34,0.25048851966858,0,1,FALSE
"847","E1",44,22,0.25048851966858,0,1,FALSE
"848","E1",44,25,0.25048851966858,0,1,FALSE
"849","E1",44,26,0.25048851966858,0,1,FALSE
"850","E1",44,21,0.2596527338028,0,1,FALSE
"851","E1",44,13,4.43505553043807,0,1,FALSE
"852","E1",44,14,2.80412495842471,0,1,FALSE
"853","E1",44,15,2.62033034249976,0,1,FALSE
"854","E1",44,27,0.25048851966858,0,1,FALSE
"855","E1",44,17,10.5496514062674,0,1,FALSE
"856","E1",44,32,0.25048851966858,0,1,FALSE
"857","E1",44,19,0.25048851966858,0,1,FALSE
"858","E1",44,20,0.24743378162384,0,1,FALSE
"859","E1",44,16,2.04317649320741,0,1,FALSE
"860","E1",44,33,0.25048851966858,0,1,FALSE
"861","E1",44,23,0.25048851966858,0,1,FALSE
"862","E1",44,31,0.25048851966858,0,1,FALSE
"863","E1",44,30,0.24132430553436,0,1,FALSE
"864","E1",44,29,0.25048851966858,0,1,FALSE
"865","E2",38,353,0.25048851966858,0,1,TRUE
"866","E2",38,351,5.48704027935195,0,1,TRUE
"867","E2",38,352,0.84723100102146,1,1,TRUE
"868","E2",39,354,0.2504885196686,0,1,FALSE
"869","E2",39,355,0.2504885196686,0,1,FALSE
"870","E2",40,357,1.3098826914149,0,1,TRUE
"871","E2",40,358,2.7416562901442,1,1,TRUE
"872","E2",40,356,2.0555282649247,1,1,TRUE
"873","E3",41,3,0.24743378162384,0,1,FALSE
"874","E3",41,1,1.44552339725336,0,1,FALSE
"875","E3",41,2,4.82061618044115,1,1,FALSE
"876","E4",34,206,0.94383884487012,0,1,FALSE
"877","E4",34,21,5.32075875293115,1,1,FALSE
"878","E4",34,210,0.96233494981226,0,1,FALSE
"879","E4",34,205,4.82398226926642,0,1,FALSE
"880","E4",34,211,0.93283110091797,0,1,FALSE
"881","E4",34,207,0.73232236304669,0,1,FALSE
"882","E4",34,208,2.47225577575462,0,1,FALSE
"883","E4",34,209,0.79991878566847,0,1,FALSE
"884","E4",34,102,1.49690841021523,1,1,TRUE
"885","E4",34,214,22.9086417162682,1,1,FALSE
"886","E4",34,215,4.54476500269111,1,1,FALSE
"887","E4",34,204,3.83532410852421,1,1,FALSE
"888","E4",34,264,0.52683734620871,0,1,TRUE
"889","E4",34,265,2.57885590756457,1,1,TRUE
"890","E4",34,266,0.71454614774027,0,1,TRUE
"891","E4",34,267,0.49066073706749,0,1,TRUE
"892","E4",34,268,0.68421282923772,0,1,TRUE
"893","E4",34,1,5.27275014289311,1,1,TRUE
"894","E4",34,212,0.74176755831498,0,1,FALSE
"895","E4",34,213,1.02500166560252,0,1,FALSE
"896","E4",34,101,0.7378713595958,0,1,FALSE
"897","E4",34,236,0.67163504358615,0,1,FALSE
"898","E4",34,237,0.84880018700306,0,1,FALSE
"899","E4",34,238,1.00192458804918,0,1,FALSE
"900","E4",34,239,1.1149390199799,0,1,FALSE
"901","E4",34,24,3.74445722251709,0,1,FALSE
"902","E4",34,240,1.15784803936568,0,1,FALSE
"903","E4",34,241,7.10876709738264,1,1,FALSE
"904","E4",34,242,3.53242870882593,1,1,FALSE
"905","E4",34,243,0.97054037058646,0,1,FALSE
"906","E4",34,244,0.85269452158749,0,1,FALSE
"907","E4",34,10,2.36207231608793,0,1,FALSE
"908","E4",34,100,1.08498585744934,0,1,FALSE
"909","E4",34,235,6.24397685797498,1,1,FALSE
"910","E4",34,248,1.9753657606959,1,1,TRUE
"911","E4",34,249,2.60188286511238,1,1,FALSE
"912","E4",34,25,0.81081656975401,0,1,FALSE
"913","E4",34,250,1.18317395039805,0,1,FALSE
"914","E4",34,251,6.13882353241205,1,1,FALSE
"915","E4",34,252,3.16190968019542,0,1,FALSE
"916","E4",34,253,0.84732320212807,0,1,FALSE
"917","E4",34,254,0.81883021766071,0,1,FALSE
"918","E4",34,255,5.93621580832746,1,1,FALSE
"919","E4",34,256,1.46561335728442,0,1,FALSE
"920","E4",34,245,3.87078289184151,0,1,FALSE
"921","E4",34,246,0.80705048401526,0,1,TRUE
"922","E4",34,247,0.99491258028084,0,1,TRUE
"923","E4",34,26,4.20209764291927,1,1,TRUE
"924","E4",34,260,1.85922508160932,0,1,FALSE
"925","E4",34,261,3.58127395607588,1,1,FALSE
"926","E4",34,262,1.33498842561589,0,1,FALSE
"927","E4",34,263,0.5796604976842,0,1,FALSE
"928","E4",34,191,0.91497558629511,0,1,FALSE
"929","E4",34,192,0.88330391927854,0,1,FALSE
"930","E4",34,193,3.94781861860262,1,1,FALSE
"931","E4",34,194,1.11343683291403,0,1,FALSE
"932","E4",34,195,4.2854233914268,1,1,FALSE
"933","E4",34,257,0.61070078360732,0,1,FALSE
"934","E4",34,258,0.69450443064236,0,1,FALSE
"935","E4",34,259,0.58596065065231,0,1,FALSE
"936","E4",34,199,0.96853045352553,0,1,FALSE
"937","E4",34,2,1.71624756791717,1,1,TRUE
"938","E4",34,20,1.36419851784758,0,1,FALSE
"939","E4",34,200,1.02963699956086,0,1,FALSE
"940","E4",34,201,0.88632243862955,0,1,FALSE
"941","E4",34,202,1.00415843905361,0,1,FALSE
"942","E4",34,203,5.8629630783865,1,1,FALSE
"943","E4",34,312,0.24743378162384,0,1,FALSE
"944","E4",34,313,0.25048851966858,0,1,FALSE
"945","E4",34,314,0.25048851966858,0,1,FALSE
"946","E4",34,315,0.24743378162384,1,1,FALSE
"947","E4",34,316,0.25048851966858,0,1,FALSE
"948","E4",34,317,0.24743378162384,0,1,FALSE
"949","E4",34,318,0.25048851966858,0,1,FALSE
"950","E4",34,319,0.24132430553436,0,1,FALSE
"951","E4",34,32,3.57948743654453,1,1,FALSE
"952","E4",34,320,0.25048851966858,0,1,FALSE
"953","E4",34,321,0.25048851966858,0,1,FALSE
"954","E4",34,103,1.18348227879329,0,1,TRUE
"955","E4",34,104,1.13483893349388,1,1,TRUE
"956","E4",34,216,0.85069221275394,0,1,FALSE
"957","E4",34,217,2.33079291041661,1,1,FALSE
"958","E4",34,218,0.72182447159407,0,1,FALSE
"959","E4",34,219,0.82243592294386,0,1,FALSE
"960","E4",34,22,1.2212907201335,0,1,FALSE
"961","E4",34,220,2.68847811826293,0,1,FALSE
"962","E4",34,221,1.32203932173195,0,1,FALSE
"963","E4",34,222,4.46988353673223,1,1,FALSE
"964","E4",34,223,0.9314275519709,0,1,FALSE
"965","E4",34,224,0.74731761774598,0,1,FALSE
"966","E4",34,225,5.28474880188713,0,1,FALSE
"967","E4",34,226,0.91981347878474,0,1,FALSE
"968","E4",34,227,0.85452702559888,0,1,FALSE
"969","E4",34,228,0.96805140365907,0,1,FALSE
"970","E4",34,229,8.02359518612967,1,1,FALSE
"971","E4",34,23,1.02855663387683,0,1,FALSE
"972","E4",34,230,5.83115200675793,1,1,FALSE
"973","E4",34,231,1.27872037210895,0,1,FALSE
"974","E4",34,232,1.21924341112852,0,1,FALSE
"975","E4",34,234,2.2262238239712,1,1,TRUE
"976","E4",34,343,0.24743378162384,0,1,FALSE
"977","E4",34,344,0.24441629648209,0,1,FALSE
"978","E4",34,345,0.25048851966858,0,1,FALSE
"979","E4",34,346,0.2596527338028,0,1,FALSE
"980","E4",34,347,0.25048851966858,0,1,FALSE
"981","E4",34,348,0.24132430553436,0,1,FALSE
"982","E4",34,349,0.25048851966858,0,1,FALSE
"983","E4",34,35,1.32927076547082,0,1,TRUE
"984","E4",34,350,0.25048851966858,0,1,FALSE
"985","E4",34,351,0.25015324354172,0,1,FALSE
"986","E4",34,352,0.24132430553436,0,1,FALSE
"987","E4",34,353,0.25048851966858,0,1,TRUE
"988","E4",34,354,0.25048851966858,0,1,TRUE
"989","E4",34,355,0.25048851966858,0,1,TRUE
"990","E4",34,356,0.25048851966858,0,1,TRUE
"991","E4",34,36,2.84675233746446,0,1,TRUE
"992","E4",34,37,1.85367569712377,0,1,FALSE
"993","E4",34,38,1.35118251780418,0,1,FALSE
"994","E4",34,39,2.87344554889915,1,1,FALSE
"995","E4",34,4,3.07973599228111,1,1,TRUE
"996","E4",34,40,10.5458738632628,1,1,FALSE
"997","E4",34,41,6.546065320576,1,1,FALSE
"998","E4",34,42,5.97377890610167,1,1,FALSE
"999","E4",34,43,2.24020618779082,0,1,FALSE
"1000","E4",34,44,0.69892360087121,0,1,FALSE
"1001","E4",34,45,1.58398034588216,0,1,FALSE
"1002","E4",34,46,1.11166682458631,0,1,FALSE
"1003","E4",34,47,1.79285842486831,0,1,FALSE
"1004","E4",34,48,0.86241806902907,0,1,FALSE
"1005","E4",34,49,0.98764721442303,0,1,FALSE
"1006","E4",34,5,0.90508062154314,0,1,TRUE
"1007","E4",34,50,2.4656425765503,0,1,FALSE
"1008","E4",34,51,6.87427950184931,1,1,TRUE
"1009","E4",34,52,0.85499473782091,0,1,TRUE
"1010","E4",34,53,0.64853586112168,0,1,TRUE
"1011","E4",34,54,0.70898062525014,0,1,TRUE
"1012","E4",34,55,0.52972733019658,0,1,TRUE
"1013","E4",34,56,3.1549845852555,1,1,TRUE
"1014","E4",34,269,0.67845653146376,0,1,FALSE
"1015","E4",34,233,4.1319970578572,1,1,FALSE
"1016","E4",34,59,0.93172307662925,0,1,FALSE
"1017","E4",34,6,1.11125489061803,0,1,TRUE
"1018","E4",34,60,0.92448062557756,0,1,FALSE
"1019","E4",34,61,0.91094021926493,0,1,FALSE
"1020","E4",34,62,3.11307948251675,1,1,FALSE
"1021","E4",34,63,0.64345145325216,0,1,FALSE
"1022","E4",34,64,0.79941232485248,0,1,FALSE
"1023","E4",34,65,0.85825520211204,0,1,FALSE
"1024","E4",34,66,1.96332405881998,0,1,TRUE
"1025","E4",34,67,12.3626550752898,1,1,TRUE
"1026","E4",34,68,3.72475685774378,0,1,FALSE
"1027","E4",34,69,1.0474464617933,0,1,FALSE
"1028","E4",34,7,1.18530757338856,1,1,FALSE
"1029","E4",34,70,0.57394444766194,0,1,FALSE
"1030","E4",34,71,2.89223379490789,0,1,FALSE
"1031","E4",34,72,4.02300967885974,1,1,FALSE
"1032","E4",34,73,1.31420694979884,0,1,FALSE
"1033","E4",34,74,5.16956159299842,1,1,FALSE
"1034","E4",34,75,2.4897973559765,0,1,FALSE
"1035","E4",34,76,0.81823352559654,0,1,FALSE
"1036","E4",34,77,0.75033857660951,0,1,FALSE
"1037","E4",34,78,0.85472887047592,0,1,FALSE
"1038","E4",34,79,0.76376217339247,0,1,FALSE
"1039","E4",34,8,0.95849778044698,0,1,FALSE
"1040","E4",34,80,0.93180341741905,0,1,FALSE
"1041","E4",34,81,1.28911482822811,0,1,FALSE
"1042","E4",34,82,1.65602603627574,1,1,FALSE
"1043","E4",34,83,3.9228807768619,1,1,FALSE
"1044","E4",34,84,1.00314191826771,0,1,FALSE
"1045","E4",34,85,0.99524721716491,0,1,FALSE
"1046","E4",34,86,2.13778896213425,1,1,FALSE
"1047","E4",34,87,0.50441974052549,0,1,FALSE
"1048","E4",34,88,0.59071886870049,0,1,FALSE
"1049","E4",34,89,0.54547374550438,0,1,FALSE
"1050","E4",34,9,0.97408189617715,0,1,FALSE
"1051","E4",34,90,0.55364814321937,0,1,FALSE
"1052","E4",34,91,6.57855507973311,1,1,FALSE
"1053","E4",34,92,0.81157285984735,0,1,FALSE
"1054","E4",34,93,0.82434489762437,0,1,FALSE
"1055","E4",34,94,1.05931325561533,0,1,FALSE
"1056","E4",34,95,1.73080398773862,0,1,FALSE
"1057","E4",34,96,0.84680817685465,0,1,FALSE
"1058","E4",34,97,1.07082959075621,1,1,FALSE
"1059","E4",34,98,2.09673027423671,1,1,FALSE
"1060","E4",34,99,4.46986764307077,1,1,FALSE
"1061","E4",34,31,0.80321844566078,0,1,FALSE
"1062","E4",34,310,0.25048851966858,0,1,FALSE
"1063","E4",34,311,0.25048851966858,0,1,TRUE
"1064","E4",34,13,3.11773655291584,1,1,TRUE
"1065","E4",34,130,0.84619140700895,0,1,FALSE
"1066","E4",34,131,0.8534436238688,0,1,FALSE
"1067","E4",34,132,1.29373086985744,0,1,FALSE
"1068","E4",34,133,1.324167985699,0,1,FALSE
"1069","E4",34,134,1.16955623003362,0,1,FALSE
"1070","E4",34,135,0.64275724727574,0,1,FALSE
"1071","E4",34,136,2.74252200488991,1,1,TRUE
"1072","E4",34,137,1.18997606253358,0,1,TRUE
"1073","E4",34,138,5.44052272807438,1,1,FALSE
"1074","E4",34,139,3.92933655941739,0,1,FALSE
"1075","E4",34,322,0.24743378162384,0,1,FALSE
"1076","E4",34,323,0.25015324354172,0,1,FALSE
"1077","E4",34,105,0.88396975465651,0,1,FALSE
"1078","E4",34,106,0.90702492642551,0,1,FALSE
"1079","E4",34,107,1.02111789256248,0,1,FALSE
"1080","E4",34,108,0.57198369601075,0,1,FALSE
"1081","E4",34,109,0.6839044234438,0,1,FALSE
"1082","E4",34,11,0.66216431583167,0,1,FALSE
"1083","E4",34,110,1.20129134698601,1,1,FALSE
"1084","E4",34,111,0.81304229494268,0,1,FALSE
"1085","E4",34,112,3.65388167295363,1,1,FALSE
"1086","E4",34,113,0.78570506748478,0,1,FALSE
"1087","E4",34,114,0.68621916138266,0,1,FALSE
"1088","E4",34,115,0.98929364672007,1,1,FALSE
"1089","E4",34,116,1.07813279191681,0,1,FALSE
"1090","E4",34,117,3.16267349447027,1,1,FALSE
"1091","E4",34,118,1.82662540108871,0,1,FALSE
"1092","E4",34,119,1.06388531037836,0,1,FALSE
"1093","E4",34,12,2.01189944750515,0,1,TRUE
"1094","E4",34,120,7.82143443662392,1,1,FALSE
"1095","E4",34,121,0.86724082311916,0,1,FALSE
"1096","E4",34,122,0.84408246434244,0,1,FALSE
"1097","E4",34,123,0.70680513171265,0,1,FALSE
"1098","E4",34,124,2.57011602705012,1,1,FALSE
"1099","E4",34,125,1.11210483236698,0,1,FALSE
"1100","E4",34,126,2.68420980207307,1,1,FALSE
"1101","E4",34,127,0.98822904835397,0,1,FALSE
"1102","E4",34,128,5.88594792525669,1,1,FALSE
"1103","E4",34,129,0.96438635134365,0,1,FALSE
"1104","E4",34,167,3.28505781876292,1,1,FALSE
"1105","E4",34,168,0.86135684009685,0,1,FALSE
"1106","E4",34,169,0.89083765669214,0,1,FALSE
"1107","E4",34,17,0.77840131465698,0,1,FALSE
"1108","E4",34,170,2.42933031328561,0,1,FALSE
"1109","E4",34,171,1.12050177703927,0,1,FALSE
"1110","E4",34,172,2.86917917472968,1,1,FALSE
"1111","E4",34,173,3.00290347814013,1,1,FALSE
"1112","E4",34,174,3.82595650259311,1,1,FALSE
"1113","E4",34,175,2.69769579742357,1,1,FALSE
"1114","E4",34,176,1.02758274927233,0,1,FALSE
"1115","E4",34,14,3.77303094661351,0,1,FALSE
"1116","E4",34,140,1.15350902050796,0,1,FALSE
"1117","E4",34,141,1.4297604106363,0,1,FALSE
"1118","E4",34,142,0.84711708693299,0,1,FALSE
"1119","E4",34,143,2.0276253447249,0,1,FALSE
"1120","E4",34,144,4.22315858383456,1,1,FALSE
"1121","E4",34,145,3.97984262767205,0,1,FALSE
"1122","E4",34,146,1.12714963393875,0,1,FALSE
"1123","E4",34,147,0.85672187156607,0,1,FALSE
"1124","E4",34,148,0.93260045992672,0,1,FALSE
"1125","E4",34,149,1.92208659289574,1,1,FALSE
"1126","E4",34,15,3.76932263619518,1,1,FALSE
"1127","E4",34,150,0.97657599522923,0,1,FALSE
"1128","E4",34,151,1.56433776432924,1,1,FALSE
"1129","E4",34,152,1.25071975586147,0,1,FALSE
"1130","E4",34,153,0.89201869137214,0,1,FALSE
"1131","E4",34,154,0.9115896768958,0,1,FALSE
"1132","E4",34,155,0.79743191089392,0,1,FALSE
"1133","E4",34,156,0.92779134315298,0,1,TRUE
"1134","E4",34,157,1.59029906454792,1,1,TRUE
"1135","E4",34,57,0.84336286285766,0,1,TRUE
"1136","E4",34,58,8.68846296005226,1,1,FALSE
"1137","E4",34,160,0.57901739972644,0,1,TRUE
"1138","E4",34,161,0.95772555094177,0,1,TRUE
"1139","E4",34,162,0.7860457511262,0,1,TRUE
"1140","E4",34,163,0.76267514080071,0,1,TRUE
"1141","E4",34,164,1.03973647632557,0,1,TRUE
"1142","E4",34,165,3.23914922376522,1,1,TRUE
"1143","E4",34,166,14.0438168779258,1,1,FALSE
"1144","E4",34,275,1.23285781784296,1,1,TRUE
"1145","E4",34,276,1.64688749527386,1,1,FALSE
"1146","E4",34,277,1.64150496020903,0,1,TRUE
"1147","E4",34,278,2.31433108872528,0,1,TRUE
"1148","E4",34,279,3.31846190267707,1,1,TRUE
"1149","E4",34,28,4.48679451843906,1,1,FALSE
"1150","E4",34,280,2.5185914260965,0,1,TRUE
"1151","E4",34,281,0.54781822398536,0,1,TRUE
"1152","E4",34,282,0.37313396355355,0,1,TRUE
"1153","E4",34,283,2.30327593912814,1,1,FALSE
"1154","E4",34,284,0.24743378162384,0,1,TRUE
"1155","E4",34,177,1.02518218307299,0,1,TRUE
"1156","E4",34,178,0.87796116387867,0,1,FALSE
"1157","E4",34,179,0.78609049462778,0,1,FALSE
"1158","E4",34,18,0.81261095239104,0,1,FALSE
"1159","E4",34,180,0.8534179151128,0,1,FALSE
"1160","E4",34,181,0.63877105662917,0,1,FALSE
"1161","E4",34,182,1.88580025905956,0,1,FALSE
"1162","E4",34,183,1.03487434881713,0,1,FALSE
"1163","E4",34,184,0.75201176723234,0,1,FALSE
"1164","E4",34,185,0.65921442304039,0,1,FALSE
"1165","E4",34,186,0.96025775965842,1,1,FALSE
"1166","E4",34,187,0.78222911543314,0,1,FALSE
"1167","E4",34,188,0.66096322055251,0,1,FALSE
"1168","E4",34,189,0.79236033095808,0,1,FALSE
"1169","E4",34,19,5.19067636722756,1,1,FALSE
"1170","E4",34,190,0.88523370644485,0,1,FALSE
"1171","E4",34,30,3.24189384317064,1,1,FALSE
"1172","E4",34,300,0.25048851966858,0,1,FALSE
"1173","E4",34,301,0.25048851966858,0,1,FALSE
"1174","E4",34,302,0.25048851966858,0,1,FALSE
"1175","E4",34,303,0.24132430553436,0,1,FALSE
"1176","E4",34,196,0.82633065854915,0,1,FALSE
"1177","E4",34,197,0.72051309264202,0,1,FALSE
"1178","E4",34,198,3.94098148682149,1,1,FALSE
"1179","E4",34,307,0.24441629648209,0,1,FALSE
"1180","E4",34,308,0.25048851966858,0,1,FALSE
"1181","E4",34,309,0.25048851966858,0,1,FALSE
"1182","E4",34,273,1.07554660063707,0,1,FALSE
"1183","E4",34,274,0.79848799567559,0,1,FALSE
"1184","E4",34,287,0.25048851966858,0,1,TRUE
"1185","E4",34,324,0.25048851966858,0,1,FALSE
"1186","E4",34,325,0.24743378162384,0,1,FALSE
"1187","E4",34,326,0.25048851966858,0,1,FALSE
"1188","E4",34,327,0.25048851966858,0,1,FALSE
"1189","E4",34,328,0.25048851966858,0,1,FALSE
"1190","E4",34,329,0.24743378162384,0,1,FALSE
"1191","E4",34,33,3.88299379927403,1,1,TRUE
"1192","E4",34,330,0.25048851966858,0,1,FALSE
"1193","E4",34,331,0.25048851966858,0,1,FALSE
"1194","E4",34,332,0.2596527338028,0,1,FALSE
"1195","E4",34,285,0.25048851966858,0,1,TRUE
"1196","E4",34,286,0.24743378162384,0,1,TRUE
"1197","E4",34,335,0.24743378162384,0,1,FALSE
"1198","E4",34,336,0.25048851966858,0,1,FALSE
"1199","E4",34,337,0.25048851966858,0,1,FALSE
"1200","E4",34,338,0.25048851966858,0,1,FALSE
"1201","E4",34,339,0.25048851966858,0,1,FALSE
"1202","E4",34,34,0.78706400552615,0,1,TRUE
"1203","E4",34,340,0.23826956748962,0,1,FALSE
"1204","E4",34,341,0.25048851966858,0,1,FALSE
"1205","E4",34,342,0.25048851966858,0,1,FALSE
"1206","E4",34,270,6.24999461854452,1,1,TRUE
"1207","E4",34,271,0.49348834998584,0,1,TRUE
"1208","E4",34,333,0.25048851966858,0,1,FALSE
"1209","E4",34,334,0.25048851966858,0,1,TRUE
"1210","E4",34,298,0.25048851966858,0,1,FALSE
"1211","E4",34,299,0.25048851966858,0,1,FALSE
"1212","E4",34,288,0.25048851966858,0,1,TRUE
"1213","E4",34,289,0.25048851966858,0,1,FALSE
"1214","E4",34,29,2.73914606031162,1,1,FALSE
"1215","E4",34,290,0.24743378162384,0,1,FALSE
"1216","E4",34,291,0.25048851966858,0,1,FALSE
"1217","E4",34,292,0.25048851966858,0,1,FALSE
"1218","E4",34,293,0.25048851966858,0,1,TRUE
"1219","E4",34,294,0.24743378162384,0,1,FALSE
"1220","E4",34,295,0.24743378162384,0,1,FALSE
"1221","E4",34,272,1.91905698193833,0,1,FALSE
"1222","E4",34,297,0.25048851966858,0,1,FALSE
"1223","E4",34,158,4.87156367292602,1,1,TRUE
"1224","E4",34,27,1.10793836454576,0,1,FALSE
"1225","E4",34,3,0.84167827598945,0,1,TRUE
"1226","E4",34,296,0.24743378162384,0,1,FALSE
"1227","E4",34,16,4.75717072594718,1,1,FALSE
"1228","E4",34,159,3.82026687666323,1,1,TRUE
"1229","E4",34,306,0.25048851966858,0,1,FALSE
"1230","E4",34,305,0.25048851966858,0,1,FALSE
"1231","E4",34,304,0.25048851966858,0,1,FALSE
"1232","E4",35,357,0.25048851966858,0,1,TRUE
"1233","E4",39,361,0.25048851966858,0,1,FALSE
"1234","E4",39,363,0.25048851966858,1,1,FALSE
"1235","E4",39,360,1.45631335430124,0,1,TRUE
"1236","E4",39,365,0.24743378162384,0,1,FALSE
"1237","E4",39,366,0.25048851966858,1,1,TRUE
"1238","E4",39,367,0.25048851966858,0,1,TRUE
"1239","E4",39,364,0.25048851966858,0,1,TRUE
"1240","E4",39,358,1.43245207584659,0,1,TRUE
"1241","E4",39,359,1.93029090600122,1,1,TRUE
"1242","E4",39,362,0.25048851966858,0,1,FALSE
"1243","E4",40,368,2.8540207127239,0,1,FALSE
"1244","E4",40,369,0.2504885196686,0,1,FALSE
"1245","E4",41,370,4.1216891204306,1,1,TRUE
"1246","E6",35,97,0.25048851966858,0,1,TRUE
"1247","E6",35,98,0.25048851966858,0,1,TRUE
"1248","E6",37,99,0.250488519668579,0,1,FALSE
"1249","E6",41,100,1.19167018289299,0,1,TRUE
"1250","E6",41,101,0.24743378162384,0,1,FALSE
"1251","F1",36,12,0.24743378162384,0,1,FALSE
"1252","F1",36,11,0.250488519668579,0,1,FALSE
"1253","F1",36,7,0.250488519668579,0,1,FALSE
"1254","F1",36,13,0.250488519668579,0,1,FALSE
"1255","F1",36,5,0.24743378162384,0,1,FALSE
"1256","F1",36,6,0.24743378162384,0,1,FALSE
"1257","F1",36,10,0.250488519668579,0,1,FALSE
"1258","F1",36,8,0.250488519668579,0,1,FALSE
"1259","F1",36,9,0.250488519668579,0,1,FALSE
"1260","F1",36,14,0.24743378162384,0,1,FALSE
"1261","F1",36,15,0.24743378162384,0,1,FALSE
"1262","F1",36,4,0.908278818912311,0,1,FALSE
"1263","F1",39,16,4.934904541093,1,1,TRUE
"1264","F1",39,17,2.1606941671972,0,1,FALSE
"1265","F1",42,23,0.2504885196686,0,1,FALSE
"1266","F1",42,22,0.2474337816238,0,1,FALSE
"1267","F1",42,18,0.2504885196686,0,1,FALSE
"1268","F1",42,19,0.2504885196686,0,1,FALSE
"1269","F1",42,20,0.2504885196686,0,1,FALSE
"1270","F1",42,21,0.2504885196686,0,1,FALSE
"1271","F2",34,142,0.25048851966858,0,1,FALSE
"1272","F2",37,145,0.25048851966858,1,1,FALSE
"1273","F2",37,144,0.25048851966858,0,1,TRUE
"1274","F2",37,143,6.32954246089759,0,1,FALSE
"1275","F2",38,146,0.97262264731522,1,1,FALSE
"1276","F2",38,147,1.46995631658008,1,1,FALSE
"1277","F2",38,148,0.25048851966858,0,1,FALSE
"1278","F2",39,152,0.25048851966858,0,1,FALSE
"1279","F2",39,153,0.25048851966858,1,1,FALSE
"1280","F2",39,151,0.25048851966858,0,1,FALSE
"1281","F2",39,150,0.25048851966858,0,1,FALSE
"1282","F2",39,149,2.61950206499931,0,1,FALSE
"1283","F2",39,154,0.25048851966858,0,1,FALSE
"1284","F2",43,155,0.25048851966858,0,1,FALSE
"1285","F2",43,156,0.25048851966858,0,1,FALSE
"1286","F3",34,105,0.25048851966858,0,1,TRUE
"1287","F3",34,106,0.25048851966858,0,1,TRUE
"1288","F3",34,107,0.25048851966858,1,1,FALSE
"1289","F3",34,100,0.25048851966858,0,1,FALSE
"1290","F3",34,101,0.25048851966858,0,1,FALSE
"1291","F3",34,102,0.25048851966858,0,1,TRUE
"1292","F3",34,103,0.25048851966858,0,1,FALSE
"1293","F3",34,104,0.2596527338028,0,1,FALSE
"1294","F3",34,117,0.24743378162384,0,1,FALSE
"1295","F3",34,118,0.25048851966858,1,1,FALSE
"1296","F3",34,119,0.25048851966858,0,1,FALSE
"1297","F3",34,108,0.25048851966858,0,1,TRUE
"1298","F3",34,109,0.25048851966858,0,1,FALSE
"1299","F3",34,11,7.41332658365148,1,1,FALSE
"1300","F3",34,1,1.27025783115336,1,1,TRUE
"1301","F3",34,10,1.43839407946363,1,1,FALSE
"1302","F3",34,112,0.25048851966858,0,1,FALSE
"1303","F3",34,113,0.25048851966858,1,1,FALSE
"1304","F3",34,114,0.25048851966858,0,1,FALSE
"1305","F3",34,115,0.24743378162384,0,1,TRUE
"1306","F3",34,116,0.25015324354172,0,1,TRUE
"1307","F3",34,43,4.9853721167075,1,1,FALSE
"1308","F3",34,44,0.85466995432146,0,1,FALSE
"1309","F3",34,45,3.24952207045985,1,1,FALSE
"1310","F3",34,46,3.27589379593435,0,1,FALSE
"1311","F3",34,47,12.792019348337,1,1,FALSE
"1312","F3",34,48,7.59704852718189,1,1,FALSE
"1313","F3",34,110,0.25048851966858,0,1,FALSE
"1314","F3",34,111,0.24132430553436,0,1,TRUE
"1315","F3",34,50,3.78364367887011,1,1,TRUE
"1316","F3",34,51,2.87184661473034,1,1,FALSE
"1317","F3",34,52,1.06609462810908,0,1,FALSE
"1318","F3",34,53,0.82510550373181,0,1,FALSE
"1319","F3",34,54,2.27958785267222,0,1,FALSE
"1320","F3",34,55,5.97761574445699,1,1,FALSE
"1321","F3",34,56,5.60960327918295,1,1,FALSE
"1322","F3",34,57,5.65671881626171,0,1,FALSE
"1323","F3",34,58,0.84064011226589,0,1,FALSE
"1324","F3",34,59,6.16122189807409,1,1,FALSE
"1325","F3",34,6,0.74829759941464,0,1,TRUE
"1326","F3",34,49,8.48491048149295,1,1,TRUE
"1327","F3",34,5,1.08549406585226,0,1,TRUE
"1328","F3",34,62,2.55782331128476,1,1,FALSE
"1329","F3",34,63,3.88081452188598,1,1,TRUE
"1330","F3",34,64,3.42177068360409,1,1,FALSE
"1331","F3",34,65,3.54618892499646,1,1,TRUE
"1332","F3",34,66,1.03795327089319,0,1,TRUE
"1333","F3",34,67,3.82239008220628,1,1,FALSE
"1334","F3",34,68,6.00621562391094,1,1,TRUE
"1335","F3",34,69,3.17916794933884,0,1,FALSE
"1336","F3",34,7,5.67689970361272,1,1,TRUE
"1337","F3",34,70,21.9242356324738,1,1,TRUE
"1338","F3",34,71,5.66896500523409,1,1,FALSE
"1339","F3",34,60,1.98965026726654,0,1,FALSE
"1340","F3",34,61,3.10907968892989,1,1,FALSE
"1341","F3",34,74,4.09445899869604,1,1,FALSE
"1342","F3",34,75,4.18034515318778,0,1,FALSE
"1343","F3",34,76,2.33188667219828,1,1,FALSE
"1344","F3",34,77,12.4269780164056,1,1,TRUE
"1345","F3",34,78,3.16458697921778,0,1,TRUE
"1346","F3",34,79,7.18020927007482,1,1,FALSE
"1347","F3",34,8,1.02636857504734,0,1,FALSE
"1348","F3",34,80,1.82589148426228,0,1,FALSE
"1349","F3",34,81,1.08260280947996,0,1,FALSE
"1350","F3",34,82,0.97740320223815,0,1,FALSE
"1351","F3",34,83,12.7674775274898,1,1,FALSE
"1352","F3",34,84,3.21256678418067,1,1,TRUE
"1353","F3",34,85,0.2596527338028,0,1,TRUE
"1354","F3",34,86,0.23826956748962,0,1,FALSE
"1355","F3",34,87,0.25048851966858,0,1,FALSE
"1356","F3",34,88,0.24743378162384,0,1,FALSE
"1357","F3",34,89,0.25048851966858,0,1,FALSE
"1358","F3",34,9,1.0642455809726,1,1,FALSE
"1359","F3",34,90,0.25048851966858,0,1,FALSE
"1360","F3",34,91,0.25048851966858,1,1,FALSE
"1361","F3",34,92,0.25048851966858,0,1,FALSE
"1362","F3",34,93,0.2596527338028,0,1,FALSE
"1363","F3",34,94,0.25048851966858,0,1,FALSE
"1364","F3",34,95,0.25048851966858,0,1,FALSE
"1365","F3",34,96,0.24132430553436,0,1,FALSE
"1366","F3",34,97,0.25048851966858,1,1,FALSE
"1367","F3",34,98,0.25048851966858,0,1,TRUE
"1368","F3",34,99,0.25048851966858,0,1,TRUE
"1369","F3",34,26,2.79617681055295,0,1,FALSE
"1370","F3",34,27,3.44858735853111,0,1,FALSE
"1371","F3",34,28,4.98695176302238,0,1,TRUE
"1372","F3",34,29,3.83849291718942,1,1,FALSE
"1373","F3",34,3,1.05916585071066,1,1,FALSE
"1374","F3",34,30,1.42135772156296,0,1,FALSE
"1375","F3",34,31,22.1492601554822,1,1,FALSE
"1376","F3",34,32,6.61499707531136,1,1,FALSE
"1377","F3",34,33,1.60155882702904,0,1,FALSE
"1378","F3",34,12,4.51780808010857,1,1,FALSE
"1379","F3",34,72,4.93163410504502,0,1,TRUE
"1380","F3",34,73,1.56589484608486,1,1,FALSE
"1381","F3",34,122,0.25048851966858,1,1,FALSE
"1382","F3",34,123,0.2564862370491,0,1,TRUE
"1383","F3",34,124,0.2596527338028,0,1,TRUE
"1384","F3",34,125,0.25048851966858,0,1,FALSE
"1385","F3",34,126,0.24743378162384,0,1,TRUE
"1386","F3",34,127,0.25048851966858,0,1,TRUE
"1387","F3",34,128,0.25048851966858,0,1,TRUE
"1388","F3",34,129,0.24743378162384,0,1,TRUE
"1389","F3",34,13,5.19243498776969,1,1,FALSE
"1390","F3",34,130,0.25048851966858,0,1,TRUE
"1391","F3",34,131,0.25048851966858,0,1,TRUE
"1392","F3",34,132,0.25048851966858,0,1,TRUE
"1393","F3",34,133,0.25048851966858,0,1,TRUE
"1394","F3",34,134,0.24743378162384,0,1,TRUE
"1395","F3",34,135,0.25048851966858,1,1,TRUE
"1396","F3",34,14,7.15845161586285,1,1,FALSE
"1397","F3",34,15,1.53264461603689,0,1,FALSE
"1398","F3",34,16,2.74778586912054,1,1,FALSE
"1399","F3",34,17,1.7498893385893,0,1,FALSE
"1400","F3",34,18,34.3260220303188,1,1,FALSE
"1401","F3",34,19,1.00654488714463,0,1,FALSE
"1402","F3",34,2,0.8896428922436,0,1,TRUE
"1403","F3",34,20,0.96547077596632,0,1,FALSE
"1404","F3",34,21,12.1732320587103,1,1,FALSE
"1405","F3",34,22,3.15742445134485,1,1,FALSE
"1406","F3",34,23,0.8644257294904,0,1,TRUE
"1407","F3",34,24,9.90204519223823,1,1,TRUE
"1408","F3",34,25,2.39399892965366,0,1,FALSE
"1409","F3",34,38,1.14536898096205,1,1,TRUE
"1410","F3",34,39,0.81858179311633,0,1,TRUE
"1411","F3",34,4,1.47350006524208,1,1,TRUE
"1412","F3",34,40,1.23275541010647,0,1,FALSE
"1413","F3",34,41,3.22206606219425,0,1,FALSE
"1414","F3",34,42,7.6989065974434,1,1,FALSE
"1415","F3",34,35,0.86521321599561,1,1,TRUE
"1416","F3",34,36,5.99571005872359,1,1,TRUE
"1417","F3",34,37,4.39967477926804,1,1,FALSE
"1418","F3",34,34,0.88388941744384,0,1,FALSE
"1419","F3",34,121,0.25048851966858,1,1,FALSE
"1420","F3",34,120,0.25048851966858,0,1,FALSE
"1421","F3",35,137,0.6974340950108,0,1,FALSE
"1422","F3",35,138,0.25048851966858,0,1,FALSE
"1423","F3",35,139,0.24743378162384,0,1,FALSE
"1424","F3",35,136,2.0979957100958,0,1,FALSE
"1425","F3",38,140,1.69080049227491,1,1,FALSE
"1426","F3",39,141,0.25048851966858,1,1,TRUE
"1427","F3",41,143,6.7062906580166,1,1,TRUE
"1428","F3",41,142,1.59720182536957,0,1,FALSE
"1429","F4",39,1,0.250488519668579,0,1,FALSE
"1430","F5",33,52,2.2572339641985,1,1,TRUE
"1431","F5",33,53,2.290998513842,1,1,FALSE
"1432","F5",33,56,5.3612858538275,1,1,FALSE
"1433","F5",33,57,3.437768738085,1,1,FALSE
"1434","F5",33,54,2.5397227793283,1,1,TRUE
"1435","F5",33,55,5.8659415061009,0,1,TRUE
"1436","F5",33,60,25.3713364489061,1,1,FALSE
"1437","F5",33,61,18.7516289126234,1,1,FALSE
"1438","F5",33,62,27.6046428460805,1,1,TRUE
"1439","F5",33,63,4.9011521782337,0,1,FALSE
"1440","F5",33,64,11.814499998731,0,1,FALSE
"1441","F5",33,65,13.5273336679216,1,1,FALSE
"1442","F5",33,66,5.3669648528952,1,1,FALSE
"1443","F5",33,67,0.2504885196686,0,1,TRUE
"1444","F5",33,68,0.2504885196686,0,1,TRUE
"1445","F5",33,69,0.2564862370491,0,1,FALSE
"1446","F5",33,70,0.2504885196686,0,1,FALSE
"1447","F5",33,58,7.3565425992704,1,1,FALSE
"1448","F5",33,59,3.8225565325691,0,1,FALSE
"1449","F5",33,73,0.2504885196686,1,1,FALSE
"1450","F5",33,74,0.2504885196686,0,1,FALSE
"1451","F5",33,75,0.2504885196686,0,1,FALSE
"1452","F5",33,76,0.2504885196686,1,1,FALSE
"1453","F5",33,77,0.2504885196686,0,1,FALSE
"1454","F5",33,71,0.2504885196686,0,1,FALSE
"1455","F5",33,72,0.2474337816238,0,1,FALSE
"1456","F5",34,78,5.3178168668714,1,1,FALSE
"1457","F5",34,79,6.1147137547793,0,1,TRUE
"1458","F5",35,80,0.25048851966858,1,1,TRUE
"1459","F5",35,81,0.25048851966858,1,1,FALSE
"1460","F5",36,82,0.250488519668579,0,1,FALSE
"1461","F5",36,83,0.24743378162384,0,1,FALSE
"1462","F5",36,86,0.250488519668579,1,1,FALSE
"1463","F5",36,87,0.250488519668579,0,1,FALSE
"1464","F5",36,88,0.250488519668579,0,1,TRUE
"1465","F5",36,89,0.24743378162384,0,1,TRUE
"1466","F5",36,90,0.250488519668579,0,1,FALSE
"1467","F5",36,91,0.250488519668579,0,1,FALSE
"1468","F5",36,92,0.250488519668579,0,1,FALSE
"1469","F5",36,93,0.259652733802795,1,1,FALSE
"1470","F5",36,94,0.24743378162384,0,1,FALSE
"1471","F5",36,85,0.250488519668579,0,1,TRUE
"1472","F5",36,84,0.250488519668579,1,1,FALSE
"1473","F5",37,101,0.25048851966858,0,1,FALSE
"1474","F5",37,95,0.24743378162384,0,1,FALSE
"1475","F5",37,100,0.25048851966858,0,1,FALSE
"1476","F5",37,98,0.25048851966858,1,1,FALSE
"1477","F5",37,99,0.25048851966858,0,1,FALSE
"1478","F5",37,96,0.25048851966858,1,1,FALSE
"1479","F5",37,97,0.25048851966858,0,1,FALSE
"1480","F5",38,102,0.33154561780305,1,1,TRUE
"1481","F5",38,103,0.25048851966858,1,1,TRUE
"1482","F5",39,105,10.0619328503696,0,1,TRUE
"1483","F5",39,106,18.3188528045764,1,1,TRUE
"1484","F5",39,104,8.403665153378,0,1,TRUE
"1485","F5",39,109,0.2504885196686,0,1,FALSE
"1486","F5",39,110,0.2504885196686,0,1,FALSE
"1487","F5",39,107,0.2504885196686,0,1,TRUE
"1488","F5",39,108,0.2504885196686,0,1,FALSE
"1489","F5",39,113,0.2504885196686,0,1,FALSE
"1490","F5",39,114,0.2504885196686,0,1,FALSE
"1491","F5",39,115,0.2504885196686,0,1,FALSE
"1492","F5",39,116,0.2504885196686,0,1,FALSE
"1493","F5",39,117,0.2504885196686,0,1,FALSE
"1494","F5",39,111,0.2504885196686,0,1,FALSE
"1495","F5",39,112,0.2504885196686,0,1,FALSE
"1496","F5",40,118,4.7775611760719,0,1,FALSE
"1497","F5",40,119,2.5174307349582,1,1,FALSE
"1498","F5",40,120,0.2504885196686,0,1,FALSE
"1499","F5",42,121,12.037332539898,0,1,TRUE
"1500","F5",44,122,4.8716172087798,0,1,FALSE
"1501","F5",44,123,0.2504885196686,0,1,FALSE
"1502","F8",38,245,4.38321447350807,0,1,TRUE
"1503","F8",38,246,0.24743378162384,0,1,FALSE
"1504","F8",38,247,0.25048851966858,1,1,FALSE
"1505","F8",38,248,0.25048851966858,1,1,FALSE
"1506","F8",38,249,0.25048851966858,0,1,TRUE
"1507","F8",39,250,4.02687597542042,1,1,TRUE
"1508","F8",39,251,2.92140274670032,1,1,TRUE
"1509","F8",39,252,0.25048851966858,0,1,FALSE
"1510","F8",39,253,0.25048851966858,0,1,FALSE
"1511","F8",39,254,0.25048851966858,0,1,FALSE
"1512","F8",40,255,3.56550196995635,0,1,TRUE
"1513","F8",40,256,3.65270313915656,1,1,TRUE
"1514","F8",40,257,0.25048851966858,0,1,FALSE
"1515","F8",41,258,2.652026572848,1,1,TRUE
"1516","F8",41,259,0.2504885196686,0,1,FALSE
"1517","F8",43,260,0.2504885196686,1,1,FALSE
"1518","F8",43,261,0.2504885196686,1,1,FALSE
"1519","F8",44,262,3.1197459892353,0,1,TRUE
"1520","F8",44,263,0.2504885196686,0,1,FALSE
