"quad","year","trackID","area","x","y","allEdge","totCover","age"
"Q10",39,1,0,78.9049722925449,91.7305293357395,0,0,1
"Q10",40,1,0,79.2904422032077,92.8514192633654,0,0,2
"Q13",50,1,0,14.8483425453875,57.8389425854255,0,0,1
"Q14",30,1,0,52.1827082051577,12.183847230406,0,0,1
"Q14",32,1,0,52.8816917995587,10.9806495730354,0,0,3
"Q14",42,2,0,28.0662488076977,69.4599894712485,0,0,1
"Q14",42,3,0,31.9866238113486,69.1408894709514,0,0,1
"Q14",42,4,0,34.1291550633442,69.6423324401683,0,0,1
"Q14",56,5,0,54.1215910194635,12.2725917617386,0,0,1
"Q14",56,6,0,55.8839871148549,9.9072714470357,0,0,1
"Q14",56,7,0,59.6870511808967,7.2172995695305,0,0,1
"Q14",56,8,0,57.1825941473143,6.5679956626758,0,0,1
"Q20",42,1,0,86.9257508331978,92.965011077929,0,0,1
"Q20",45,2,0,71.7128050983466,50.4483042972924,0,0,1
"Q20",45,3,0,84.1260301099074,85.128460579591,0,0,1
"Q20",45,4,0,94.7997316823479,64.7026011855679,0,0,1
"Q20",45,5,0,89.7111125090252,92.7376827177575,0,0,1
"Q20",46,6,0,73.9875754129652,45.7178027303869,0,0,1
"Q20",46,7,0,74.3843144758347,40.3516089753892,0,0,1
"Q20",46,3,0,84.4041621414164,84.0508418285872,0,0,2
"Q20",46,8,0,80.7114691692273,81.2604199509885,0,0,1
"Q20",46,4,0,96.4874027776697,66.0964339993659,1,0,2
"Q20",46,9,0,97.6949207475443,49.8746605467583,1,0,1
"Q20",46,10,0,99.4798043429566,47.2708214818332,1,0,1
"Q20",46,11,0,98.203423873018,35.3583472519889,1,0,1
"Q20",46,12,0,98.9714566862332,38.475504286142,1,0,1
"Q20",46,13,0,68.8361004081675,3.9378198789763,0,0,1
"Q20",46,14,0,69.5936699401231,1.9302597208566,0,0,1
"Q20",46,15,0,63.2538089967185,21.1236925512318,0,0,1
"Q20",46,16,0,73.9716123614646,42.7056465706526,0,0,1
"Q20",46,5,0,91.2794064280593,91.752942276895,0,0,2
"Q20",46,17,0,76.6487599882946,35.5580589282669,0,0,1
"Q20",46,18,0,60.5906279585192,17.10806534566,0,0,1
"Q20",46,19,0,93.2374391411425,12.6161718673394,0,0,1
"Q20",46,20,0,93.256601655013,8.2726127394392,0,0,1
"Q20",47,21,0,16.1526558278521,69.4210566587123,0,0,1
"Q20",47,22,0,74.6259347885597,59.9602582124013,0,0,1
"Q20",47,23,0,70.5522738472658,28.0199238076544,0,0,1
"Q20",47,14,0,68.3821394702448,1.0058823762456,0,0,2
"Q20",47,24,0,63.9697043098853,31.339410529496,0,0,1
"Q20",47,25,0,1.9851589396577,21.1847073950387,1,0,1
"Q20",47,26,0,53.8053848477244,46.2131261201701,0,0,1
"Q20",47,3,0,84.1623209161915,81.9563911807374,0,0,3
"Q20",47,5,0,89.9490471161741,90.4284734037157,0,0,3
"Q20",47,27,0,94.4440084029638,81.1361575514981,0,0,1
"Q20",47,4,0,96.1548682406803,63.8359436336418,1,0,3
"Q20",47,6,0,70.7103276690312,48.075618639507,0,0,2
"Q20",47,16,0,71.6397936368501,42.4034358830067,0,0,2
"Q20",47,7,0,72.4558718148263,39.3971984449881,0,0,2
"Q20",47,17,0,73.9114078666691,34.2790988779263,0,0,2
"Q20",47,9,0,98.8591758719593,48.8994723187388,1,0,2
"Q20",47,28,0,92.6202694611889,56.1641644703956,0,0,1
"Q20",47,29,0,75.4563744138181,23.5712032153984,0,0,1
"Q20",47,30,0,3.964263170459,24.7435135255724,1,0,1
"Q20",47,19,0,93.0315964476813,12.7320203191387,0,0,2
"Q20",47,31,0,90.9792053900802,9.6511404767411,0,0,1
"Q20",47,20,0,91.7640455771931,7.7626964489195,0,0,2
"Q20",49,32,0,2.8577269092203,70.345255097073,1,0,1
"Q20",49,33,0,9.1051487900387,63.2595207154739,0,0,1
"Q20",49,34,0,9.0141191024539,62.0072886830576,0,0,1
"Q20",49,35,0,7.2659862883259,61.0894644634528,0,0,1
"Q20",49,21,0,17.6059542667057,70.0773840030736,0,0,3
"Q20",49,36,0,19.3268237995583,69.5537988463358,0,0,1
"Q20",49,37,0,40.6544105381712,54.2751925821066,0,0,1
"Q20",49,38,0,64.9360261857853,77.2651011972676,0,0,1
"Q20",49,6,0,68.4411699390497,48.9077253896077,0,0,4
"Q20",49,39,0,71.1133761915383,94.2716644943562,0,0,1
"Q20",49,40,0,71.4746254106248,59.8654207123128,0,0,1
"Q20",49,22,0,73.6642402564141,58.4296918047257,0,0,3
"Q20",49,41,0,72.1785894737804,57.8211832104091,0,0,1
"Q20",49,42,0,71.1196207227942,51.0106503915662,0,0,1
"Q20",49,3,0,84.0467262035834,83.6956832345066,0,0,5
"Q20",49,43,0,81.6881121388868,80.9265105756775,0,0,1
"Q20",49,44,0,87.5758269881202,94.684816057241,0,0,1
"Q20",49,45,0,88.1150176136225,59.5574722745261,0,0,1
"Q20",49,46,0,92.4907949614476,82.4855230771296,0,0,1
"Q20",49,28,0,90.4978285533415,58.9330207114446,0,0,3
"Q20",49,47,0,96.0929660585523,82.5190457334107,1,0,1
"Q20",49,9,0,97.8517504351903,48.9683121084142,1,0,4
"Q20",49,48,0,98.6773551234593,45.9750878868765,1,0,1
"Q20",49,19,0,93.2981551184496,12.9782878561458,0,0,4
"Q20",49,49,0,89.7354402713815,24.5370019294108,0,0,1
"Q20",49,50,0,83.5660394843859,23.6653675535989,0,0,1
"Q20",49,51,0,84.9119597981393,22.7166980214654,0,0,1
"Q20",49,52,0,81.1150285446032,19.729120674933,0,0,1
"Q20",49,17,0,74.5969254135328,36.181948815256,0,0,4
"Q20",49,53,0,76.9402543219651,33.3143831875852,0,0,1
"Q20",49,29,0,75.969528539811,23.3901769283427,0,0,3
"Q20",49,54,0,46.9845550753166,1.1046878450877,0,0,1
"Q20",49,55,0,33.6060644378569,11.3459097296256,0,0,1
"Q20",49,56,0,29.2156933400181,6.8486730066872,0,0,1
"Q20",49,57,0,13.4864073878691,39.667297256002,0,0,1
"Q20",49,58,0,34.6366986053035,50.6979541209198,0,0,1
"Q20",49,26,0,55.4636628934652,50.760246065098,0,0,3
"Q20",49,5,0,91.4442816995304,90.1469452421666,0,0,5
"Q20",49,27,0,93.7288006564325,80.7509650321926,0,0,3
"Q20",49,59,0,79.8022280730537,81.0863483458298,0,0,1
"Q20",49,60,0,94.9786693369792,52.1413165683691,0,0,1
"Q20",49,61,0,2.4091036896901,11.8450896429757,1,0,1
"Q20",49,31,0,91.8139049568929,9.8608398625334,0,0,3
"Q20",49,62,0,78.5198843094986,18.244277652628,0,0,1
"Q20",49,63,0,74.0395878325035,22.5580982882092,0,0,1
"Q20",49,64,0,73.2237993349382,25.5380814484307,0,0,1
"Q20",49,65,0,73.1467474495192,24.9147740011595,0,0,1
"Q20",49,23,0,70.9499923946026,29.7633763985831,0,0,3
"Q20",49,7,0,72.7951840884878,39.6528383179345,0,0,4
"Q20",49,24,0,65.6172114040672,33.5586442586257,0,0,3
"Q20",49,66,0,30.5527697379836,9.0393170844746,0,0,1
"Q20",49,67,0,25.2350507528357,7.2862063123896,0,0,1
"Q20",49,68,0,34.5941828983723,1.7422867536418,0,0,1
"Q20",49,30,0,5.3640605867262,24.6607782764934,0,0,3
"Q20",50,37,0,39.3088566306681,54.1477699257379,0,0,2
"Q20",50,58,0,34.4054503761014,50.7829582038542,0,0,2
"Q20",50,69,0,42.9342292902946,54.2214347695565,0,0,1
"Q20",50,40,0,72.7267621305409,59.5867964933034,0,0,2
"Q20",50,3,0,84.1612441724402,83.6512527657152,0,0,6
"Q20",50,43,0,80.8175652630761,81.1036199508425,0,0,2
"Q20",50,5,0,89.4542605836196,90.5971762096841,0,0,6
"Q20",50,70,0,93.540305899925,75.7770636958818,0,0,1
"Q20",50,9,0,98.4775605920233,50.3017199221559,1,0,5
"Q20",50,48,0,97.5297051223905,47.0749503879008,1,0,2
"Q20",50,31,0,92.346355117563,10.7479612915687,0,0,4
"Q20",50,71,0,80.8333558880908,21.9852308332842,0,0,1
"Q20",50,62,0,79.763116824594,17.9260683295039,0,0,2
"Q20",50,72,0,74.2252316631865,37.9299269418838,0,0,1
"Q20",50,17,0,74.3452613507983,36.6262894406698,0,0,5
"Q20",50,73,0,73.1577090059424,27.0195300567228,0,0,1
"Q20",50,74,0,64.8823175919852,36.395773034205,0,0,1
"Q20",50,24,0,64.3881027477749,33.3965870939118,0,0,4
"Q20",50,75,0,47.104136325428,11.960558948948,0,0,1
"Q20",50,76,0,36.8642550658914,13.2359370751359,0,0,1
"Q20",50,68,0,35.7087519398152,2.3778190962734,0,0,2
"Q20",50,30,0,5.0262261299899,25.0602698986481,0,0,4
"Q20",50,77,0,4.2530026917698,6.9406972255229,1,0,1
"Q20",50,39,0,69.7071593284761,95.6955838195673,0,0,2
"Q20",50,38,0,64.8989221442662,78.0221405690499,0,0,2
"Q20",50,27,0,93.0909525562472,81.5031413032161,0,0,4
"Q20",50,7,0,72.8948579381888,40.3768249290135,0,0,5
"Q20",50,53,0,76.7911796779519,33.7513204756498,0,0,2
"Q20",50,23,0,69.7308805942181,30.4654060383676,0,0,4
"Q20",50,26,0,53.7885657249047,48.5175833881894,0,0,4
"Q20",50,32,0,2.3849833099748,68.2389880110155,1,0,2
"Q20",50,19,0,93.5738049853015,13.7605295037843,0,0,5
"Q20",50,50,0,82.1666534233527,25.1213525894655,0,0,2
"Q20",50,65,0,74.0607483329464,24.8589766366709,0,0,2
"Q20",50,78,0,62.4159064319444,22.1098649315894,0,0,1
"Q20",50,66,0,31.5363908504095,9.5387800164186,0,0,2
"Q20",50,61,0,0.5264264453001,11.230668161596,1,0,2
"Q20",50,54,0,48.2501103475169,2.463846022108,0,0,2
"Q20",51,33,0,10.1775394160375,62.6540894649101,0,0,3
"Q20",51,58,0,33.7624566255026,49.681139452828,0,0,3
"Q20",51,79,0,64.8684238419723,79.2506699491168,0,0,1
"Q20",51,38,0,64.0989941537558,77.4398722911804,0,0,3
"Q20",51,80,0,75.4025957267831,58.0831308669031,0,0,1
"Q20",51,17,0,77.3291488535773,36.5302745968303,0,0,6
"Q20",51,3,0,85.3618871423083,83.743438703301,0,0,7
"Q20",51,5,0,90.6328949597174,92.1953027736724,0,0,7
"Q20",51,70,0,94.332498869413,74.976221507636,0,0,2
"Q20",51,81,0,94.1474434004905,71.3747699417818,0,0,1
"Q20",51,31,0,94.2410988693278,10.0135855096347,0,0,5
"Q20",51,82,0,94.4157019944904,8.8926886335909,0,0,1
"Q20",51,49,0,90.4778512095729,24.0135277101731,0,0,3
"Q20",51,83,0,76.1361183837162,21.7650238018291,0,0,1
"Q20",51,62,0,79.8574277621818,18.8201831740865,0,0,3
"Q20",51,84,0,82.8165808899379,17.7233019230649,0,0,1
"Q20",51,85,0,80.795939481806,16.6876198908505,0,0,1
"Q20",51,65,0,73.9878402567155,24.5431964606666,0,0,3
"Q20",51,74,0,65.5417464988493,35.1131519392605,0,0,2
"Q20",51,78,0,64.4196386853044,20.2035972378749,0,0,2
"Q20",51,75,0,49.6383378902881,12.5744026995197,0,0,2
"Q20",51,66,0,32.5450738118689,9.2994316027196,0,0,3
"Q20",51,68,0,35.5596761584263,0.4813206570072,0,0,3
"Q20",51,86,0,5.7781784744402,8.900350352348,0,0,1
"Q20",51,61,0,1.0534253450399,9.7796917594169,1,0,3
"Q20",51,40,0,74.1799403378093,60.0872010880302,0,0,3
"Q20",51,87,0,72.439754157806,69.3411554904617,0,0,1
"Q20",51,26,0,54.7857283699376,47.0057328792989,0,0,5
"Q20",51,37,0,40.5795333039405,52.447555255952,0,0,3
"Q20",51,32,0,3.9478633261984,67.6202808592561,1,0,3
"Q20",51,53,0,77.5585889260175,34.829850491856,0,0,3
"Q20",51,23,0,70.3545798079372,30.3762685994291,0,0,5
"Q20",51,24,0,66.2674822676879,32.8805500370273,0,0,5
"Q20",51,48,0,98.978680168406,46.2152216097932,1,0,3
"Q20",51,88,0,69.6054887226099,2.2984853618498,0,0,1
"Q20",51,19,0,96.1573849122138,13.4623207644508,1,0,6
"Q20",51,76,0,37.1366966002392,11.2971741807693,0,0,2
"Q20",51,77,0,5.2584016435791,6.6024772949559,0,0,2
"Q20",52,89,0,0.6275659696433,67.7133316571218,1,0,1
"Q20",52,32,0,1.5714355017724,66.5513027497895,1,0,4
"Q20",52,90,0,10.5986605101797,48.8049878895121,0,0,1
"Q20",52,91,0,14.7423448890387,42.4853324148764,0,0,1
"Q20",52,37,0,38.9350386615699,52.7249292994127,0,0,4
"Q20",52,92,0,50.5746785161603,88.8102762080199,0,0,1
"Q20",52,93,0,71.7887535359174,60.5250871191772,0,0,1
"Q20",52,40,0,72.6513363492207,58.2083207107696,0,0,4
"Q20",52,3,0,84.8419676105741,83.5423004218637,0,0,8
"Q20",52,27,0,92.223819961199,80.279526981325,0,0,6
"Q20",52,70,0,92.7830598054698,73.9158832253984,0,0,3
"Q20",52,94,0,95.2668949640331,51.1319488291792,1,0,1
"Q20",52,48,0,97.0648480907076,47.1356035129573,1,0,4
"Q20",52,49,0,89.925005896558,23.1163253655876,0,0,4
"Q20",52,50,0,83.4125363592428,23.1636089593816,0,0,4
"Q20",52,95,0,74.2499301007094,9.1800948838585,0,0,1
"Q20",52,96,0,76.5909801028898,7.2686659758284,0,0,1
"Q20",52,74,0,66.075998061847,35.7897597523906,0,0,3
"Q20",52,24,0,66.2728574370303,31.8287120924517,0,0,6
"Q20",52,97,0,52.7959863307289,23.9091034913259,0,0,1
"Q20",52,54,0,47.6394730446766,2.6423698777697,0,0,4
"Q20",52,98,0,45.3834472613255,10.759042541579,0,0,1
"Q20",52,77,0,4.6271745671183,6.4078628500266,1,0,3
"Q20",52,38,0,64.282332915848,77.2551666671913,0,0,4
"Q20",52,39,0,70.3414789932458,95.0692228702744,0,0,4
"Q20",52,5,0,89.5640528300786,91.2378387040655,0,0,8
"Q20",52,53,0,77.3944858216266,35.2908292449619,0,0,4
"Q20",52,23,0,70.1062683329016,29.3503075718247,0,0,6
"Q20",52,65,0,74.0626973877694,24.1976490130711,0,0,4
"Q20",52,78,0,63.1547972333178,20.4971009923482,0,0,3
"Q20",52,62,0,78.4577722284565,19.0502235448803,0,0,4
"Q20",52,85,0,79.184628574538,17.2365996935061,0,0,2
"Q20",52,26,0,54.5889984853958,46.3877712827232,0,0,6
"Q20",52,33,0,9.5827328778289,62.2944296610408,0,0,4
"Q20",52,99,0,15.074590112092,23.44390052744,0,0,1
"Q20",52,82,0,92.8677002028413,8.7103832612994,0,0,2
"Q20",52,19,0,94.8840307563348,14.1595608151201,0,0,7
"Q20",52,88,0,67.1044918654806,2.4108016173967,0,0,2
"Q20",52,75,0,48.5557189807666,12.4336333039057,0,0,3
"Q20",52,76,0,36.1143158867484,9.2083615525447,0,0,3
"Q20",52,68,0,34.498814591113,1.5104861357423,0,0,4
"Q20",52,100,0,28.1148345303928,10.5690941588112,0,0,1
"Q20",52,86,0,4.8791092569865,9.8250282137389,1,0,2
"Q20",54,32,0,1.3821433140961,66.7453519687203,1,0,6
"Q20",54,101,0,5.3134847240075,61.9476136830021,0,0,1
"Q20",54,33,0,7.7580378512841,61.5381964951207,0,0,6
"Q20",54,102,0,18.6260128614056,98.3031012168607,0,0,1
"Q20",54,92,0,47.8502152323729,84.6765355791701,0,0,3
"Q20",54,38,0,63.0527277465313,77.861514479073,0,0,6
"Q20",54,103,0,80.2980457313422,87.0854207376635,0,0,1
"Q20",54,94,0,93.965522306571,50.7960175788663,0,0,3
"Q20",54,48,0,97.5758332474334,47.8504589823731,1,0,6
"Q20",54,104,0,91.5811394918504,27.0492058380005,0,0,1
"Q20",54,105,0,93.4666168373565,17.7970777043837,0,0,1
"Q20",54,19,0,92.5876285552879,15.2057191082203,0,0,9
"Q20",54,49,0,88.1080098011158,24.9389425547851,0,0,6
"Q20",54,82,0,91.2606355853019,9.5566542592092,0,0,4
"Q20",54,106,0,91.1822223039789,7.5750925386137,0,0,1
"Q20",54,53,0,78.6273332297863,32.805155843361,0,0,6
"Q20",54,107,0,73.2725074435492,34.0896550633073,0,0,1
"Q20",54,108,0,71.1636972853353,25.8761261494079,0,0,1
"Q20",54,109,0,72.7615410368233,24.9394316172855,0,0,1
"Q20",54,65,0,74.6181793198025,23.9125894288292,0,0,6
"Q20",54,95,0,74.975196507635,8.6671222271308,0,0,3
"Q20",54,23,0,68.7984550956323,27.8264808387243,0,0,8
"Q20",54,74,0,63.1367636841095,35.8412285024387,0,0,5
"Q20",54,24,0,62.9861636839693,32.1044238114584,0,0,8
"Q20",54,88,0,65.7527082177958,4.5294230045272,0,0,4
"Q20",54,78,0,59.4022785243815,21.3213050514159,0,0,5
"Q20",54,75,0,48.6189902330888,10.7635448853332,0,0,5
"Q20",54,98,0,44.7500183544856,10.6365050414649,0,0,3
"Q20",54,110,0,43.0416121028945,11.9918675427271,0,0,1
"Q20",54,111,0,36.5559503781042,11.8754558238687,0,0,1
"Q20",54,76,0,36.0515956901346,9.4951573841519,0,0,5
"Q20",54,112,0,32.3320277179204,7.3576800384112,0,0,1
"Q20",54,113,0,22.145049583433,6.483376912597,0,0,1
"Q20",54,114,0,23.1108425530825,4.9982128487138,0,0,1
"Q20",54,115,0,15.1706230144376,24.5236988043984,0,0,1
"Q20",54,99,0,14.5477456701076,22.5386152087997,0,0,3
"Q20",54,116,0,9.8630605094946,2.7443065966147,0,0,1
"Q20",54,86,0,3.1532409719955,10.7410394165623,1,0,4
"Q20",54,77,0,3.5583847223728,8.1969003516928,1,0,5
"Q20",54,90,0,12.4401820243506,49.2414276993037,0,0,3
"Q20",55,32,0,3.4590878472804,65.8640300928995,1,0,7
"Q20",55,33,0,7.9029667576691,62.8297285275736,0,0,7
"Q20",55,117,0,10.0841151972005,62.6873714961911,0,0,1
"Q20",55,92,0,46.7703855438672,86.1910793305806,0,0,4
"Q20",55,118,0,50.482099609824,91.059976210115,0,0,1
"Q20",55,119,0,53.9048199255116,47.9120160136804,0,0,1
"Q20",55,103,0,80.7975472943075,86.9739465188096,0,0,2
"Q20",55,120,0,81.5718262012786,39.1268472554986,0,0,1
"Q20",55,53,0,80.5440418253213,35.616144908479,0,0,7
"Q20",55,121,0,86.6579371435154,96.5103441839411,0,0,1
"Q20",55,122,0,93.5555457436892,75.2807980704195,0,0,1
"Q20",55,123,0,94.3698449631976,51.7384121109941,0,0,1
"Q20",55,94,0,93.9314051190393,49.8189441404564,0,0,4
"Q20",55,105,0,94.5429605883588,15.3656183271193,0,0,2
"Q20",55,19,0,92.8845152743143,15.0707237955946,0,0,10
"Q20",55,104,0,91.1860254289825,27.0039816192083,0,0,2
"Q20",55,49,0,87.8810926134045,24.940974586037,0,0,7
"Q20",55,106,0,91.1495519914484,7.7615769137874,0,0,2
"Q20",55,124,0,90.7774285536019,6.4928097251058,0,0,1
"Q20",55,107,0,73.6041574438581,34.3184441260203,0,0,2
"Q20",55,108,0,73.1565168184411,28.966453496036,0,0,2
"Q20",55,125,0,76.6019972904,25.1772902112571,0,0,1
"Q20",55,74,0,64.6916027480576,35.8607581899569,0,0,6
"Q20",55,78,0,62.1487347769395,21.4078659889965,0,0,6
"Q20",55,88,0,65.3150980611383,3.6430253474517,0,0,5
"Q20",55,126,0,65.8122207178512,2.0044956584257,0,0,1
"Q20",55,127,0,55.7130933646957,9.5083995716642,0,0,1
"Q20",55,98,0,44.9104027296349,10.601181603932,0,0,4
"Q20",55,112,0,33.5187792815257,8.3455042580812,0,0,2
"Q20",55,128,0,22.8467183340865,14.5200628575817,0,0,1
"Q20",55,113,0,21.1628698950183,6.1534651935397,0,0,2
"Q20",55,129,0,12.9122901998344,7.866416757635,0,0,1
"Q20",55,102,0,19.363724942505,99.7462078182218,0,0,2
"Q20",55,65,0,74.6045820477853,24.4432904134372,0,0,7
"Q20",55,95,0,75.1076225817737,7.1800638542535,0,0,4
"Q20",55,130,0,68.0828298158744,1.4645601267167,0,0,1
"Q20",55,75,0,49.2771238796026,9.6435994228834,0,0,6
"Q20",55,111,0,37.1733599522312,10.9318209063832,0,0,2
"Q20",56,32,0,1.9928409709149,66.4668371247109,1,0,8
"Q20",56,131,0,0.4622167507393,53.9978503943483,1,0,1
"Q20",56,132,0,16.0042308277141,45.5043902301882,0,0,1
"Q20",56,119,0,54.0713925819168,46.4567269498251,0,0,2
"Q20",56,38,0,65.3049964986288,78.7786824486772,0,0,8
"Q20",56,133,0,77.4414097911818,88.7168855829329,0,0,1
"Q20",56,103,0,84.1238910474053,87.9329074572028,0,0,3
"Q20",56,121,0,88.4451949576799,96.801263715462,0,0,2
"Q20",56,134,0,86.4758254245957,87.2609254253269,0,0,1
"Q20",56,120,0,84.1498902661795,39.8031605373785,0,0,2
"Q20",56,135,0,90.6943746472746,92.7861058992227,0,0,1
"Q20",56,105,0,96.1349785585916,12.1300214491058,1,0,3
"Q20",56,106,0,92.7849832429716,8.6764441021394,0,0,3
"Q20",56,125,0,78.0760590105229,24.3186761479573,0,0,2
"Q20",56,136,0,77.9863972916893,9.3741136340392,0,0,1
"Q20",56,95,0,72.9149222869661,5.5306269117096,0,0,5
"Q20",56,127,0,54.7433746137926,11.5136987922818,0,0,2
"Q20",56,137,0,57.2495722723766,0.6397276884047,0,0,1
"Q20",56,138,0,52.180659767656,22.4228503649418,0,0,1
"Q20",56,111,0,36.0025620963389,10.6550558227322,0,0,3
"Q20",56,139,0,34.8452605327611,0.5006714382752,0,0,1
"Q20",56,140,0,32.2333995928285,33.6788831879248,0,0,1
"Q20",56,128,0,23.4519089596502,14.1228597322118,0,0,2
"Q20",56,77,0,6.9207042567543,9.5350870716891,0,0,7
"Q20",73,141,0,21.5730394266504,74.3522386945547,0,0,1
"Q20",73,142,0,22.9876855217179,70.2204738469567,0,0,1
"Q20",73,143,0,25.0893152111751,69.1616730647207,0,0,1
"Q20",73,144,0,21.6120347391866,64.0990449350057,0,0,1
"Q20",73,145,0,25.3929347427079,64.5711972791955,0,0,1
"Q20",73,146,0,27.051001150502,63.4962527469443,0,0,1
"Q20",73,147,0,20.3412152067531,62.2267433707621,0,0,1
"Q20",73,148,0,23.7527097411802,61.3143113386623,0,0,1
"Q20",73,149,0,22.6742136464259,60.5640832129636,0,0,1
"Q20",73,150,0,39.0482292866754,63.1719550903923,0,0,1
"Q20",73,151,0,46.1415597620316,93.0249769931952,0,0,1
"Q20",73,152,0,49.1780933586095,86.3698488619971,0,0,1
"Q20",73,153,0,39.4147792870167,83.5177808905908,0,0,1
"Q20",73,154,0,59.0043152427609,96.9719730906211,0,0,1
"Q20",73,155,0,89.3791324585497,76.818823853102,0,0,1
"Q20",73,156,0,98.4864113732814,72.7699660368311,1,0,1
"Q20",73,157,0,96.2774496524742,70.5612215035241,1,0,1
"Q20",73,158,0,62.8701011838612,52.3415339865557,0,0,1
"Q20",73,159,0,95.3946059016521,26.5933988063259,1,0,1
"Q20",73,160,0,94.3975551194735,23.405630834607,0,0,1
"Q20",73,161,0,89.867116052754,18.0422441108621,0,0,1
"Q20",73,162,0,95.8349566833122,15.8859394213539,1,0,1
"Q20",73,163,0,97.6211746537257,12.6438128558344,1,0,1
"Q20",73,164,0,60.9040207132801,9.8092573844444,0,0,1
"Q20",73,165,0,47.8843993485032,78.5464714464615,0,0,1
"Q20",73,166,0,55.8694047071958,61.282687615092,0,0,1
"Q20",73,167,0,28.1837027105281,67.9836204078481,0,0,1
"Q20",73,168,0,97.8982504365277,70.1976787681037,1,0,1
"Q20",73,169,0,86.5755744600547,48.9124821960697,0,0,1
"Q20",73,170,0,83.9761359284196,21.1491056887073,0,0,1
"Q20",73,171,0,53.8386819948955,41.3366610492525,0,0,1
"Q20",73,172,0,9.1071673797604,47.035453854617,0,0,1
"Q20",73,173,0,24.8739208418137,37.5270913490651,0,0,1
"Q20",73,174,0,32.3911198828113,25.3037281815175,0,0,1
"Q20",73,175,0,76.0041653589507,7.8881419360941,0,0,1
"Q21",31,1,0,4.3359690980971,95.01656137005,1,0,1
"Q21",31,2,0,10.7202453999063,96.476072378823,0,0,1
"Q21",45,3,0,86.365546518243,39.9744316312879,0,0,1
"Q21",45,4,0,74.3796558820804,29.5521238090815,0,0,1
"Q21",45,5,0,64.6602925917784,51.9526871111936,0,0,1
"Q21",45,6,0,61.2656519636169,53.1784074248351,0,0,1
"Q21",45,7,0,55.1941652392125,55.5288300832742,0,0,1
"Q21",45,8,0,19.2885855182728,59.724870712182,0,0,1
"Q21",45,9,0,54.787879301334,92.0954574610794,0,0,1
"Q21",46,10,0,6.0296167559244,58.5225824298123,0,0,1
"Q21",46,11,0,27.0676925567677,51.7092082047168,0,0,1
"Q21",46,12,0,66.5944996248299,54.5525011761149,0,0,1
"Q21",46,4,0,73.8908414664952,31.1053211503562,0,0,2
"Q21",46,3,0,86.4314750195628,41.1135028647592,0,0,2
"Q21",46,8,0,18.9101948948256,62.1096954428391,0,0,2
"Q21",46,7,0,56.3314085430136,56.9865688100836,0,0,2
"Q21",46,6,0,62.1474496247079,52.9819448456964,0,0,2
"Q21",47,13,0,94.9056949636966,75.2499004141408,0,0,1
"Q21",47,10,0,6.4436748912525,59.1365600069727,0,0,2
"Q21",47,14,0,8.6272542987016,47.5055659529172,0,0,1
"Q21",47,8,0,17.9428158708967,61.1568001109664,0,0,3
"Q21",47,12,0,66.7764822060317,53.8814584379491,0,0,2
"Q21",47,3,0,85.6794947069921,41.8144553986612,0,0,3
"Q21",47,4,0,74.4568761732587,32.0274440526636,0,0,3
"Q21",47,7,0,55.4654636360867,56.9437824665806,0,0,3
"Q21",47,6,0,60.9789911864529,53.9946759344469,0,0,3
"Q21",47,11,0,28.7460587408417,51.3738999761554,0,0,2
"Q21",49,15,0,0.3978667506794,67.7375105633943,1,0,1
"Q21",49,16,0,6.4890331626023,62.6949902461981,0,0,1
"Q21",49,8,0,17.1845612975633,62.27819649581,0,0,5
"Q21",49,12,0,68.0554332199404,54.808264457603,0,0,4
"Q21",49,17,0,93.1553332433166,64.4337902478175,0,0,1
"Q21",49,18,0,76.2324972900559,72.071742598681,0,0,1
"Q21",49,13,0,95.5442152767913,75.7910879146448,1,0,3
"Q21",49,19,0,87.5686332381135,74.9953902576538,0,0,1
"Q21",49,10,0,6.5075858827644,60.0665086515428,0,0,4
"Q21",49,14,0,7.4711344334468,49.4420369199421,0,0,3
"Q21",49,11,0,27.5146532606153,54.1377753086377,0,0,4
"Q21",49,20,0,18.0203052598614,3.7734269838446,0,0,1
"Q21",49,3,0,86.2580962270344,42.9637930702243,0,0,5
"Q21",49,21,0,87.7844209611813,71.3657120569886,0,0,1
"Q21",49,22,0,87.9435870779573,73.7492614319254,0,0,1
"Q21",50,23,0,4.0976667541251,12.6393933245802,1,0,1
"Q21",50,12,0,67.3727738443046,53.2546089874061,0,0,5
"Q21",50,24,0,63.49145977819,48.8188214832749,0,0,1
"Q21",50,17,0,92.8081324617431,63.5575230595014,0,0,2
"Q21",50,18,0,76.3286504151455,71.2627441604275,0,0,2
"Q21",50,25,0,23.440032397139,49.2409230461681,0,0,1
"Q21",50,11,0,25.5907323991422,52.8682230495462,0,0,5
"Q21",50,8,0,20.0883363002675,60.9574230570799,0,0,6
"Q21",50,26,0,61.2123300885673,60.0038246186918,0,0,1
"Q21",50,20,0,19.3837796781942,2.3986999765217,0,0,2
"Q21",50,3,0,86.4239210644593,41.24610494349,0,0,6
"Q21",50,22,0,87.9175482891955,72.9399100043809,0,0,2
"Q21",50,27,0,90.7965349171754,62.4849824008432,0,0,1
"Q21",50,14,0,7.8491573366847,47.3417348301768,0,0,4
"Q21",51,10,0,5.3090151927533,61.0282175883959,0,0,6
"Q21",51,28,0,80.1554855749594,47.93300429495,0,0,1
"Q21",51,26,0,62.7585910275074,58.9192043051816,0,0,2
"Q21",51,18,0,74.5674340072552,69.8593316591205,0,0,3
"Q21",51,29,0,88.188555894941,69.7108090027322,0,0,1
"Q21",51,13,0,94.5295566820964,73.7052191627021,0,0,5
"Q21",51,23,0,5.1660122765146,13.9800289810528,0,0,2
"Q21",51,20,0,19.9545700084579,2.472477910815,0,0,3
"Q21",51,25,0,23.0590216478162,48.8036340107225,0,0,2
"Q21",51,30,0,35.1922993835214,36.724743627581,0,0,1
"Q21",51,24,0,63.5341053112868,48.5038541598204,0,0,2
"Q21",51,12,0,66.6200340078023,52.7707288522936,0,0,6
"Q21",51,22,0,87.3830011611177,71.4078619524404,0,0,3
"Q21",51,8,0,18.7060819851222,60.8462097081307,0,0,7
"Q21",52,8,0,22.4798027087448,58.6749621174541,0,0,8
"Q21",52,31,0,28.6609136520014,52.4229746116316,0,0,1
"Q21",52,14,0,9.2514370714249,47.2113878880278,0,0,6
"Q21",52,32,0,28.5718003706685,71.2193113478871,0,0,1
"Q21",52,33,0,7.3473526946517,15.2036519207184,0,0,1
"Q21",52,34,0,10.1855237910449,15.3720847333752,0,0,1
"Q21",52,20,0,19.4847816122055,4.6680964421563,0,0,4
"Q21",52,12,0,66.1199644681379,53.3319441437281,0,0,7
"Q21",52,35,0,33.1651636561964,15.2443323895063,0,0,1
"Q21",52,23,0,3.7051941868031,13.2759144116439,1,0,3
"Q21",52,26,0,62.3539738015809,57.6795100825312,0,0,3
"Q21",52,24,0,65.2904981041688,48.6324403474846,0,0,3
"Q21",52,18,0,74.5210219107824,70.6533163744852,0,0,4
"Q21",52,22,0,87.8152242551417,72.7734526239921,0,0,4
"Q21",52,28,0,80.8626402442709,47.5643408540298,0,0,2
"Q21",52,3,0,86.8950059330335,42.6217638875382,0,0,8
"Q21",52,30,0,35.66718144306,38.6402885358353,0,0,2
"Q21",54,3,0,85.5291941737142,40.4584910067388,0,0,10
"Q21",54,36,0,77.2798754160314,55.3712043018773,0,0,1
"Q21",54,37,0,79.133948074008,53.4522574250901,0,0,1
"Q21",54,28,0,80.5020160440322,46.2431222621261,0,0,4
"Q21",54,22,0,87.6907660507272,70.4007965033747,0,0,6
"Q21",54,38,0,91.1179793351692,62.0774550893731,0,0,1
"Q21",54,39,0,85.4642855799036,63.4194683718728,0,0,1
"Q21",54,40,0,83.4734887030495,62.362041808388,0,0,1
"Q21",54,18,0,75.219999632863,71.2331488478999,0,0,6
"Q21",54,24,0,64.2722308726671,48.382957420369,0,0,5
"Q21",54,41,0,17.4966159853539,36.7510324095359,0,0,1
"Q21",54,42,0,32.192963655291,32.5841706869052,0,0,1
"Q21",54,30,0,36.4749160030288,35.8989519399924,0,0,4
"Q21",54,43,0,19.8327753625295,64.5504722791762,0,0,1
"Q21",54,44,0,62.0842222768792,76.1696668212474,0,0,1
"Q21",54,45,0,60.6095988380059,74.3688808820703,0,0,1
"Q21",54,46,0,61.300066026149,70.1811269719202,0,0,1
"Q21",54,47,0,72.5653221264331,66.650960569339,0,0,1
"Q21",54,26,0,62.7202014279104,54.6957861956255,0,0,5
"Q21",54,48,0,68.4945232056773,41.6797890098222,0,0,1
"Q21",54,49,0,23.5367791659106,48.6626884969675,0,0,1
"Q21",55,50,0,33.7611081880014,21.3576323951997,0,0,1
"Q21",55,51,0,20.0061144251911,23.2857722407455,0,0,1
"Q21",55,52,0,8.0670995703219,48.5719746080451,0,0,1
"Q21",55,49,0,22.8680917716065,48.6652167956319,0,0,2
"Q21",55,53,0,19.5192917684877,54.3002168008798,0,0,1
"Q21",55,54,0,19.2443034869815,56.1652402401168,0,0,1
"Q21",55,24,0,67.466562906892,46.4615058560795,0,0,6
"Q21",55,43,0,21.8977534894527,67.1629230628592,0,0,2
"Q21",55,46,0,59.7561863372111,71.9518058798193,0,0,2
"Q21",55,45,0,60.7281113381164,75.1748324453209,0,0,2
"Q21",55,55,0,59.3054214930414,76.5433785403455,0,0,1
"Q21",55,56,0,61.5758324326559,78.1896355731287,0,0,1
"Q21",55,57,0,61.7493668078175,79.7290722933124,0,0,1
"Q21",55,58,0,64.3910871227777,76.4089793214702,0,0,1
"Q21",55,59,0,74.4934371321864,69.2759230648272,0,0,1
"Q21",55,18,0,74.7494160386746,71.5594168169537,0,0,7
"Q21",55,60,0,75.5727457269415,73.0485058808406,0,0,1
"Q21",55,61,0,87.2197918315385,71.7429566608748,0,0,1
"Q21",55,22,0,86.9326129250212,70.3155980657953,0,0,7
"Q21",55,62,0,90.2432223031044,70.1093433781034,0,0,1
"Q21",55,38,0,89.4035285523224,62.1342964956759,0,0,2
"Q21",55,48,0,69.5281976419823,42.1850404364345,0,0,2
"Q21",55,37,0,79.6778720700853,54.5266053380336,0,0,2
"Q21",55,26,0,62.5707663390668,55.5207598708003,0,0,6
"Q21",55,47,0,72.1285141722028,67.4731060195615,0,0,2
"Q21",55,39,0,86.2791433734319,63.5865459087856,0,0,2
"Q21",56,50,0,33.6071972503579,21.163547238769,0,0,2
"Q21",56,3,0,86.7368277685888,42.47836757112,0,0,12
"Q21",56,53,0,17.356170672723,53.7104410190806,0,0,2
"Q21",56,49,0,23.3375706782936,47.4593957007589,0,0,3
"Q21",56,41,0,15.593140202331,37.6762495978975,0,0,3
"Q21",56,63,0,12.4477034806517,38.7629574114096,0,0,1
"Q21",56,30,0,36.1081964714372,38.3392816297651,0,0,6
"Q21",56,61,0,88.052309019814,73.3929621311614,0,0,2
"Q21",56,39,0,85.7396527676602,64.8087496231667,0,0,3
"Q21",56,64,0,28.141796464018,69.4184371274598,0,0,1
"Q21",73,65,0,12.2941972305088,83.3810629217136,0,0,1
"Q21",73,66,0,9.0450339462327,76.4093285402207,0,0,1
"Q21",73,67,0,6.7139589440617,70.4259769721483,0,0,1
"Q21",73,68,0,3.3621448784401,66.0047152492806,1,0,1
"Q21",73,69,0,13.3295683252229,50.7908082038615,0,0,1
"Q21",73,70,0,2.6394448777671,31.683077717316,1,0,1
"Q21",73,71,0,26.4584683374502,27.6279042760394,0,0,1
"Q21",73,72,0,24.5966683357163,29.2517081838017,0,0,1
"Q21",73,73,0,98.9591840299718,20.3961206755543,1,0,1
"Q21",73,74,0,56.9884214908835,50.8692746101846,0,0,1
"Q21",73,75,0,51.2580113292967,61.4956996200813,0,0,1
"Q21",73,76,0,55.8736074273452,59.7569886809619,0,0,1
"Q21",73,77,0,45.1727683548794,60.164008212591,0,0,1
"Q21",73,78,0,17.0072906893658,70.0425489803795,0,0,1
"Q21",73,79,0,13.0900297276303,55.9771667017406,0,0,1
"Q21",73,80,0,12.5555509123158,43.4479090688645,0,0,1
"Q21",73,81,0,3.2359924521484,40.6053009347746,1,0,1
"Q21",73,82,0,32.0199568802607,35.5065650588375,0,0,1
"Q21",73,83,0,21.9111650758459,3.2093941944349,0,0,1
"Q21",73,84,0,32.6515806055107,60.1856165433908,0,0,1
"Q22",49,1,0,45.9071816368133,9.7260487906169,0,0,1
"Q22",49,2,0,40.1283701404383,12.8129547130321,0,0,1
"Q22",50,3,0,40.863577725866,18.8661480178793,0,0,1
"Q22",50,4,0,3.3540315971826,16.6712659845852,1,0,1
"Q22",50,2,0,41.1001068206926,14.1295857461984,0,0,2
"Q22",51,5,0,9.9069253532854,55.3887753956437,0,0,1
"Q22",51,6,0,57.6994660227958,51.2011121104936,0,0,1
"Q22",51,7,0,85.48191526742,78.9616668238476,0,0,1
"Q22",51,8,0,85.3454254235429,77.3512871348479,0,0,1
"Q22",51,9,0,85.2527207359567,74.3164605695214,0,0,1
"Q22",51,10,0,59.1296847741277,15.9262378588914,0,0,1
"Q22",51,1,0,43.4720339782953,11.2343839482716,0,0,3
"Q22",51,2,0,41.2748605387491,12.8542566060303,0,0,3
"Q22",51,11,0,32.8469339683999,22.8187667715605,0,0,1
"Q22",51,3,0,41.8686717863359,18.2219709427595,0,0,2
"Q22",51,4,0,3.3959529301558,18.3394884692217,1,0,2
"Q22",51,12,0,1.8354403345506,7.455404640954,1,0,1
"Q22",52,13,0,55.6046402395947,52.6854957056261,0,0,1
"Q22",52,14,0,91.1303902726806,61.5910449326701,0,0,1
"Q22",52,15,0,96.9779348093765,6.5146698813761,1,0,1
"Q22",52,16,0,38.4198269423401,21.5726519266499,0,0,1
"Q22",52,3,0,39.4653402245639,19.3137956745463,0,0,3
"Q22",52,12,0,0.992290969983,7.6328448824175,1,0,2
"Q22",52,1,0,45.4903716253928,12.2206938310332,0,0,4
"Q22",52,2,0,39.4360182588399,14.7933534062055,0,0,4
"Q22",52,17,0,8.28970530588,92.525771147987,0,0,1
"Q22",52,18,0,5.6864880802619,91.0997948268446,0,0,1
"Q22",52,7,0,84.8304059009172,80.0568532172417,0,0,2
"Q22",52,19,0,83.6782251471385,57.4393474854464,0,0,1
"Q22",52,6,0,57.9690856516488,51.9056817150331,0,0,2
"Q22",54,18,0,3.534889409851,89.3783254272988,1,0,3
"Q22",54,20,0,23.558101928499,93.9211191815297,0,0,1
"Q22",54,21,0,52.6076894555536,50.8027253913727,0,0,1
"Q22",54,22,0,52.425488674134,45.3465253862912,0,0,1
"Q22",54,23,0,58.5832183673687,82.9129613587775,0,0,1
"Q22",54,6,0,57.1771152410592,52.2546996114749,0,0,4
"Q22",54,7,0,83.3264887029126,81.8757254203116,0,0,4
"Q22",54,14,0,93.3126699622131,58.462144929756,0,0,3
"Q22",54,24,0,59.8654480560628,35.4901058458617,0,0,1
"Q22",54,25,0,45.0084894484763,32.6097253744291,0,0,1
"Q22",54,1,0,44.2730800727914,12.8015347309812,0,0,6
"Q22",54,2,0,40.3716894441579,17.2503253601245,0,0,6
"Q22",54,12,0,0.7221448759815,7.9984972265081,1,0,4
"Q22",54,26,0,1.2164894076918,90.8917254287084,1,0,1
"Q22",54,27,0,87.0823150362935,24.5598745588523,0,0,1
"Q22",54,28,0,23.4650847810939,35.2533055958586,0,0,1
"Q22",54,29,0,30.314332901655,40.8483824934065,0,0,1
"Q22",54,30,0,31.8688377397429,21.0690076656646,0,0,1
"Q22",54,3,0,39.1730992590336,19.8176413460829,0,0,5
"Q22",54,31,0,59.2407895872627,15.963385495765,0,0,1
"Q22",55,18,0,4.9936183174595,88.2480277699963,1,0,4
"Q22",55,23,0,59.4688738369435,84.5232371415272,0,0,2
"Q22",55,32,0,82.1214238580404,55.9146277398834,0,0,1
"Q22",55,14,0,94.1119293379574,58.7033558674807,0,0,4
"Q22",55,33,0,92.4969894927034,56.8493621157539,0,0,1
"Q22",55,34,0,59.5727714932903,42.4317277273265,0,0,1
"Q22",55,24,0,59.6925238371518,34.8595777202743,0,0,2
"Q22",55,3,0,39.3981761620013,18.948477705456,0,0,6
"Q22",55,35,0,33.9621745944386,1.7096612831511,0,0,1
"Q22",55,29,0,29.2761238088244,40.4188777254519,0,0,2
"Q22",55,36,0,30.4103488098806,30.4504777161681,0,0,1
"Q22",55,37,0,32.9404300622371,27.6917745885988,0,0,1
"Q22",55,38,0,31.2086370918741,2.9018214405114,0,0,1
"Q22",55,26,0,2.6710348873916,92.6010378891725,1,0,2
"Q22",55,39,0,99.9332718312176,45.4910610964551,1,0,1
"Q22",55,40,0,83.5159664750045,46.5236846641239,0,0,1
"Q22",55,25,0,45.5078607555615,33.4854746985155,0,0,2
"Q22",56,26,0,0.773268313529,90.5233512096154,1,0,3
"Q22",56,41,0,5.1770519113804,90.6114676159473,0,0,1
"Q22",56,18,0,4.7769183172577,86.4220512057957,1,0,5
"Q22",56,42,0,8.5833745708028,54.0673511756631,0,0,1
"Q22",56,43,0,14.6395683264431,98.3353512168908,0,0,1
"Q22",56,44,0,38.8106199114541,73.4640379124776,0,0,1
"Q22",56,45,0,40.9887933509826,70.8306011912749,0,0,1
"Q22",56,46,0,49.8730816405067,68.4318574390409,0,0,1
"Q22",56,47,0,51.7140183609713,66.4363511871826,0,0,1
"Q22",56,6,0,56.6825753968486,51.7636246110174,0,0,6
"Q22",56,48,0,65.2548183735822,60.382051181544,0,0,1
"Q22",56,49,0,73.9131988503959,90.1653824592819,0,0,1
"Q22",56,7,0,83.4966730780711,77.6802168226543,0,0,6
"Q22",56,32,0,83.9018902659485,55.3063293018169,0,0,2
"Q22",56,50,0,95.984076995951,93.7042574625777,1,0,1
"Q22",56,14,0,95.0055184012897,56.5086011779367,1,0,5
"Q22",56,51,0,88.918668395621,24.7886261483951,0,0,1
"Q22",56,27,0,86.9982183938323,24.1864511478343,0,0,3
"Q22",56,52,0,84.9042910481322,24.2082738041046,0,0,1
"Q22",56,53,0,81.2521277634809,30.891751154079,0,0,1
"Q22",56,34,0,61.4690683700563,41.5989339765509,0,0,2
"Q22",56,22,0,51.4373433607136,42.5121011649014,0,0,3
"Q22",56,35,0,33.0186058435598,1.3036034702729,0,0,2
"Q22",56,38,0,30.8006433414943,1.1085011263412,0,0,2
"Q22",56,29,0,27.9417105263316,38.9109363177975,0,0,3
"Q22",56,54,0,23.9287808350944,13.6326261380053,0,0,1
"Q22",56,28,0,22.6794183339307,34.4722511574136,0,0,3
"Q22",56,25,0,44.584041335158,32.7412751751147,0,0,3
"Q22",73,55,0,14.4091214512284,72.2892816613835,0,0,1
"Q22",73,56,0,17.1513394225323,69.8291316590923,0,0,1
"Q22",73,57,0,23.2689519282297,98.1877355917534,0,0,1
"Q22",73,58,0,26.1572456809197,61.1579019635166,0,0,1
"Q22",73,59,0,47.3277433568863,78.2245519794112,0,0,1
"Q22",73,60,0,56.1223519588268,76.9519847907261,0,0,1
"Q22",73,61,0,63.3055347780167,95.7676910582495,0,0,1
"Q22",73,62,0,63.1022371215773,75.5794519769478,0,0,1
"Q22",73,63,0,66.7066527499343,70.4543160346746,0,0,1
"Q22",73,64,0,68.139663688769,76.9259082282017,0,0,1
"Q22",73,65,0,72.5047144740841,96.0600816835218,0,0,1
"Q22",73,66,0,92.7185980866597,95.011240276295,0,0,1
"Q22",73,67,0,91.9080543359049,57.0397043034313,0,0,1
"Q22",73,68,0,69.4215394712127,48.6143316393345,0,0,1
"Q22",73,69,0,75.9592332273015,37.3673292851099,0,0,1
"Q22",73,70,0,47.0245894503539,60.5955816504928,0,0,1
"Q22",73,71,0,45.7860574179505,41.1605847573926,0,0,1
"Q22",73,72,0,48.2706394515144,38.0708316295151,0,0,1
"Q22",73,73,0,52.201128517675,33.3320081876017,0,0,1
"Q22",73,74,0,43.8675300724136,32.111490998965,0,0,1
"Q22",73,75,0,42.2968769459509,30.8598941227994,0,0,1
"Q22",73,76,0,38.5369745986993,56.2751597714692,0,0,1
"Q22",73,77,0,29.3849292776756,41.5748996015284,0,0,1
"Q22",73,78,0,28.1994292765716,40.0627488188703,0,0,1
"Q22",73,79,0,15.0161714517938,40.2114816315087,0,0,1
"Q22",73,80,0,1.0603105012963,31.8506714674721,1,0,1
"Q22",73,81,0,32.3549753741918,24.1826230228306,0,0,1
"Q22",73,82,0,50.9369574227477,1.5393222204925,0,0,1
"Q22",73,83,0,68.4634535328205,2.6059183152358,0,0,1
"Q22",73,84,0,91.371189491655,18.7091316114832,0,0,1
"Q22",73,85,0,94.2794801193634,3.8330440976287,0,0,1
"Q22",73,86,0,6.2730779787841,92.9086513286639,0,0,1
"Q22",73,87,0,8.0718870604195,81.3088559294593,0,0,1
"Q22",73,88,0,15.8046549388621,57.044869622458,0,0,1
"Q22",73,89,0,21.6450291723466,88.5664343608189,0,0,1
"Q22",73,90,0,23.9659638689308,67.6765550554501,0,0,1
"Q22",73,91,0,34.0756925276751,77.3950320799989,0,0,1
"Q22",73,92,0,36.5528525171335,65.4233348542417,0,0,1
"Q22",73,93,0,52.1869859263976,53.4362211186765,0,0,1
"Q22",73,94,0,46.9878382788512,45.5313316052678,0,0,1
"Q22",73,95,0,80.7063680030128,56.6903247906938,0,0,1
"Q22",73,96,0,25.3983446191573,53.7518153133139,0,0,1
"Q22",73,97,0,3.9071172283578,40.2023130530423,1,0,1
"Q22",73,98,0,0.9338809161613,29.8432702078379,1,0,1
"Q22",73,99,0,17.0110399381408,36.555837339499,0,0,1
"Q22",73,100,0,20.9379019152991,37.2491332227538,0,0,1
"Q22",73,101,0,28.56116547817,33.2168127461959,0,0,1
"Q22",73,102,0,3.9899018641511,20.9443190222226,1,0,1
"Q22",73,103,0,25.3808349970844,24.1822062428199,0,0,1
"Q26",51,1,0,65.2677418110941,82.0050863579321,0,0,1
"Q26",54,2,0,96.3252988712688,91.119935585171,1,0,1
"Q26",54,3,0,65.8197601703698,84.2404433369128,0,0,1
"Q26",55,2,0,95.5386152767862,91.8567285546071,1,0,2
"Q26",55,4,0,95.4888965267398,89.4205082398382,1,0,1
"Q26",55,3,0,66.3616060885046,83.4949440097392,0,0,2
"Q26",56,4,0,94.6361842219471,90.1011949265387,0,0,2
"Q5",32,1,0,47.3242355443831,38.8722019427614,0,0,1
"Q5",33,1,0,46.678951950032,40.0026496000643,0,0,2
"Q5",36,2,0,46.085174605729,39.1326269430039,0,0,1
"Q5",36,3,0,45.2920574174903,70.0255465030252,0,0,1
"Q5",37,4,0,43.7956910098468,68.8721980644512,0,0,1
"Q5",37,3,0,45.3897300738313,69.9703707217238,0,0,2
"Q5",37,2,0,46.2148324141995,38.5836475363593,0,0,2
"Q5",38,2,0,46.5225253873863,38.9444285053288,0,0,3
"Q5",38,3,0,46.4437704845904,68.5884895533551,0,0,3
"Q5",39,2,0,45.8441308555046,38.820140223963,0,0,4
"Q5",39,3,0,45.1085805453566,69.6430788844541,0,0,4
"Q5",40,2,0,46.212884762098,39.1461222555166,0,0,5
"Q5",40,5,0,55.0972847703721,57.5058449288654,0,0,1
"Q5",40,6,0,54.2249246133097,53.893348831751,0,0,1
"Q5",40,3,0,44.8282802232563,67.9483403896927,0,0,5
"Q5",41,7,0,37.4723331914576,52.0402722675251,0,0,1
"Q5",41,8,0,39.6306097559678,52.8083574244905,0,0,1
"Q5",41,9,0,40.2090566315064,54.6717597699758,0,0,1
"Q5",41,5,0,55.1693214891894,57.6153597727173,0,0,2
"Q5",41,2,0,46.0236116672986,39.2674894108627,0,0,6
"Q5",41,6,0,54.8394184860787,54.3205140909943,0,0,2
"Q5",45,10,0,3.1101269094554,65.1666121235,1,0,1
"Q5",45,11,0,5.0787417550388,63.6680754033544,0,0,1
"Q5",45,12,0,38.8960917865337,55.2960207080573,0,0,1
"Q5",45,13,0,46.0171144494157,84.4998465165054,0,0,1
"Q5",45,14,0,91.2190918352633,2.6634847215394,0,0,1
"Q5",45,15,0,79.5799535431734,4.6757144109135,0,0,1
"Q5",45,16,0,74.1639605693794,21.2273159888283,0,0,1
"Q5",45,17,0,76.576314477876,3.8004464413483,0,0,1
"Q5",45,18,0,76.6367043216824,1.559244876761,0,0,1
"Q5",45,19,0,70.2678230657509,44.3192535103344,0,0,1
"Q5",45,20,0,70.2483511907327,42.43538475858,0,0,1
"Q5",45,21,0,67.4199511880986,46.8300753876728,0,0,1
"Q5",45,22,0,65.2491004048268,21.7488909893141,0,0,1
"Q5",45,23,0,61.6626964952368,21.0323886448967,0,0,1
"Q5",45,24,0,52.1006042988314,29.6067972466324,0,0,1
"Q5",45,25,0,47.1332316379551,41.7752410079651,0,0,1
"Q5",45,26,0,47.2975378881082,40.7661847570254,0,0,1
"Q5",45,27,0,42.459191789852,18.9381847366964,0,0,1
"Q5",45,28,0,44.7614753857462,3.4303183160036,0,0,1
"Q5",45,29,0,39.4605956933094,24.5235847418983,0,0,1
"Q5",45,30,0,40.3316042878706,1.5913448767909,0,0,1
"Q5",45,31,0,17.0852068426823,54.1293990457009,0,0,1
"Q5",45,32,0,32.3025624834278,45.5941892665955,0,0,1
"Q5",45,33,0,67.6353358698827,25.1089193422638,0,0,1
"Q5",45,34,0,48.792435781072,11.0649336350319,0,0,1
"Q5",45,35,0,38.4112613090912,36.3375788661157,0,0,1
"Q5",46,36,0,19.2207737994596,75.4253621330542,0,0,1
"Q5",46,37,0,30.9463417791298,57.533327741391,0,0,1
"Q5",46,38,0,34.7432449076661,51.0231261728278,0,0,1
"Q5",46,39,0,42.7734925713948,92.8320269930155,0,0,1
"Q5",46,12,0,40.3196214753595,53.5414996126733,0,0,2
"Q5",46,40,0,47.5447871070885,69.9063550966643,0,0,1
"Q5",46,41,0,56.0604949275192,77.6938761976669,0,0,1
"Q5",46,42,0,55.3509949268585,72.9853761932818,0,0,1
"Q5",46,43,0,55.2570863330211,68.6947058767857,0,0,1
"Q5",46,44,0,62.7039949337065,85.7369949551576,0,0,1
"Q5",46,45,0,83.1350746402344,54.7472964887963,0,0,1
"Q5",46,46,0,96.2601199649581,97.2696262158983,1,0,1
"Q5",46,47,0,95.204370745225,33.672626156669,1,0,1
"Q5",46,48,0,98.1789949667452,22.8590214590979,1,0,1
"Q5",46,49,0,95.5989949643423,1.3903761266038,1,0,1
"Q5",46,50,0,97.888744966475,3.1963761282857,1,0,1
"Q5",46,15,0,80.2318699500305,4.3896261293971,0,0,2
"Q5",46,22,0,65.7768652490684,23.0369917717637,0,0,2
"Q5",46,51,0,60.3174949314838,16.6768761408405,0,0,1
"Q5",46,52,0,43.4669488220407,38.5665245987268,0,0,1
"Q5",46,26,0,46.5833691374431,38.2829183484627,0,0,2
"Q5",46,28,0,45.708244917878,1.9063761270843,0,0,2
"Q5",46,29,0,39.7150566310464,22.8017206777946,0,0,2
"Q5",46,30,0,39.9362691312525,0.7614995635181,0,0,2
"Q5",46,32,0,31.5988699047376,41.7028761641476,0,0,2
"Q5",46,11,0,4.7264523004065,63.4597429412355,1,0,2
"Q5",46,31,0,17.238611134004,52.1515501042407,0,0,2
"Q5",46,21,0,67.2373733854189,44.9779428653386,0,0,2
"Q5",46,14,0,90.3407574134786,1.7489302734136,0,0,2
"Q5",46,18,0,76.7154538090232,1.852128727076,0,0,2
"Q5",46,20,0,70.4554361335708,40.966654264749,0,0,2
"Q5",46,16,0,72.7847816790208,19.0470751511648,0,0,2
"Q5",46,23,0,61.9403452606627,21.943026868015,0,0,2
"Q5",46,24,0,50.8846085958693,28.6363596528941,0,0,2
"Q5",46,35,0,39.1664824646903,34.3917126915626,0,0,2
"Q5",46,27,0,41.9553408268169,18.0009419819076,0,0,2
"Q5",47,39,0,42.1736074145861,93.066737930734,0,0,2
"Q5",47,40,0,47.8336707011075,71.2491105666648,0,0,2
"Q5",47,42,0,53.7092582065795,73.7129488502094,0,0,2
"Q5",47,53,0,51.3421121106249,46.2852972621653,0,0,1
"Q5",47,54,0,60.5137933691668,95.2927980890572,0,0,1
"Q5",47,55,0,65.1141707172012,86.8534363624474,0,0,1
"Q5",47,21,0,65.7585964990512,44.5488269480482,0,0,3
"Q5",47,45,0,81.3949847948639,53.8991683630063,0,0,2
"Q5",47,56,0,92.1492707423796,79.986260574802,0,0,1
"Q5",47,46,0,97.1234707470122,98.3811105919334,1,0,2
"Q5",47,16,0,72.9313340057314,19.9994019251847,0,0,3
"Q5",47,57,0,73.4152707249321,5.6962605056139,0,0,1
"Q5",47,20,0,69.3899855649334,40.3485058503864,0,0,3
"Q5",47,26,0,46.6385706999945,38.3031105359815,0,0,3
"Q5",47,58,0,46.0894706994829,33.8941605318753,0,0,1
"Q5",47,41,0,57.1890655164812,78.6029512077672,0,0,2
"Q5",47,44,0,64.1618238948143,85.683466146139,0,0,2
"Q5",47,47,0,97.1710415491528,36.1775107696356,1,0,2
"Q5",47,48,0,99.0297457919757,24.5724694049892,1,0,2
"Q5",47,50,0,97.23289329808,3.4032681485956,1,0,2
"Q5",47,49,0,95.4381443088426,1.5972820589986,1,0,2
"Q5",47,14,0,91.1298105476745,2.0139037166323,0,0,3
"Q5",47,15,0,79.2051103653051,4.6434689642907,0,0,3
"Q5",47,59,0,76.5361316602952,3.4545238139206,0,0,1
"Q5",47,18,0,76.1246297491346,0.9804908270906,0,0,3
"Q5",47,60,0,69.2175970386671,43.1880089566031,0,0,1
"Q5",47,23,0,62.5281411766339,21.1865320597944,0,0,3
"Q5",49,61,0,13.184712856338,52.7577730494433,0,0,1
"Q5",49,62,0,28.0584300576904,55.2833543017955,0,0,1
"Q5",49,63,0,30.0598331845543,56.2666527402112,0,0,1
"Q5",49,64,0,41.7213792891649,97.9558801227873,0,0,1
"Q5",49,39,0,41.451833195164,94.1546527754972,0,0,4
"Q5",49,26,0,47.3878332006922,39.5626527246544,0,0,5
"Q5",49,42,0,53.8139605504271,69.2855894710861,0,0,4
"Q5",49,54,0,60.8598332132391,94.7946527760933,0,0,3
"Q5",49,65,0,46.3429769497192,19.5306527059983,0,0,1
"Q5",49,58,0,47.4455645934602,34.4214006287254,0,0,3
"Q5",50,66,0,52.3695988303319,71.0643527539927,0,0,1
"Q5",50,42,0,55.5093011770059,69.0104191583298,0,0,5
"Q5",50,67,0,62.6985129024514,96.4244879338612,0,0,1
"Q5",50,54,0,60.7176011818566,92.8014191804869,0,0,4
"Q5",50,63,0,29.9513919213031,55.7749167607623,0,0,2
"Q5",50,26,0,46.7188524407481,39.9581760164848,0,0,6
"Q5",50,58,0,47.2876240029137,34.1997889825771,0,0,4
"Q5",50,65,0,45.5886292841109,20.2289189528658,0,0,2
"Q5",50,61,0,14.2718951736871,54.0446184427762,0,0,2
"Q5",51,42,0,54.8372996138801,69.9038840029119,0,0,6
"Q5",51,68,0,54.385094925959,68.3526097827172,0,0,1
"Q5",51,69,0,73.8930129128771,23.131713646852,0,0,1
"Q5",51,58,0,45.2388878861909,32.4519636555322,0,0,5
"Q5",51,67,0,62.239929512611,94.4893734501708,0,0,2
"Q5",51,65,0,46.2610478425323,20.0415922743985,0,0,3
"Q5",52,61,0,16.9487261410937,51.8901386736354,0,0,4
"Q5",52,70,0,75.9911715085811,45.8076933554707,0,0,1
"Q5",52,71,0,96.7025965278702,84.2519808912747,1,0,1
"Q5",52,72,0,85.5964965175269,17.6450308292421,0,0,1
"Q5",52,65,0,44.6311714793748,18.8316933303473,0,0,4
"Q5",52,73,0,6.4871714438505,39.0556933491824,0,0,1
"Q5",52,42,0,54.6879145352573,69.4570221208807,0,0,7
"Q5",52,67,0,60.8858503427612,94.0895999026293,0,0,3
"Q5",54,61,0,17.6130503604623,50.4768496098191,0,0,6
"Q5",54,74,0,60.2811808689501,97.6566191850087,0,0,1
"Q5",54,67,0,60.3622316502755,95.6776590269157,0,0,5
"Q5",54,75,0,50.2504292971083,44.3592230416216,0,0,1
"Q5",54,42,0,54.8882112783802,69.2361940063608,0,0,9
"Q5",55,75,0,49.9959925781213,46.077617574472,0,0,2
"Q5",55,76,0,49.4199527295163,47.9159993228645,0,0,1
"Q5",56,75,0,51.6592753921704,44.8505097608291,0,0,3
"Q5",56,77,0,75.0670472889705,23.1878394281542,0,0,1
"Q6",46,1,0,34.2921800634959,50.3363957034384,0,0,1
"Q6",46,2,0,27.5671917759829,74.7955965074676,0,0,1
"Q6",46,3,0,23.2496378657118,70.5393840035037,0,0,1
"Q6",46,4,0,78.3838886983095,57.7080847728037,0,0,1
"Q6",46,5,0,92.4882129301952,51.0756652353767,0,0,1
"Q6",46,6,0,78.902980105043,33.8083472505454,0,0,1
"Q6",46,7,0,83.6031407773881,80.9158421900629,0,0,1
"Q6",46,8,0,82.6842286136814,91.9538272649313,0,0,1
"Q6",46,9,0,48.4757622815859,4.4141553141712,0,0,1
"Q6",47,10,0,3.6178901911783,76.0488879148849,1,0,1
"Q6",47,2,0,27.8930699012863,73.3958629124142,0,0,2
"Q6",47,3,0,24.1523042728024,70.4244746283968,0,0,2
"Q6",47,11,0,45.5887480427667,75.6774644770389,0,0,1
"Q6",47,12,0,73.6842840064328,81.8059519827465,0,0,1
"Q6",47,5,0,93.2901394934421,49.943120703072,0,0,2
"Q6",47,13,0,69.0680199396335,49.0145613272072,0,0,1
"Q6",47,6,0,81.6698894826199,34.8208769389884,0,0,2
"Q6",47,8,0,83.0249419268601,90.3958504684922,0,0,2
"Q6",47,4,0,79.3868709828606,57.8398824305496,0,0,2
"Q6",47,9,0,48.4887978211062,3.4493017530537,0,0,2
"Q6",49,3,0,23.434549584634,70.8882004100787,0,0,4
"Q6",49,14,0,24.4656870855944,74.5195972884606,0,0,1
"Q6",49,2,0,26.2141370872226,75.550734789421,0,0,4
"Q6",49,10,0,4.1791808167011,77.7923371352586,1,0,3
"Q6",49,15,0,5.5689745679953,78.9579707300942,0,0,1
"Q6",49,16,0,5.9724628496212,77.2543527597576,0,0,1
"Q6",49,6,0,82.2317949518932,30.4272675598965,0,0,4
"Q6",49,17,0,72.5480699428744,21.9091761457133,0,0,1
"Q6",49,18,0,52.0374035175224,92.5532926177559,0,0,1
"Q6",49,19,0,67.3751993720729,89.3807301210703,0,0,1
"Q6",49,20,0,83.7723628686136,73.3887608299589,0,0,1
"Q6",49,5,0,92.1463333841882,49.8227227084271,0,0,4
"Q6",50,21,0,2.1338855022962,98.108114497929,1,0,1
"Q6",50,22,0,3.8428386288878,99.8608863745615,1,0,1
"Q6",50,10,0,4.3248503480867,77.6883183851617,1,0,4
"Q6",50,3,0,21.3486503639413,68.2233488450968,0,0,5
"Q6",50,23,0,22.4879519275023,66.8649504063317,0,0,1
"Q6",50,6,0,79.0586738551879,34.1319300633468,0,0,5
"Q6",50,5,0,88.1730887074265,52.1416644551196,0,0,5
"Q6",50,19,0,67.424648844353,87.1532879252267,0,0,2
"Q6",51,18,0,49.5969527339997,93.902998087763,0,0,3
"Q6",51,3,0,23.2819808344918,69.0213527520901,0,0,6
"Q6",51,24,0,84.0415715160787,65.0573097796483,0,0,1
"Q6",51,25,0,84.937400423163,58.5625511798495,0,0,1
"Q6",55,26,0,47.5653574196076,73.7025910376997,0,0,1
"Q6",55,27,0,53.7673925816336,73.9676347879466,0,0,1
"Q6",55,28,0,51.1699589854646,81.2828558885093,0,0,1
"Q6",55,29,0,7.6762026949579,50.6437441412245,0,0,1
"Q6",55,30,0,82.8427433899622,54.2748496133563,0,0,1
"Q6",55,31,0,81.1464605758824,45.899451949306,0,0,1
"Q6",55,32,0,90.5290254283705,45.3163550737631,0,0,1
"Q6",55,33,0,68.2918160326605,50.5642308599005,0,0,1
"Q6",55,34,0,42.9800925715871,58.6480793049291,0,0,1
"Q8",36,1,0,58.7194449299957,75.2186121328617,0,0,1
