"time","cover","species","climsim"
500,0.00372612507720048,"PASM","zppttemp"
501,0.00329956288135147,"PASM","zppttemp"
502,0.00287425539954539,"PASM","zppttemp"
503,0.00231378453452187,"PASM","zppttemp"
504,0.00236280964981081,"PASM","zppttemp"
505,0.00211515399913192,"PASM","zppttemp"
506,0.00308867826210166,"PASM","zppttemp"
507,0.00317061056198442,"PASM","zppttemp"
508,0.00230088893633928,"PASM","zppttemp"
509,0.00157952877887408,"PASM","zppttemp"
510,0.0012906608205525,"PASM","zppttemp"
511,0.00108424322012918,"PASM","zppttemp"
512,0.0010109377318066,"PASM","zppttemp"
513,0.000741164695377281,"PASM","zppttemp"
514,0.00070533179353925,"PASM","zppttemp"
515,0.000751623555077309,"PASM","zppttemp"
516,0.000770338900500273,"PASM","zppttemp"
517,0.000885863021598092,"PASM","zppttemp"
518,0.00110479807707127,"PASM","zppttemp"
519,0.000692899243282834,"PASM","zppttemp"
520,0.000782158178837231,"PASM","zppttemp"
521,0.000767572264115372,"PASM","zppttemp"
522,0.000892815522788411,"PASM","zppttemp"
523,0.00101435358233424,"PASM","zppttemp"
524,0.00146604247219058,"PASM","zppttemp"
525,0.00135852036131051,"PASM","zppttemp"
526,0.00144519842436508,"PASM","zppttemp"
527,0.00137404714506363,"PASM","zppttemp"
528,0.00129671731622562,"PASM","zppttemp"
529,0.00116416626158955,"PASM","zppttemp"
530,0.00111853483751423,"PASM","zppttemp"
531,0.00148440495150942,"PASM","zppttemp"
532,0.00130601087235979,"PASM","zppttemp"
533,0.00208570381238589,"PASM","zppttemp"
534,0.00237148655262535,"PASM","zppttemp"
535,0.00213358836616793,"PASM","zppttemp"
536,0.00183051658197048,"PASM","zppttemp"
537,0.00166322917633094,"PASM","zppttemp"
538,0.00138681913255203,"PASM","zppttemp"
539,0.0155811413646342,"PASM","zppttemp"
540,0.00984321678939139,"PASM","zppttemp"
541,0.014826083145729,"PASM","zppttemp"
542,0.00899146362695096,"PASM","zppttemp"
543,0.00891954397259191,"PASM","zppttemp"
544,0.00504497929758744,"PASM","zppttemp"
545,0.00572553516105478,"PASM","zppttemp"
546,0.00517986870321283,"PASM","zppttemp"
547,0.00448722957912349,"PASM","zppttemp"
548,0.00458099715007609,"PASM","zppttemp"
549,0.00245217915507977,"PASM","zppttemp"
550,0.00396395708405225,"PASM","zppttemp"
551,0.00305766699361071,"PASM","zppttemp"
552,0.00279023907061647,"PASM","zppttemp"
553,0.00227218537914847,"PASM","zppttemp"
554,0.00265434361171447,"PASM","zppttemp"
555,0.00245166337329414,"PASM","zppttemp"
556,0.00392966365733657,"PASM","zppttemp"
557,0.00291234161533444,"PASM","zppttemp"
558,0.00261068819353333,"PASM","zppttemp"
559,0.00216806536728982,"PASM","zppttemp"
560,0.00225550349648797,"PASM","zppttemp"
561,0.00223861845665741,"PASM","zppttemp"
562,0.00173218689761907,"PASM","zppttemp"
563,0.00209813535990084,"PASM","zppttemp"
564,0.00138703133836108,"PASM","zppttemp"
565,0.00136005072039086,"PASM","zppttemp"
566,0.0015090281641817,"PASM","zppttemp"
567,0.00187697068369521,"PASM","zppttemp"
568,0.000989517258010097,"PASM","zppttemp"
569,0.000876826053674369,"PASM","zppttemp"
570,0.00106871433067157,"PASM","zppttemp"
571,0.00068327670635659,"PASM","zppttemp"
572,0.00164764751631142,"PASM","zppttemp"
573,0.00173227186872286,"PASM","zppttemp"
574,0.00276780584573514,"PASM","zppttemp"
575,0.00332206717104397,"PASM","zppttemp"
576,0.00317095175290288,"PASM","zppttemp"
577,0.00251537409480354,"PASM","zppttemp"
578,0.00557193552480721,"PASM","zppttemp"
579,0.00577684940398849,"PASM","zppttemp"
580,0.0177921762479577,"PASM","zppttemp"
581,0.0100154063397909,"PASM","zppttemp"
582,0.00592375567228788,"PASM","zppttemp"
583,0.00558291018244055,"PASM","zppttemp"
584,0.00690712453061449,"PASM","zppttemp"
585,0.00595535152679013,"PASM","zppttemp"
586,0.00502392376134509,"PASM","zppttemp"
587,0.00543233263746667,"PASM","zppttemp"
588,0.00604586007463769,"PASM","zppttemp"
589,0.00303908741631231,"PASM","zppttemp"
590,0.00453483271031167,"PASM","zppttemp"
591,0.00430341885473885,"PASM","zppttemp"
592,0.00509442826290711,"PASM","zppttemp"
593,0.00307991630166107,"PASM","zppttemp"
594,0.00293862114704145,"PASM","zppttemp"
595,0.00201523363471517,"PASM","zppttemp"
596,0.00260850501899073,"PASM","zppttemp"
597,0.00283670695097719,"PASM","zppttemp"
598,0.00228532609813026,"PASM","zppttemp"
599,0.00211474150303373,"PASM","zppttemp"
600,0.00196911773285021,"PASM","zppttemp"
601,0.00173676435726791,"PASM","zppttemp"
602,0.00223033119641884,"PASM","zppttemp"
603,0.00247852962481882,"PASM","zppttemp"
604,0.00181620307430271,"PASM","zppttemp"
605,0.00136414953993256,"PASM","zppttemp"
606,0.00192947393517293,"PASM","zppttemp"
607,0.00141373884871065,"PASM","zppttemp"
608,0.00139174782962041,"PASM","zppttemp"
609,0.00157386379472564,"PASM","zppttemp"
610,0.00153674265203291,"PASM","zppttemp"
611,0.00135977077436696,"PASM","zppttemp"
612,0.00139491766146326,"PASM","zppttemp"
613,0.00142595583900927,"PASM","zppttemp"
614,0.00168405110709405,"PASM","zppttemp"
615,0.00380284400359654,"PASM","zppttemp"
616,0.00332857271724352,"PASM","zppttemp"
617,0.00253399751945933,"PASM","zppttemp"
618,0.00264205456293031,"PASM","zppttemp"
619,0.00458316183678426,"PASM","zppttemp"
620,0.00341096009610245,"PASM","zppttemp"
621,0.00255030000146605,"PASM","zppttemp"
622,0.00428421224607097,"PASM","zppttemp"
623,0.00278089925581874,"PASM","zppttemp"
624,0.00230705283813847,"PASM","zppttemp"
625,0.00237764963638827,"PASM","zppttemp"
626,0.00424545780854912,"PASM","zppttemp"
627,0.00482366008696534,"PASM","zppttemp"
628,0.00598085506158889,"PASM","zppttemp"
629,0.00899942339655852,"PASM","zppttemp"
630,0.00985190409383938,"PASM","zppttemp"
631,0.0106219851576607,"PASM","zppttemp"
632,0.0101397161857881,"PASM","zppttemp"
633,0.00920941370529892,"PASM","zppttemp"
634,0.00406781911280054,"PASM","zppttemp"
635,0.00341602241406636,"PASM","zppttemp"
636,0.00460558033822172,"PASM","zppttemp"
637,0.00500823190692802,"PASM","zppttemp"
638,0.0035945386021308,"PASM","zppttemp"
639,0.00346947484371861,"PASM","zppttemp"
640,0.00271636088195449,"PASM","zppttemp"
641,0.00227992406028385,"PASM","zppttemp"
642,0.00211187452174767,"PASM","zppttemp"
643,0.00254795511111212,"PASM","zppttemp"
644,0.00176613423771441,"PASM","zppttemp"
645,0.00178277207768187,"PASM","zppttemp"
646,0.00199353839489281,"PASM","zppttemp"
647,0.00154555505952241,"PASM","zppttemp"
648,0.00106733869105967,"PASM","zppttemp"
649,0.00169017605107593,"PASM","zppttemp"
650,0.00235630325613788,"PASM","zppttemp"
651,0.00113607682964527,"PASM","zppttemp"
652,0.00149241054571816,"PASM","zppttemp"
653,0.00153033322989315,"PASM","zppttemp"
654,0.00134557932462069,"PASM","zppttemp"
655,0.0011901453716989,"PASM","zppttemp"
656,0.000996043862853251,"PASM","zppttemp"
657,0.000762879151112051,"PASM","zppttemp"
658,0.000670804608862331,"PASM","zppttemp"
659,0.000678458367058081,"PASM","zppttemp"
660,0.00048355821280691,"PASM","zppttemp"
661,0.00054522392944134,"PASM","zppttemp"
662,0.000774795935289803,"PASM","zppttemp"
663,0.00138230430237323,"PASM","zppttemp"
664,0.00121215547676714,"PASM","zppttemp"
665,0.0033832895575078,"PASM","zppttemp"
666,0.00347593436065303,"PASM","zppttemp"
667,0.00240301810783814,"PASM","zppttemp"
668,0.00390043973422795,"PASM","zppttemp"
669,0.00350011105182191,"PASM","zppttemp"
670,0.0033732315658291,"PASM","zppttemp"
671,0.00380712373539919,"PASM","zppttemp"
672,0.00510428422551135,"PASM","zppttemp"
673,0.00375522127432355,"PASM","zppttemp"
674,0.00275666492684236,"PASM","zppttemp"
675,0.00275857432564457,"PASM","zppttemp"
676,0.00270870757280612,"PASM","zppttemp"
677,0.00335415595354221,"PASM","zppttemp"
678,0.00379947536269656,"PASM","zppttemp"
679,0.00427419056782346,"PASM","zppttemp"
680,0.00292118922839845,"PASM","zppttemp"
681,0.00327761249294634,"PASM","zppttemp"
682,0.0035791022700011,"PASM","zppttemp"
683,0.00300807018934202,"PASM","zppttemp"
684,0.00247828763768905,"PASM","zppttemp"
685,0.00238874796332118,"PASM","zppttemp"
686,0.0020774016214712,"PASM","zppttemp"
687,0.00267839057113305,"PASM","zppttemp"
688,0.0017164977447922,"PASM","zppttemp"
689,0.00187728030228041,"PASM","zppttemp"
690,0.000939579860425056,"PASM","zppttemp"
691,0.00112461935670089,"PASM","zppttemp"
692,0.0016378280102521,"PASM","zppttemp"
693,0.00192278421647384,"PASM","zppttemp"
694,0.00146797915893157,"PASM","zppttemp"
695,0.00250663611106005,"PASM","zppttemp"
696,0.00364877345327779,"PASM","zppttemp"
697,0.00335583036944948,"PASM","zppttemp"
698,0.00188511437670182,"PASM","zppttemp"
699,0.00151651750919579,"PASM","zppttemp"
700,0.00150649614061027,"PASM","zppttemp"
701,0.00138804543868156,"PASM","zppttemp"
702,0.00153230868472655,"PASM","zppttemp"
703,0.00138872829954363,"PASM","zppttemp"
704,0.00222199570788586,"PASM","zppttemp"
705,0.00255647645578015,"PASM","zppttemp"
706,0.00236995147301472,"PASM","zppttemp"
707,0.00234493830717676,"PASM","zppttemp"
708,0.00258533198389948,"PASM","zppttemp"
709,0.00266400096060362,"PASM","zppttemp"
710,0.00344826308381243,"PASM","zppttemp"
711,0.00434509257722787,"PASM","zppttemp"
712,0.00509926799938634,"PASM","zppttemp"
713,0.00414165225306188,"PASM","zppttemp"
714,0.00591341572869274,"PASM","zppttemp"
715,0.00604579595652223,"PASM","zppttemp"
716,0.0109451140297883,"PASM","zppttemp"
717,0.00665110168969445,"PASM","zppttemp"
718,0.00704875895988356,"PASM","zppttemp"
719,0.00852364003404153,"PASM","zppttemp"
720,0.00658872877714665,"PASM","zppttemp"
721,0.00557735391883931,"PASM","zppttemp"
722,0.0038538265177346,"PASM","zppttemp"
723,0.00260340566254611,"PASM","zppttemp"
724,0.004263449296273,"PASM","zppttemp"
725,0.00375423803083256,"PASM","zppttemp"
726,0.00363131408271941,"PASM","zppttemp"
727,0.00800164470136794,"PASM","zppttemp"
728,0.00519251745802795,"PASM","zppttemp"
729,0.00449966817342468,"PASM","zppttemp"
730,0.00332162238974072,"PASM","zppttemp"
731,0.00436769842400427,"PASM","zppttemp"
732,0.00495271994397491,"PASM","zppttemp"
733,0.00487141438561889,"PASM","zppttemp"
734,0.00579677793481302,"PASM","zppttemp"
735,0.00610845308782901,"PASM","zppttemp"
736,0.00737610045203244,"PASM","zppttemp"
737,0.00231445163031842,"PASM","zppttemp"
738,0.00316912393813931,"PASM","zppttemp"
739,0.00261534171052924,"PASM","zppttemp"
740,0.00224846591686132,"PASM","zppttemp"
741,0.00272025650441555,"PASM","zppttemp"
742,0.00312729203678662,"PASM","zppttemp"
743,0.00299348848494028,"PASM","zppttemp"
744,0.00314709976309036,"PASM","zppttemp"
745,0.00211858222758049,"PASM","zppttemp"
746,0.00197545894047839,"PASM","zppttemp"
747,0.00145375631892087,"PASM","zppttemp"
748,0.00126327811976959,"PASM","zppttemp"
749,0.00120843279449768,"PASM","zppttemp"
750,0.000958106549807673,"PASM","zppttemp"
751,0.000430966832098236,"PASM","zppttemp"
752,0.000476422764540643,"PASM","zppttemp"
753,0.000703224419742301,"PASM","zppttemp"
754,0.000493671458956188,"PASM","zppttemp"
755,0.000519561223787361,"PASM","zppttemp"
756,0.000676968939135254,"PASM","zppttemp"
757,0.000751809445666288,"PASM","zppttemp"
758,0.000701215134498738,"PASM","zppttemp"
759,0.000818908666514283,"PASM","zppttemp"
760,0.000974602076454122,"PASM","zppttemp"
761,0.00125587572860473,"PASM","zppttemp"
762,0.00171514314692761,"PASM","zppttemp"
763,0.00156447411342492,"PASM","zppttemp"
764,0.00125501060997119,"PASM","zppttemp"
765,0.00106125070888723,"PASM","zppttemp"
766,0.00120707285725861,"PASM","zppttemp"
767,0.00103075812932383,"PASM","zppttemp"
768,0.00141911311344536,"PASM","zppttemp"
769,0.00321926405081165,"PASM","zppttemp"
770,0.00247261808819241,"PASM","zppttemp"
771,0.00249747076247059,"PASM","zppttemp"
772,0.00363768748147998,"PASM","zppttemp"
773,0.00327822484032605,"PASM","zppttemp"
774,0.025689165042818,"PASM","zppttemp"
775,0.00439073352392557,"PASM","zppttemp"
776,0.00407875974799922,"PASM","zppttemp"
777,0.00295145512259738,"PASM","zppttemp"
778,0.00258540966394151,"PASM","zppttemp"
779,0.00173974360825483,"PASM","zppttemp"
780,0.00123733875592195,"PASM","zppttemp"
781,0.00206543844006032,"PASM","zppttemp"
782,0.00195340562285066,"PASM","zppttemp"
783,0.00115757114545936,"PASM","zppttemp"
784,0.000885124374549898,"PASM","zppttemp"
785,0.000974021132082032,"PASM","zppttemp"
786,0.000778842157463787,"PASM","zppttemp"
787,0.000935965948204094,"PASM","zppttemp"
788,0.000976236714216858,"PASM","zppttemp"
789,0.00098909551165895,"PASM","zppttemp"
790,0.000797839903047476,"PASM","zppttemp"
791,0.00104448633843352,"PASM","zppttemp"
792,0.00128856109858286,"PASM","zppttemp"
793,0.0013121585347748,"PASM","zppttemp"
794,0.00085382729147677,"PASM","zppttemp"
795,0.000860868919624266,"PASM","zppttemp"
796,0.0113971425078578,"PASM","zppttemp"
797,0.0114125358873516,"PASM","zppttemp"
798,0.0188621307651331,"PASM","zppttemp"
799,0.00916226369070328,"PASM","zppttemp"
800,0.0117292610192379,"PASM","zppttemp"
801,0.00910403428101288,"PASM","zppttemp"
802,0.00774018491077379,"PASM","zppttemp"
803,0.00360727104171565,"PASM","zppttemp"
804,0.00413902415270795,"PASM","zppttemp"
805,0.00488270933132615,"PASM","zppttemp"
806,0.00603430460088311,"PASM","zppttemp"
807,0.00753952901659612,"PASM","zppttemp"
808,0.00684213728119322,"PASM","zppttemp"
809,0.00478940220569647,"PASM","zppttemp"
810,0.00521444505976236,"PASM","zppttemp"
811,0.00368338335931305,"PASM","zppttemp"
812,0.00361187730346061,"PASM","zppttemp"
813,0.00388740252311493,"PASM","zppttemp"
814,0.00363188066257176,"PASM","zppttemp"
815,0.00281116678530383,"PASM","zppttemp"
816,0.0046662525643364,"PASM","zppttemp"
817,0.00196588423436007,"PASM","zppttemp"
818,0.0013539216916898,"PASM","zppttemp"
819,0.00192272413670309,"PASM","zppttemp"
820,0.00212750176772242,"PASM","zppttemp"
821,0.00259009162360291,"PASM","zppttemp"
822,0.0019852657856374,"PASM","zppttemp"
823,0.0026271834560762,"PASM","zppttemp"
824,0.00361931845890586,"PASM","zppttemp"
825,0.00446541381813411,"PASM","zppttemp"
826,0.00447403056398468,"PASM","zppttemp"
827,0.00516808151547868,"PASM","zppttemp"
828,0.00335399974977343,"PASM","zppttemp"
829,0.00347372299515183,"PASM","zppttemp"
830,0.00357380285365967,"PASM","zppttemp"
831,0.00329886377077972,"PASM","zppttemp"
832,0.00623057878951818,"PASM","zppttemp"
833,0.0061879504474114,"PASM","zppttemp"
834,0.00976587744514586,"PASM","zppttemp"
835,0.00861958830228512,"PASM","zppttemp"
836,0.0085566011276872,"PASM","zppttemp"
837,0.00959256164327397,"PASM","zppttemp"
838,0.00785955102225348,"PASM","zppttemp"
839,0.00753058631121259,"PASM","zppttemp"
840,0.00522541543414763,"PASM","zppttemp"
841,0.0055890783489759,"PASM","zppttemp"
842,0.00469368945554522,"PASM","zppttemp"
843,0.00388644149997472,"PASM","zppttemp"
844,0.00813931119864418,"PASM","zppttemp"
845,0.00901980427709293,"PASM","zppttemp"
846,0.00898435762706982,"PASM","zppttemp"
847,0.00826351652045829,"PASM","zppttemp"
848,0.0100786862439751,"PASM","zppttemp"
849,0.00598766250902481,"PASM","zppttemp"
850,0.00600410384075175,"PASM","zppttemp"
851,0.00475469990113236,"PASM","zppttemp"
852,0.0036294241482175,"PASM","zppttemp"
853,0.003990863446733,"PASM","zppttemp"
854,0.00280445645081262,"PASM","zppttemp"
855,0.00363726772192818,"PASM","zppttemp"
856,0.0033546551903763,"PASM","zppttemp"
857,0.00232714338596486,"PASM","zppttemp"
858,0.00309662530518723,"PASM","zppttemp"
859,0.0041540016700414,"PASM","zppttemp"
860,0.00507647157934618,"PASM","zppttemp"
861,0.00459409330314913,"PASM","zppttemp"
862,0.00486610477006645,"PASM","zppttemp"
863,0.00363460147302937,"PASM","zppttemp"
864,0.00282715002187652,"PASM","zppttemp"
865,0.00195856162283254,"PASM","zppttemp"
866,0.00176887290312236,"PASM","zppttemp"
867,0.00199579501107402,"PASM","zppttemp"
868,0.00243307612942123,"PASM","zppttemp"
869,0.00315775715894319,"PASM","zppttemp"
870,0.00353089975483885,"PASM","zppttemp"
871,0.00365420594766997,"PASM","zppttemp"
872,0.00339252928405136,"PASM","zppttemp"
873,0.00221265331054994,"PASM","zppttemp"
874,0.00289875548105494,"PASM","zppttemp"
875,0.00259909405012984,"PASM","zppttemp"
876,0.00275036716862472,"PASM","zppttemp"
877,0.00289066618583637,"PASM","zppttemp"
878,0.00357396142561401,"PASM","zppttemp"
879,0.00210480132247944,"PASM","zppttemp"
880,0.0029421565098286,"PASM","zppttemp"
881,0.00266369968455544,"PASM","zppttemp"
882,0.0025188367277494,"PASM","zppttemp"
883,0.00227898508224863,"PASM","zppttemp"
884,0.00198199375771307,"PASM","zppttemp"
885,0.00195395916364826,"PASM","zppttemp"
886,0.0024234765153947,"PASM","zppttemp"
887,0.00264091396019413,"PASM","zppttemp"
888,0.00326396300297402,"PASM","zppttemp"
889,0.00293631851251137,"PASM","zppttemp"
890,0.00225108039960015,"PASM","zppttemp"
891,0.00208123744433721,"PASM","zppttemp"
892,0.00146251742576291,"PASM","zppttemp"
893,0.00141699625039042,"PASM","zppttemp"
894,0.00287431951414133,"PASM","zppttemp"
895,0.00293055189111898,"PASM","zppttemp"
896,0.00582549571264188,"PASM","zppttemp"
897,0.00606626039035127,"PASM","zppttemp"
898,0.00749174688523348,"PASM","zppttemp"
899,0.00701169091489289,"PASM","zppttemp"
900,0.00601095258953869,"PASM","zppttemp"
901,0.00372603234354482,"PASM","zppttemp"
902,0.00191584691699782,"PASM","zppttemp"
903,0.00161702444898107,"PASM","zppttemp"
904,0.00193524828482297,"PASM","zppttemp"
905,0.00192260758302477,"PASM","zppttemp"
906,0.00143621387280958,"PASM","zppttemp"
907,0.00118594691567988,"PASM","zppttemp"
908,0.00137936522583445,"PASM","zppttemp"
909,0.00131531330764036,"PASM","zppttemp"
910,0.00296834465836929,"PASM","zppttemp"
911,0.00379472276824368,"PASM","zppttemp"
912,0.00405768890289328,"PASM","zppttemp"
913,0.00458866924400084,"PASM","zppttemp"
914,0.00433366882473213,"PASM","zppttemp"
915,0.00431801059296076,"PASM","zppttemp"
916,0.00606908621454319,"PASM","zppttemp"
917,0.0036325756989246,"PASM","zppttemp"
918,0.00376009087609266,"PASM","zppttemp"
919,0.00520577371892355,"PASM","zppttemp"
920,0.00348732026232378,"PASM","zppttemp"
921,0.00469565890098708,"PASM","zppttemp"
922,0.0046787260151689,"PASM","zppttemp"
923,0.00387308519906794,"PASM","zppttemp"
924,0.00313493458008991,"PASM","zppttemp"
925,0.00197657848229071,"PASM","zppttemp"
926,0.00217223039811446,"PASM","zppttemp"
927,0.0017838587924504,"PASM","zppttemp"
928,0.00198636741526876,"PASM","zppttemp"
929,0.00237957479141602,"PASM","zppttemp"
930,0.00245163599291788,"PASM","zppttemp"
931,0.0020045470940269,"PASM","zppttemp"
932,0.00257184761764291,"PASM","zppttemp"
933,0.00335071709958853,"PASM","zppttemp"
934,0.00283472698951254,"PASM","zppttemp"
935,0.00176551429984263,"PASM","zppttemp"
936,0.00186104984041296,"PASM","zppttemp"
937,0.00143800241084522,"PASM","zppttemp"
938,0.00120299755187994,"PASM","zppttemp"
939,0.00118679630556395,"PASM","zppttemp"
940,0.00125125686695733,"PASM","zppttemp"
941,0.00129144138278372,"PASM","zppttemp"
942,0.00148277219136671,"PASM","zppttemp"
943,0.00109724120287496,"PASM","zppttemp"
944,0.000740189823653121,"PASM","zppttemp"
945,0.000744882647112373,"PASM","zppttemp"
946,0.000476902948744309,"PASM","zppttemp"
947,0.000395233785402672,"PASM","zppttemp"
948,0.000446823394130858,"PASM","zppttemp"
949,0.00060862561832651,"PASM","zppttemp"
950,0.000491184705360928,"PASM","zppttemp"
951,0.000509234151114758,"PASM","zppttemp"
952,0.000889663573322447,"PASM","zppttemp"
953,0.00149471685979008,"PASM","zppttemp"
954,0.00192372503960305,"PASM","zppttemp"
955,0.00211557942258988,"PASM","zppttemp"
956,0.00198769825471524,"PASM","zppttemp"
957,0.00388964552100523,"PASM","zppttemp"
958,0.00458716807992722,"PASM","zppttemp"
959,0.0052691492819138,"PASM","zppttemp"
960,0.00594758663787711,"PASM","zppttemp"
961,0.00765945714794052,"PASM","zppttemp"
962,0.0088081617139115,"PASM","zppttemp"
963,0.00730292668423825,"PASM","zppttemp"
964,0.00675196438720338,"PASM","zppttemp"
965,0.00548288374276893,"PASM","zppttemp"
966,0.00384228419548911,"PASM","zppttemp"
967,0.0064713061920613,"PASM","zppttemp"
968,0.00480998101994527,"PASM","zppttemp"
969,0.00570811506350515,"PASM","zppttemp"
970,0.00288899690259741,"PASM","zppttemp"
971,0.00245568040811335,"PASM","zppttemp"
972,0.00164839716435862,"PASM","zppttemp"
973,0.00225433821882413,"PASM","zppttemp"
974,0.00242663048563026,"PASM","zppttemp"
975,0.00192895801924596,"PASM","zppttemp"
976,0.00136074246972851,"PASM","zppttemp"
977,0.00287475813179311,"PASM","zppttemp"
978,0.0026881448866165,"PASM","zppttemp"
979,0.00421106084587032,"PASM","zppttemp"
980,0.00356758349473954,"PASM","zppttemp"
981,0.0055431399727208,"PASM","zppttemp"
982,0.00339508268684321,"PASM","zppttemp"
983,0.00420359418277513,"PASM","zppttemp"
984,0.0043422069355704,"PASM","zppttemp"
985,0.0037684639074719,"PASM","zppttemp"
986,0.0034974662835719,"PASM","zppttemp"
987,0.00532838301024973,"PASM","zppttemp"
988,0.00374025515397369,"PASM","zppttemp"
989,0.00373298092228967,"PASM","zppttemp"
990,0.00316264914970648,"PASM","zppttemp"
991,0.00340384894493192,"PASM","zppttemp"
992,0.00175896635797656,"PASM","zppttemp"
993,0.0024385109686618,"PASM","zppttemp"
994,0.00183638968777889,"PASM","zppttemp"
995,0.00177953744495215,"PASM","zppttemp"
996,0.00308948584989397,"PASM","zppttemp"
997,0.00487702127312554,"PASM","zppttemp"
998,0.00426558711603948,"PASM","zppttemp"
999,0.00698711916225341,"PASM","zppttemp"
1000,0.00385411283784584,"PASM","zppttemp"
1001,0.00229403910309508,"PASM","zppttemp"
1002,0.00224972882167952,"PASM","zppttemp"
1003,0.00186513243143293,"PASM","zppttemp"
1004,0.00124819541506193,"PASM","zppttemp"
1005,0.00113108848147062,"PASM","zppttemp"
1006,0.000998112056542048,"PASM","zppttemp"
1007,0.00125635187711711,"PASM","zppttemp"
1008,0.00172476834338803,"PASM","zppttemp"
1009,0.00140638157536252,"PASM","zppttemp"
1010,0.00142800528954138,"PASM","zppttemp"
1011,0.00160766056690699,"PASM","zppttemp"
1012,0.00199502711136297,"PASM","zppttemp"
1013,0.00244078136115985,"PASM","zppttemp"
1014,0.00244458363216129,"PASM","zppttemp"
1015,0.0010939801075334,"PASM","zppttemp"
1016,0.00101348675941719,"PASM","zppttemp"
1017,0.00100233591533235,"PASM","zppttemp"
1018,0.00145719044365396,"PASM","zppttemp"
1019,0.0010095795851119,"PASM","zppttemp"
1020,0.00165312213525175,"PASM","zppttemp"
1021,0.001864844412011,"PASM","zppttemp"
1022,0.00277956533044979,"PASM","zppttemp"
1023,0.00320423290381219,"PASM","zppttemp"
1024,0.00311271372379101,"PASM","zppttemp"
1025,0.00544869107430318,"PASM","zppttemp"
1026,0.00715960585202105,"PASM","zppttemp"
1027,0.00455658559242408,"PASM","zppttemp"
1028,0.00468844904146704,"PASM","zppttemp"
1029,0.00640220748305202,"PASM","zppttemp"
1030,0.00511026519200576,"PASM","zppttemp"
1031,0.00552292775754301,"PASM","zppttemp"
1032,0.00566888701399198,"PASM","zppttemp"
1033,0.00524314918538467,"PASM","zppttemp"
1034,0.00515566773591151,"PASM","zppttemp"
1035,0.00364598106329393,"PASM","zppttemp"
1036,0.00436998040584357,"PASM","zppttemp"
1037,0.00464324363522663,"PASM","zppttemp"
1038,0.00459148658907465,"PASM","zppttemp"
1039,0.00417891410751832,"PASM","zppttemp"
1040,0.00431794873201297,"PASM","zppttemp"
1041,0.00260330623356756,"PASM","zppttemp"
1042,0.0364111884437329,"PASM","zppttemp"
1043,0.00174418753176742,"PASM","zppttemp"
1044,0.00289323829366494,"PASM","zppttemp"
1045,0.00390489678897319,"PASM","zppttemp"
1046,0.00426405769463683,"PASM","zppttemp"
1047,0.00434521377528809,"PASM","zppttemp"
1048,0.00253420809259284,"PASM","zppttemp"
1049,0.00185984739124285,"PASM","zppttemp"
1050,0.00273262349649002,"PASM","zppttemp"
1051,0.00150662025062429,"PASM","zppttemp"
1052,0.00190570133960268,"PASM","zppttemp"
1053,0.0123808134743267,"PASM","zppttemp"
1054,0.00602217216217406,"PASM","zppttemp"
1055,0.00592400778452452,"PASM","zppttemp"
1056,0.00351117841483132,"PASM","zppttemp"
1057,0.00264209560996595,"PASM","zppttemp"
1058,0.00432303382263427,"PASM","zppttemp"
1059,0.00297766586245668,"PASM","zppttemp"
1060,0.00275738368221822,"PASM","zppttemp"
1061,0.00280027587654253,"PASM","zppttemp"
1062,0.00270534729468705,"PASM","zppttemp"
1063,0.00341398062673221,"PASM","zppttemp"
1064,0.00211586969347382,"PASM","zppttemp"
1065,0.00246621829897531,"PASM","zppttemp"
1066,0.00250276116332333,"PASM","zppttemp"
1067,0.00176515967125029,"PASM","zppttemp"
1068,0.00207247630984545,"PASM","zppttemp"
1069,0.00162661962201062,"PASM","zppttemp"
1070,0.00141080509849942,"PASM","zppttemp"
1071,0.00137188863830479,"PASM","zppttemp"
1072,0.00200504404687798,"PASM","zppttemp"
1073,0.002329536446174,"PASM","zppttemp"
1074,0.00240709078962001,"PASM","zppttemp"
1075,0.00373209655849879,"PASM","zppttemp"
1076,0.0030363671545445,"PASM","zppttemp"
1077,0.00316345171451659,"PASM","zppttemp"
1078,0.00254349113627761,"PASM","zppttemp"
1079,0.0018490846397816,"PASM","zppttemp"
1080,0.00178787010685178,"PASM","zppttemp"
1081,0.00343049557967079,"PASM","zppttemp"
1082,0.00254799691383627,"PASM","zppttemp"
1083,18.3363999223077,"PASM","zppttemp"
1084,4.80309432547203e-20,"PASM","zppttemp"
1085,1.17127574236008e-19,"PASM","zppttemp"
1086,1.36859500660733e-19,"PASM","zppttemp"
1087,2.16727364193406e-19,"PASM","zppttemp"
1088,2.20403443179986e-19,"PASM","zppttemp"
1089,2.04584959735223e-19,"PASM","zppttemp"
1090,2.18779609635404e-19,"PASM","zppttemp"
1091,2.49979994796526e-19,"PASM","zppttemp"
1092,2.2274615150253e-19,"PASM","zppttemp"
1093,2.51849104162546e-19,"PASM","zppttemp"
1094,2.56313847127014e-19,"PASM","zppttemp"
1095,3.80016026263457e-19,"PASM","zppttemp"
1096,5.09926386475017e-19,"PASM","zppttemp"
1097,3.81620936723276e-19,"PASM","zppttemp"
1098,3.17170647793896e-19,"PASM","zppttemp"
1099,4.02191536502755e-19,"PASM","zppttemp"
1100,5.43194319808899e-19,"PASM","zppttemp"
1101,5.87358969284881e-19,"PASM","zppttemp"
1102,4.90695769137135e-19,"PASM","zppttemp"
1103,7.68013589267107e-19,"PASM","zppttemp"
1104,1.27906631024698e-18,"PASM","zppttemp"
1105,2.08080276150539e-18,"PASM","zppttemp"
1106,1.6178183545859e-18,"PASM","zppttemp"
1107,2.27510653056448e-18,"PASM","zppttemp"
1108,1.88493818098059e-18,"PASM","zppttemp"
1109,2.70069629427535e-18,"PASM","zppttemp"
1110,2.06247739809808e-18,"PASM","zppttemp"
1111,2.324170186281e-18,"PASM","zppttemp"
1112,2.81674809517221e-18,"PASM","zppttemp"
1113,4.56293199506947e-18,"PASM","zppttemp"
1114,5.80089968020324e-18,"PASM","zppttemp"
1115,9.21215545989891e-18,"PASM","zppttemp"
1116,1.61664556705611e-17,"PASM","zppttemp"
1117,2.24850653099168e-17,"PASM","zppttemp"
1118,2.41900293731452e-17,"PASM","zppttemp"
1119,3.09099255348806e-17,"PASM","zppttemp"
1120,3.93410004174888e-17,"PASM","zppttemp"
1121,5.53642715400087e-17,"PASM","zppttemp"
1122,5.96017620232975e-17,"PASM","zppttemp"
1123,5.58297116272403e-17,"PASM","zppttemp"
1124,5.82142522343832e-17,"PASM","zppttemp"
1125,5.88073636721721e-17,"PASM","zppttemp"
1126,4.13805348902942e-17,"PASM","zppttemp"
1127,4.21264867619703e-17,"PASM","zppttemp"
1128,5.96788796353024e-17,"PASM","zppttemp"
1129,1.5044826652136e-16,"PASM","zppttemp"
1130,1.48962391073115e-16,"PASM","zppttemp"
1131,2.13236115114669e-16,"PASM","zppttemp"
1132,2.67804243942878e-16,"PASM","zppttemp"
1133,2.45353862931889e-16,"PASM","zppttemp"
1134,5.19332045595588e-16,"PASM","zppttemp"
1135,5.96838368610725e-16,"PASM","zppttemp"
1136,8.2054345915545e-16,"PASM","zppttemp"
1137,9.63719281343969e-16,"PASM","zppttemp"
1138,1.14050246454115e-15,"PASM","zppttemp"
1139,1.04161082108544e-15,"PASM","zppttemp"
1140,9.28508743779114e-16,"PASM","zppttemp"
1141,1.26148514613545e-15,"PASM","zppttemp"
1142,1.37164902075906e-15,"PASM","zppttemp"
1143,1.55844302791397e-15,"PASM","zppttemp"
1144,1.33945482263611e-15,"PASM","zppttemp"
1145,1.69086643076935e-15,"PASM","zppttemp"
1146,3.92736118613666e-15,"PASM","zppttemp"
1147,4.6091110461804e-15,"PASM","zppttemp"
1148,5.5435040869103e-15,"PASM","zppttemp"
1149,6.07826858323468e-15,"PASM","zppttemp"
1150,9.16656237280848e-15,"PASM","zppttemp"
1151,9.52100415508028e-15,"PASM","zppttemp"
1152,1.89669174632948e-14,"PASM","zppttemp"
1153,1.14286028353448e-14,"PASM","zppttemp"
1154,1.27012801384485e-14,"PASM","zppttemp"
1155,9.98221348053662e-15,"PASM","zppttemp"
1156,1.11892629052824e-14,"PASM","zppttemp"
1157,1.73593012369418e-14,"PASM","zppttemp"
1158,9.53931437708958e-15,"PASM","zppttemp"
1159,2.07486082838801e-14,"PASM","zppttemp"
1160,1.82771668507294e-14,"PASM","zppttemp"
1161,2.53100571504486e-14,"PASM","zppttemp"
1162,2.79017320073313e-14,"PASM","zppttemp"
1163,4.07510897453894e-14,"PASM","zppttemp"
1164,4.49052153065076e-14,"PASM","zppttemp"
1165,5.34328618225824e-14,"PASM","zppttemp"
1166,5.7656140079937e-14,"PASM","zppttemp"
1167,6.8796912024326e-14,"PASM","zppttemp"
1168,5.95508490424468e-14,"PASM","zppttemp"
1169,9.56441036148639e-14,"PASM","zppttemp"
1170,2.10648456103649e-13,"PASM","zppttemp"
1171,2.64872631564712e-13,"PASM","zppttemp"
1172,5.53939210504851e-13,"PASM","zppttemp"
1173,7.48668418133273e-13,"PASM","zppttemp"
1174,9.97872306149544e-13,"PASM","zppttemp"
1175,1.25165239860368e-12,"PASM","zppttemp"
1176,1.61014619449757e-12,"PASM","zppttemp"
1177,1.77064121799796e-12,"PASM","zppttemp"
1178,3.16766553211937e-12,"PASM","zppttemp"
1179,3.56209762759439e-12,"PASM","zppttemp"
1180,3.28153123956677e-12,"PASM","zppttemp"
1181,3.90926751324221e-12,"PASM","zppttemp"
1182,3.96788434144912e-12,"PASM","zppttemp"
1183,4.44480286349051e-12,"PASM","zppttemp"
1184,7.77166365126065e-12,"PASM","zppttemp"
1185,6.24243057198938e-12,"PASM","zppttemp"
1186,6.8983644066773e-12,"PASM","zppttemp"
1187,1.64104230730179e-11,"PASM","zppttemp"
1188,2.30166434945739e-11,"PASM","zppttemp"
1189,2.1650390495602e-11,"PASM","zppttemp"
1190,2.82756900138972e-11,"PASM","zppttemp"
1191,2.91759279069352e-11,"PASM","zppttemp"
1192,3.58891298680798e-11,"PASM","zppttemp"
1193,2.89447915680523e-11,"PASM","zppttemp"
1194,3.38893681754295e-11,"PASM","zppttemp"
1195,3.68488535135504e-11,"PASM","zppttemp"
1196,6.74966086337367e-11,"PASM","zppttemp"
1197,9.6942879283852e-11,"PASM","zppttemp"
1198,1.25747119342667e-10,"PASM","zppttemp"
1199,1.22342375068906e-10,"PASM","zppttemp"
1200,1.05240566338982e-10,"PASM","zppttemp"
1201,1.14586739165511e-10,"PASM","zppttemp"
1202,8.62756233449147e-11,"PASM","zppttemp"
1203,9.98978025653804e-11,"PASM","zppttemp"
1204,9.4986044022433e-11,"PASM","zppttemp"
1205,1.49778030369739e-10,"PASM","zppttemp"
1206,1.01623403588844e-10,"PASM","zppttemp"
1207,6.38319189639348e-11,"PASM","zppttemp"
1208,6.06197897190363e-11,"PASM","zppttemp"
1209,8.17539942085842e-11,"PASM","zppttemp"
1210,9.35236625438838e-11,"PASM","zppttemp"
1211,1.14717864732239e-10,"PASM","zppttemp"
1212,1.36863435862756e-10,"PASM","zppttemp"
1213,2.33592760848746e-10,"PASM","zppttemp"
1214,1.8945023965734e-10,"PASM","zppttemp"
1215,3.02721539197386e-10,"PASM","zppttemp"
1216,3.05917251732548e-10,"PASM","zppttemp"
1217,3.07146138823233e-10,"PASM","zppttemp"
1218,2.76346877862149e-10,"PASM","zppttemp"
1219,5.44967238228579e-10,"PASM","zppttemp"
1220,8.28512738037579e-10,"PASM","zppttemp"
1221,1.17247983027594e-09,"PASM","zppttemp"
1222,1.71233421226049e-09,"PASM","zppttemp"
1223,2.72124238688736e-09,"PASM","zppttemp"
1224,3.32861034437556e-09,"PASM","zppttemp"
1225,4.17438316941382e-09,"PASM","zppttemp"
1226,4.91726543632611e-09,"PASM","zppttemp"
1227,6.21336711386209e-09,"PASM","zppttemp"
1228,6.64252068472687e-09,"PASM","zppttemp"
1229,6.30543941513657e-09,"PASM","zppttemp"
1230,5.69957207016119e-09,"PASM","zppttemp"
1231,6.08848504244325e-09,"PASM","zppttemp"
1232,1.32722725799397e-08,"PASM","zppttemp"
1233,2.69627231497701e-08,"PASM","zppttemp"
1234,3.99378914636467e-08,"PASM","zppttemp"
1235,7.01742851307141e-08,"PASM","zppttemp"
1236,6.7180481702981e-08,"PASM","zppttemp"
1237,6.08420391129996e-08,"PASM","zppttemp"
1238,6.91754069113252e-08,"PASM","zppttemp"
1239,7.09842493392364e-08,"PASM","zppttemp"
1240,7.31509984098905e-08,"PASM","zppttemp"
1241,1.24607495614162e-07,"PASM","zppttemp"
1242,9.83652908685999e-08,"PASM","zppttemp"
1243,1.36557720097906e-07,"PASM","zppttemp"
1244,1.30214566026197e-07,"PASM","zppttemp"
1245,1.35272965529948e-07,"PASM","zppttemp"
1246,1.78331893804017e-07,"PASM","zppttemp"
1247,1.12182245622836e-07,"PASM","zppttemp"
1248,1.33230749215421e-07,"PASM","zppttemp"
1249,1.7583620919368e-07,"PASM","zppttemp"
1250,2.48165555121423e-07,"PASM","zppttemp"
1251,3.70847578475554e-07,"PASM","zppttemp"
1252,3.61353172602239e-07,"PASM","zppttemp"
1253,3.86151777845919e-07,"PASM","zppttemp"
1254,3.83322457445523e-07,"PASM","zppttemp"
1255,4.09193139920881e-07,"PASM","zppttemp"
1256,3.6812603980267e-07,"PASM","zppttemp"
1257,3.7127075782033e-07,"PASM","zppttemp"
1258,3.6139014006531e-07,"PASM","zppttemp"
1259,6.24739441260198e-07,"PASM","zppttemp"
1260,1.11944200421013e-06,"PASM","zppttemp"
1261,8.33263606601665e-07,"PASM","zppttemp"
1262,6.84903354413014e-07,"PASM","zppttemp"
1263,7.20359510300714e-07,"PASM","zppttemp"
1264,5.0484607709697e-07,"PASM","zppttemp"
1265,6.22554372117166e-07,"PASM","zppttemp"
1266,7.37982604700699e-07,"PASM","zppttemp"
1267,1.04111622950216e-06,"PASM","zppttemp"
1268,2.06359945694304e-06,"PASM","zppttemp"
1269,1.70002241204471e-06,"PASM","zppttemp"
1270,1.8499222744308e-06,"PASM","zppttemp"
1271,2.52198703365423e-06,"PASM","zppttemp"
1272,2.72992205646118e-06,"PASM","zppttemp"
1273,3.73416245190971e-06,"PASM","zppttemp"
1274,4.44925470516363e-06,"PASM","zppttemp"
1275,4.8032714416959e-06,"PASM","zppttemp"
1276,5.25631378790283e-06,"PASM","zppttemp"
1277,8.4918402106294e-06,"PASM","zppttemp"
1278,1.74955882221386e-05,"PASM","zppttemp"
1279,1.89915331062556e-05,"PASM","zppttemp"
1280,1.78869634013588e-05,"PASM","zppttemp"
1281,1.73711153531251e-05,"PASM","zppttemp"
1282,2.14009337940691e-05,"PASM","zppttemp"
1283,2.1772308642328e-05,"PASM","zppttemp"
1284,2.3362751788541e-05,"PASM","zppttemp"
1285,3.55025486819484e-05,"PASM","zppttemp"
1286,4.11727309744232e-05,"PASM","zppttemp"
1287,5.33954506508154e-05,"PASM","zppttemp"
1288,6.08586270940621e-05,"PASM","zppttemp"
1289,8.07062649023527e-05,"PASM","zppttemp"
1290,9.57573592724544e-05,"PASM","zppttemp"
1291,0.000100402884052956,"PASM","zppttemp"
1292,0.000175887469104061,"PASM","zppttemp"
1293,0.000123704696317704,"PASM","zppttemp"
1294,0.000137424233388233,"PASM","zppttemp"
1295,0.000124429943283821,"PASM","zppttemp"
1296,0.000105109797975104,"PASM","zppttemp"
1297,8.77450433787804e-05,"PASM","zppttemp"
1298,5.99871541004119e-05,"PASM","zppttemp"
1299,3.96700995502108e-05,"PASM","zppttemp"
1300,4.2143254365092e-05,"PASM","zppttemp"
1301,7.56084386817102e-05,"PASM","zppttemp"
1302,9.85086084537261e-05,"PASM","zppttemp"
1303,0.000119535220629022,"PASM","zppttemp"
1304,9.64325260297413e-05,"PASM","zppttemp"
1305,0.00014378540177793,"PASM","zppttemp"
1306,0.000151024265144991,"PASM","zppttemp"
1307,0.000218657639143266,"PASM","zppttemp"
1308,0.000148891728063238,"PASM","zppttemp"
1309,0.000155704522224739,"PASM","zppttemp"
1310,0.000327320887936012,"PASM","zppttemp"
1311,0.000517706449490002,"PASM","zppttemp"
1312,0.000503789382561447,"PASM","zppttemp"
1313,0.000666534584738683,"PASM","zppttemp"
1314,0.000723867066594492,"PASM","zppttemp"
1315,0.00105859537097489,"PASM","zppttemp"
1316,0.000931521498693436,"PASM","zppttemp"
1317,0.000680890252241713,"PASM","zppttemp"
1318,0.000591634725402253,"PASM","zppttemp"
1319,0.00088274949273301,"PASM","zppttemp"
1320,0.00104269968825135,"PASM","zppttemp"
1321,0.00100310292211804,"PASM","zppttemp"
1322,0.00107252580659781,"PASM","zppttemp"
1323,0.000809070987060338,"PASM","zppttemp"
1324,0.000963537155980716,"PASM","zppttemp"
1325,0.00296894783274702,"PASM","zppttemp"
1326,0.00319122629440241,"PASM","zppttemp"
1327,0.00440322848388908,"PASM","zppttemp"
1328,0.00315173388934305,"PASM","zppttemp"
1329,0.00487641928054407,"PASM","zppttemp"
1330,0.00355604134915204,"PASM","zppttemp"
1331,0.00420915384478175,"PASM","zppttemp"
1332,0.00444814199822553,"PASM","zppttemp"
1333,0.00450687547859463,"PASM","zppttemp"
1334,0.00352248263804335,"PASM","zppttemp"
1335,0.00303797863786454,"PASM","zppttemp"
1336,0.00351868603255359,"PASM","zppttemp"
1337,0.0036732252264958,"PASM","zppttemp"
1338,0.00318392174788842,"PASM","zppttemp"
1339,0.00262474509326483,"PASM","zppttemp"
1340,0.00212315035732432,"PASM","zppttemp"
1341,0.0030727610395911,"PASM","zppttemp"
1342,0.00311016420154773,"PASM","zppttemp"
1343,0.0034923909851131,"PASM","zppttemp"
1344,0.00374118793668383,"PASM","zppttemp"
1345,0.0044369785439421,"PASM","zppttemp"
1346,0.00237300395285631,"PASM","zppttemp"
1347,0.00243370920686003,"PASM","zppttemp"
1348,0.00274965004442195,"PASM","zppttemp"
1349,0.00293963294686197,"PASM","zppttemp"
1350,0.00262867977900214,"PASM","zppttemp"
1351,0.00264575983989275,"PASM","zppttemp"
1352,0.00279115206734448,"PASM","zppttemp"
1353,0.00240663411516791,"PASM","zppttemp"
1354,0.00189274428383783,"PASM","zppttemp"
1355,0.00230718513989998,"PASM","zppttemp"
1356,0.00221222815951767,"PASM","zppttemp"
1357,0.0019026916228311,"PASM","zppttemp"
1358,0.00189371239740723,"PASM","zppttemp"
1359,0.00190223037662515,"PASM","zppttemp"
1360,0.00191164203058994,"PASM","zppttemp"
1361,0.00142953635112046,"PASM","zppttemp"
1362,0.0025222479114474,"PASM","zppttemp"
1363,0.00275145329366322,"PASM","zppttemp"
1364,0.00218095411641635,"PASM","zppttemp"
1365,0.00202955266360166,"PASM","zppttemp"
1366,0.00252677210140674,"PASM","zppttemp"
1367,0.00299578049301867,"PASM","zppttemp"
1368,0.00182702269815893,"PASM","zppttemp"
1369,0.00231240396824898,"PASM","zppttemp"
1370,0.00262165712422972,"PASM","zppttemp"
1371,0.000913911915633967,"PASM","zppttemp"
1372,0.000982022232627532,"PASM","zppttemp"
1373,0.000884656748922713,"PASM","zppttemp"
1374,0.000763246594027049,"PASM","zppttemp"
1375,0.000416199492850851,"PASM","zppttemp"
1376,0.000868848639988678,"PASM","zppttemp"
1377,0.000735416738116486,"PASM","zppttemp"
1378,0.000867189128704328,"PASM","zppttemp"
1379,0.000748398131096255,"PASM","zppttemp"
1380,0.00123506681522437,"PASM","zppttemp"
1381,0.00138326227398118,"PASM","zppttemp"
1382,0.00177803364538182,"PASM","zppttemp"
1383,0.00186885517322302,"PASM","zppttemp"
1384,0.00383082689860066,"PASM","zppttemp"
1385,0.00445180818609808,"PASM","zppttemp"
1386,0.00726080634369546,"PASM","zppttemp"
1387,0.00912115550359854,"PASM","zppttemp"
1388,0.0109050717106394,"PASM","zppttemp"
1389,0.0053698952162515,"PASM","zppttemp"
1390,0.00563067742088724,"PASM","zppttemp"
1391,0.00555001190865409,"PASM","zppttemp"
1392,0.00576753035261457,"PASM","zppttemp"
1393,0.00419604499477867,"PASM","zppttemp"
1394,0.00346003784987011,"PASM","zppttemp"
1395,0.00466684005921404,"PASM","zppttemp"
1396,0.00362049351120936,"PASM","zppttemp"
1397,0.00267943339861763,"PASM","zppttemp"
1398,0.00244376598595318,"PASM","zppttemp"
1399,0.00350495489419339,"PASM","zppttemp"
1400,0.00305770976340268,"PASM","zppttemp"
1401,0.00319158184179145,"PASM","zppttemp"
1402,0.00205544652204437,"PASM","zppttemp"
1403,0.00261673268564471,"PASM","zppttemp"
1404,0.0032200066117291,"PASM","zppttemp"
1405,0.00326668371360897,"PASM","zppttemp"
1406,0.00369430687367521,"PASM","zppttemp"
1407,0.00317235135659051,"PASM","zppttemp"
1408,0.00300010980303172,"PASM","zppttemp"
1409,0.00271720215968028,"PASM","zppttemp"
1410,0.00330674016671734,"PASM","zppttemp"
1411,0.00252243082077244,"PASM","zppttemp"
1412,0.00178704775041425,"PASM","zppttemp"
1413,0.00139888636718366,"PASM","zppttemp"
1414,0.0017064153479733,"PASM","zppttemp"
1415,0.00139531878168513,"PASM","zppttemp"
1416,0.000831376722640648,"PASM","zppttemp"
1417,0.00112190716678848,"PASM","zppttemp"
1418,0.00145921113299194,"PASM","zppttemp"
1419,0.0013895666883072,"PASM","zppttemp"
1420,0.0023529735490607,"PASM","zppttemp"
1421,0.00231519505564428,"PASM","zppttemp"
1422,0.00221646688395813,"PASM","zppttemp"
1423,0.00166505414195045,"PASM","zppttemp"
1424,0.00163996278787591,"PASM","zppttemp"
1425,0.00158644341605405,"PASM","zppttemp"
1426,0.00141080012042542,"PASM","zppttemp"
1427,0.00188410463252577,"PASM","zppttemp"
1428,0.00166265460129709,"PASM","zppttemp"
1429,0.00182832878940064,"PASM","zppttemp"
1430,0.00109903289691071,"PASM","zppttemp"
1431,0.00101499234096361,"PASM","zppttemp"
1432,0.00153137765855347,"PASM","zppttemp"
1433,0.0019744149588863,"PASM","zppttemp"
1434,0.00212827558588326,"PASM","zppttemp"
1435,0.00240819590473534,"PASM","zppttemp"
1436,0.00198104789822781,"PASM","zppttemp"
1437,0.00228725965841587,"PASM","zppttemp"
1438,0.00305147276343344,"PASM","zppttemp"
1439,0.00315475267287936,"PASM","zppttemp"
1440,0.00276281996609934,"PASM","zppttemp"
1441,0.00243257427407882,"PASM","zppttemp"
1442,0.00216691604711533,"PASM","zppttemp"
1443,0.00150163959009217,"PASM","zppttemp"
1444,0.00188955496365351,"PASM","zppttemp"
1445,0.017950763059013,"PASM","zppttemp"
1446,0.00913671462600279,"PASM","zppttemp"
1447,0.00989281317167798,"PASM","zppttemp"
1448,0.00823806510144463,"PASM","zppttemp"
1449,0.00639793594396251,"PASM","zppttemp"
1450,0.00691941789616908,"PASM","zppttemp"
1451,0.00623264626064823,"PASM","zppttemp"
1452,0.00838924952340174,"PASM","zppttemp"
1453,0.00631428039627234,"PASM","zppttemp"
1454,0.0081203166106725,"PASM","zppttemp"
1455,0.00891032473605439,"PASM","zppttemp"
1456,0.0070554365951481,"PASM","zppttemp"
1457,0.00439218722972103,"PASM","zppttemp"
1458,0.00290330742773894,"PASM","zppttemp"
1459,0.0040091353673316,"PASM","zppttemp"
1460,0.00445393456269357,"PASM","zppttemp"
1461,0.00394462181617315,"PASM","zppttemp"
1462,0.00265123574607085,"PASM","zppttemp"
1463,0.00244778758427776,"PASM","zppttemp"
1464,0.00216015899400291,"PASM","zppttemp"
1465,0.00152190202863212,"PASM","zppttemp"
1466,0.00144362007001554,"PASM","zppttemp"
1467,0.00108545674302366,"PASM","zppttemp"
1468,0.00128530023962432,"PASM","zppttemp"
1469,0.00260830774711038,"PASM","zppttemp"
1470,0.00145103838317442,"PASM","zppttemp"
1471,0.00211885465713371,"PASM","zppttemp"
1472,0.00212726630849798,"PASM","zppttemp"
1473,0.00232450887096829,"PASM","zppttemp"
1474,0.00290916059211195,"PASM","zppttemp"
1475,0.00199945759704016,"PASM","zppttemp"
1476,0.00241960923663284,"PASM","zppttemp"
1477,0.00232123139034145,"PASM","zppttemp"
1478,0.00164060415125029,"PASM","zppttemp"
1479,0.00170542110698215,"PASM","zppttemp"
1480,0.00153331069420381,"PASM","zppttemp"
1481,0.00180633267336089,"PASM","zppttemp"
1482,0.00192308139508136,"PASM","zppttemp"
1483,0.00184877552315411,"PASM","zppttemp"
1484,0.00213850773646014,"PASM","zppttemp"
1485,0.00161765947218116,"PASM","zppttemp"
1486,0.00181515031367836,"PASM","zppttemp"
1487,0.00185897881494868,"PASM","zppttemp"
1488,0.00192954817176895,"PASM","zppttemp"
1489,0.00164292764739738,"PASM","zppttemp"
1490,0.00162056046606,"PASM","zppttemp"
1491,0.00163301249590836,"PASM","zppttemp"
1492,0.00109478498301449,"PASM","zppttemp"
1493,0.00114688673479407,"PASM","zppttemp"
1494,0.000924293404283275,"PASM","zppttemp"
1495,0.00103547204926595,"PASM","zppttemp"
1496,0.00134242745710574,"PASM","zppttemp"
1497,0.00148215007949384,"PASM","zppttemp"
1498,0.00198137981399716,"PASM","zppttemp"
1499,0.00223274287820953,"PASM","zppttemp"
1500,0.00225274439104602,"PASM","zppttemp"
1501,0.00288893042267518,"PASM","zppttemp"
1502,0.00170859178217665,"PASM","zppttemp"
1503,0.00211073885349543,"PASM","zppttemp"
1504,0.00267191531873542,"PASM","zppttemp"
1505,0.00247632618024023,"PASM","zppttemp"
1506,0.00247740459777443,"PASM","zppttemp"
1507,0.00231125383835019,"PASM","zppttemp"
1508,0.00224740158703362,"PASM","zppttemp"
1509,0.00203006047540494,"PASM","zppttemp"
1510,0.00294618874228532,"PASM","zppttemp"
1511,0.00253633118583419,"PASM","zppttemp"
1512,0.00229335070188562,"PASM","zppttemp"
1513,0.00218116900264658,"PASM","zppttemp"
1514,0.00206706822247966,"PASM","zppttemp"
1515,0.00231532361220186,"PASM","zppttemp"
1516,0.00302267314485871,"PASM","zppttemp"
1517,0.0030637492046245,"PASM","zppttemp"
1518,0.00285047628091623,"PASM","zppttemp"
1519,0.00156758598106508,"PASM","zppttemp"
1520,0.00259149969686184,"PASM","zppttemp"
1521,0.00234052766249657,"PASM","zppttemp"
1522,0.0020378564695518,"PASM","zppttemp"
1523,0.00184490926779495,"PASM","zppttemp"
1524,0.00332200423076973,"PASM","zppttemp"
1525,0.00283888282778714,"PASM","zppttemp"
1526,0.00231194192923644,"PASM","zppttemp"
1527,0.00246852608224891,"PASM","zppttemp"
1528,0.00260774558581316,"PASM","zppttemp"
1529,0.00221160627151817,"PASM","zppttemp"
1530,0.00249756976055608,"PASM","zppttemp"
1531,0.00165603227308311,"PASM","zppttemp"
1532,0.00161966299537791,"PASM","zppttemp"
1533,0.00350434977399454,"PASM","zppttemp"
1534,0.00161827920328516,"PASM","zppttemp"
1535,0.00238235012401014,"PASM","zppttemp"
1536,0.00397799187787507,"PASM","zppttemp"
1537,0.00258272906725034,"PASM","zppttemp"
1538,0.0031552114898491,"PASM","zppttemp"
1539,0.00159859553015315,"PASM","zppttemp"
1540,0.00164203196146016,"PASM","zppttemp"
1541,0.00168542939566326,"PASM","zppttemp"
1542,0.00141835638016286,"PASM","zppttemp"
1543,0.00157604028676763,"PASM","zppttemp"
1544,0.00133337361968528,"PASM","zppttemp"
1545,0.00253371926942061,"PASM","zppttemp"
1546,0.00242880060855905,"PASM","zppttemp"
1547,0.00280384077120544,"PASM","zppttemp"
1548,0.00240948542175233,"PASM","zppttemp"
1549,0.00320389283681861,"PASM","zppttemp"
1550,0.00303633797211174,"PASM","zppttemp"
1551,0.00218398612322734,"PASM","zppttemp"
1552,0.00317074516737003,"PASM","zppttemp"
1553,0.00313063816315714,"PASM","zppttemp"
1554,0.00258298153469984,"PASM","zppttemp"
1555,0.00297725074419019,"PASM","zppttemp"
1556,0.00277843331981754,"PASM","zppttemp"
1557,0.00398514870557381,"PASM","zppttemp"
1558,0.00321443364264034,"PASM","zppttemp"
1559,0.00343278568673621,"PASM","zppttemp"
1560,0.00239088719006129,"PASM","zppttemp"
1561,0.00339649302539864,"PASM","zppttemp"
1562,0.00266375919458133,"PASM","zppttemp"
1563,0.00183720896088603,"PASM","zppttemp"
1564,0.00192459335246227,"PASM","zppttemp"
1565,0.00383007120803615,"PASM","zppttemp"
1566,0.00520800313225123,"PASM","zppttemp"
1567,0.00533884357337215,"PASM","zppttemp"
1568,0.00509951876783511,"PASM","zppttemp"
1569,0.00356049453508663,"PASM","zppttemp"
1570,0.00296385961556695,"PASM","zppttemp"
1571,0.00228161033788614,"PASM","zppttemp"
1572,0.00234160657170482,"PASM","zppttemp"
1573,0.00232435255473215,"PASM","zppttemp"
1574,0.001523096364757,"PASM","zppttemp"
1575,0.00188857066121053,"PASM","zppttemp"
1576,0.00183411943492503,"PASM","zppttemp"
1577,0.00172420845678312,"PASM","zppttemp"
1578,0.00177501936773202,"PASM","zppttemp"
1579,0.00161796050437903,"PASM","zppttemp"
1580,0.00107874064177199,"PASM","zppttemp"
1581,0.00143236916298328,"PASM","zppttemp"
1582,0.00137208305371201,"PASM","zppttemp"
1583,0.00137633430931857,"PASM","zppttemp"
1584,0.00150504297291415,"PASM","zppttemp"
1585,0.00168877324535299,"PASM","zppttemp"
1586,0.00174101256781527,"PASM","zppttemp"
1587,0.00165335605087423,"PASM","zppttemp"
1588,0.000801862110522687,"PASM","zppttemp"
1589,0.000946467967740053,"PASM","zppttemp"
1590,0.000996498130366185,"PASM","zppttemp"
1591,0.00115853468065007,"PASM","zppttemp"
1592,0.00124148488720461,"PASM","zppttemp"
1593,0.00131237875843152,"PASM","zppttemp"
1594,0.00124736881873492,"PASM","zppttemp"
1595,0.000781501552051832,"PASM","zppttemp"
1596,0.000378656275150703,"PASM","zppttemp"
1597,0.000666658978705398,"PASM","zppttemp"
1598,0.00126591828407653,"PASM","zppttemp"
1599,0.00201875862494019,"PASM","zppttemp"
1600,0.00160459328664899,"PASM","zppttemp"
1601,0.00194670699263942,"PASM","zppttemp"
1602,0.00184547109156781,"PASM","zppttemp"
1603,0.00201191609014175,"PASM","zppttemp"
1604,0.00311404704721051,"PASM","zppttemp"
1605,0.00286361592963562,"PASM","zppttemp"
1606,0.00271054211220073,"PASM","zppttemp"
1607,0.0024048967194264,"PASM","zppttemp"
1608,0.00238430528124504,"PASM","zppttemp"
1609,0.00202230758616753,"PASM","zppttemp"
1610,0.00177398742510335,"PASM","zppttemp"
1611,0.00205284770309209,"PASM","zppttemp"
1612,0.00176166047093281,"PASM","zppttemp"
1613,0.00244080717616336,"PASM","zppttemp"
1614,0.00324303826799693,"PASM","zppttemp"
1615,0.00262563164983762,"PASM","zppttemp"
1616,0.00251012495477382,"PASM","zppttemp"
1617,0.00296335651424622,"PASM","zppttemp"
1618,0.00247578284494731,"PASM","zppttemp"
1619,0.00365924230025844,"PASM","zppttemp"
1620,0.00360008152672698,"PASM","zppttemp"
1621,0.00308777351344909,"PASM","zppttemp"
1622,0.00319177901188527,"PASM","zppttemp"
1623,0.00288795326332052,"PASM","zppttemp"
1624,0.00186389895412081,"PASM","zppttemp"
1625,0.00263677458778997,"PASM","zppttemp"
1626,0.00353210581366774,"PASM","zppttemp"
1627,0.00253467514546549,"PASM","zppttemp"
1628,0.00354252238936323,"PASM","zppttemp"
1629,0.00519596524157382,"PASM","zppttemp"
1630,0.00492553641892232,"PASM","zppttemp"
1631,0.00651273335478182,"PASM","zppttemp"
1632,0.0035386346697921,"PASM","zppttemp"
1633,0.00318682151040109,"PASM","zppttemp"
1634,0.00148345116309361,"PASM","zppttemp"
1635,0.00107239804658098,"PASM","zppttemp"
1636,0.0013552119422289,"PASM","zppttemp"
1637,0.00152994371175568,"PASM","zppttemp"
1638,0.00124841625140148,"PASM","zppttemp"
1639,0.00148239793658189,"PASM","zppttemp"
1640,0.00120386918459414,"PASM","zppttemp"
1641,0.00104899090353965,"PASM","zppttemp"
1642,0.00118344336010655,"PASM","zppttemp"
1643,0.000936183307021883,"PASM","zppttemp"
1644,0.000593581609171368,"PASM","zppttemp"
1645,0.000575951058374332,"PASM","zppttemp"
1646,0.000553533140317507,"PASM","zppttemp"
1647,0.00040262308318895,"PASM","zppttemp"
1648,0.00039975757471324,"PASM","zppttemp"
1649,0.000637117141202036,"PASM","zppttemp"
1650,0.000525600285725761,"PASM","zppttemp"
1651,0.000610663618943472,"PASM","zppttemp"
1652,0.000597798161555533,"PASM","zppttemp"
1653,0.000480516506335087,"PASM","zppttemp"
1654,0.000565854836719741,"PASM","zppttemp"
1655,0.000793627549951825,"PASM","zppttemp"
1656,0.000572842316282168,"PASM","zppttemp"
1657,0.000689418835024153,"PASM","zppttemp"
1658,0.00082135810780143,"PASM","zppttemp"
1659,0.000546831503875853,"PASM","zppttemp"
1660,0.000600651658831711,"PASM","zppttemp"
1661,0.000797884263756756,"PASM","zppttemp"
1662,0.000750052018952621,"PASM","zppttemp"
1663,0.000985800335896441,"PASM","zppttemp"
1664,0.0235743628504773,"PASM","zppttemp"
1665,0.00894809103241458,"PASM","zppttemp"
1666,0.00812472139217714,"PASM","zppttemp"
1667,0.00942700650521851,"PASM","zppttemp"
1668,0.00733067218271527,"PASM","zppttemp"
1669,0.00700175339943462,"PASM","zppttemp"
1670,0.00574213135343402,"PASM","zppttemp"
1671,0.00430807167992733,"PASM","zppttemp"
1672,0.00465595218443439,"PASM","zppttemp"
1673,0.00386504673434207,"PASM","zppttemp"
1674,0.00222160599262138,"PASM","zppttemp"
1675,0.00281040173998605,"PASM","zppttemp"
1676,0.00211256811885968,"PASM","zppttemp"
1677,0.00193038685379096,"PASM","zppttemp"
1678,0.00204323219364858,"PASM","zppttemp"
1679,0.00190905012475246,"PASM","zppttemp"
1680,0.00255960125418963,"PASM","zppttemp"
1681,0.00278409315518306,"PASM","zppttemp"
1682,0.00361195530106152,"PASM","zppttemp"
1683,0.0039459467250736,"PASM","zppttemp"
1684,0.00173486345538362,"PASM","zppttemp"
1685,0.00185836862505617,"PASM","zppttemp"
1686,0.0017543626165667,"PASM","zppttemp"
1687,0.00265977136457162,"PASM","zppttemp"
1688,0.00308264887169142,"PASM","zppttemp"
1689,0.00462976359860243,"PASM","zppttemp"
1690,0.0063429388593403,"PASM","zppttemp"
1691,0.00832915745887851,"PASM","zppttemp"
1692,0.00609100033231547,"PASM","zppttemp"
1693,0.00484337125341745,"PASM","zppttemp"
1694,0.00448670207779962,"PASM","zppttemp"
1695,0.00470705686233335,"PASM","zppttemp"
1696,0.00500859928628629,"PASM","zppttemp"
1697,0.00422266782746465,"PASM","zppttemp"
1698,0.00367847781130318,"PASM","zppttemp"
1699,0.0033388478914536,"PASM","zppttemp"
1700,0.00258444023740671,"PASM","zppttemp"
1701,0.00352849859059103,"PASM","zppttemp"
1702,0.00433839574425219,"PASM","zppttemp"
1703,0.00287467734094156,"PASM","zppttemp"
1704,0.00211743410856603,"PASM","zppttemp"
1705,0.00155498829730931,"PASM","zppttemp"
1706,0.00225815975098629,"PASM","zppttemp"
1707,0.00185459299392983,"PASM","zppttemp"
1708,0.00103103244027662,"PASM","zppttemp"
1709,0.000638175702520979,"PASM","zppttemp"
1710,0.00060373055210474,"PASM","zppttemp"
1711,0.000582028395070197,"PASM","zppttemp"
1712,0.000898431998417726,"PASM","zppttemp"
1713,0.00128566198645805,"PASM","zppttemp"
1714,0.00163713135600971,"PASM","zppttemp"
1715,0.0016581750185344,"PASM","zppttemp"
1716,0.00173339453935238,"PASM","zppttemp"
1717,0.00180585589935681,"PASM","zppttemp"
1718,0.00192267484844235,"PASM","zppttemp"
1719,0.00215293718352495,"PASM","zppttemp"
1720,0.00168570893790356,"PASM","zppttemp"
1721,0.00125259807676276,"PASM","zppttemp"
1722,0.00143371233667049,"PASM","zppttemp"
1723,0.00206848403356802,"PASM","zppttemp"
1724,0.00287777594583425,"PASM","zppttemp"
1725,0.00269563400037636,"PASM","zppttemp"
1726,0.0036916464972428,"PASM","zppttemp"
1727,0.0035330531313983,"PASM","zppttemp"
1728,0.00210379049659815,"PASM","zppttemp"
1729,0.00238907511239851,"PASM","zppttemp"
1730,0.00249030665261917,"PASM","zppttemp"
1731,0.00184776778927187,"PASM","zppttemp"
1732,0.0021556556008693,"PASM","zppttemp"
1733,0.00197536829647743,"PASM","zppttemp"
1734,0.00147189917443612,"PASM","zppttemp"
1735,0.00143480706564442,"PASM","zppttemp"
1736,0.000934129565787409,"PASM","zppttemp"
1737,0.000790673201572588,"PASM","zppttemp"
1738,0.00111890750962683,"PASM","zppttemp"
1739,0.00127293447672842,"PASM","zppttemp"
1740,0.00129335268749825,"PASM","zppttemp"
1741,0.0010552123395911,"PASM","zppttemp"
1742,0.000717713194953013,"PASM","zppttemp"
1743,0.000856105793796481,"PASM","zppttemp"
1744,0.000774081685873855,"PASM","zppttemp"
1745,0.000851585960022303,"PASM","zppttemp"
1746,0.00077569106592746,"PASM","zppttemp"
1747,0.000651694037269831,"PASM","zppttemp"
1748,0.000630927288282231,"PASM","zppttemp"
1749,0.000671685319333956,"PASM","zppttemp"
1750,0.000794250147690377,"PASM","zppttemp"
1751,0.000967911483267856,"PASM","zppttemp"
1752,0.00153716148472481,"PASM","zppttemp"
1753,0.00144897126530278,"PASM","zppttemp"
1754,0.00192612655757788,"PASM","zppttemp"
1755,0.00244978215620378,"PASM","zppttemp"
1756,0.134154330232043,"PASM","zppttemp"
1757,2.18072045403812e-06,"PASM","zppttemp"
1758,3.51590987608216e-06,"PASM","zppttemp"
1759,4.3048687693612e-06,"PASM","zppttemp"
1760,5.25030028085609e-06,"PASM","zppttemp"
1761,5.71879256817413e-06,"PASM","zppttemp"
1762,4.156438136164e-06,"PASM","zppttemp"
1763,5.84633441821803e-06,"PASM","zppttemp"
1764,6.03053060390573e-06,"PASM","zppttemp"
1765,8.04035949071583e-06,"PASM","zppttemp"
1766,9.13043071375801e-06,"PASM","zppttemp"
1767,6.67854787507826e-06,"PASM","zppttemp"
1768,8.83117990133895e-06,"PASM","zppttemp"
1769,6.50820944485042e-06,"PASM","zppttemp"
1770,8.18008590523777e-06,"PASM","zppttemp"
1771,1.23573874156965e-05,"PASM","zppttemp"
1772,1.48633298618536e-05,"PASM","zppttemp"
1773,4.15037117548377e-05,"PASM","zppttemp"
1774,2.98777526567099e-05,"PASM","zppttemp"
1775,3.51507361278578e-05,"PASM","zppttemp"
1776,5.52741679736764e-05,"PASM","zppttemp"
1777,8.95579197415033e-05,"PASM","zppttemp"
1778,8.66119729482438e-05,"PASM","zppttemp"
1779,7.95003448323965e-05,"PASM","zppttemp"
1780,9.59530790262314e-05,"PASM","zppttemp"
1781,0.000104201308605151,"PASM","zppttemp"
1782,0.000152575550287708,"PASM","zppttemp"
1783,0.000211588999636874,"PASM","zppttemp"
1784,0.000287511916642137,"PASM","zppttemp"
1785,0.000302514321874657,"PASM","zppttemp"
1786,0.000307738154731205,"PASM","zppttemp"
1787,0.000370622648578376,"PASM","zppttemp"
1788,0.000444892494341842,"PASM","zppttemp"
1789,0.000550274100251499,"PASM","zppttemp"
1790,0.00049200614997816,"PASM","zppttemp"
1791,0.00056005407845677,"PASM","zppttemp"
1792,0.000497660582172247,"PASM","zppttemp"
1793,0.000670610530194149,"PASM","zppttemp"
1794,0.00117842274807587,"PASM","zppttemp"
1795,0.00100769905826522,"PASM","zppttemp"
1796,0.00124332495414249,"PASM","zppttemp"
1797,0.00171178992066199,"PASM","zppttemp"
1798,0.00114760014983705,"PASM","zppttemp"
1799,0.00151589178349189,"PASM","zppttemp"
1800,0.00115743492756758,"PASM","zppttemp"
1801,0.0013235141117933,"PASM","zppttemp"
1802,0.00130689979816357,"PASM","zppttemp"
1803,0.000684605748354237,"PASM","zppttemp"
1804,0.00062698498299369,"PASM","zppttemp"
1805,0.000961004996506898,"PASM","zppttemp"
1806,0.000907016867034101,"PASM","zppttemp"
1807,0.000664226313028723,"PASM","zppttemp"
1808,0.000605289157168411,"PASM","zppttemp"
1809,0.000949275568093663,"PASM","zppttemp"
1810,0.00173187613530407,"PASM","zppttemp"
1811,0.00384732238206492,"PASM","zppttemp"
1812,0.00377108443261918,"PASM","zppttemp"
1813,0.00341899371288882,"PASM","zppttemp"
1814,0.00322111306560911,"PASM","zppttemp"
1815,0.0041568551439685,"PASM","zppttemp"
1816,0.00306361962069718,"PASM","zppttemp"
1817,0.00320256511658722,"PASM","zppttemp"
1818,0.0020720201806045,"PASM","zppttemp"
1819,0.0011718541772437,"PASM","zppttemp"
1820,0.00151800716723764,"PASM","zppttemp"
1821,0.00199952001740341,"PASM","zppttemp"
1822,0.00144038577062231,"PASM","zppttemp"
1823,0.00140506004359528,"PASM","zppttemp"
1824,0.0019414566838802,"PASM","zppttemp"
1825,0.00153538445328751,"PASM","zppttemp"
1826,0.00174597177569921,"PASM","zppttemp"
1827,0.00163783492271023,"PASM","zppttemp"
1828,0.00154830131912548,"PASM","zppttemp"
1829,0.00129952838375131,"PASM","zppttemp"
1830,0.00204712748730682,"PASM","zppttemp"
1831,0.00310024302525365,"PASM","zppttemp"
1832,0.00286822438687875,"PASM","zppttemp"
1833,0.00362150452952757,"PASM","zppttemp"
1834,0.00280093294051981,"PASM","zppttemp"
1835,0.00423816438557692,"PASM","zppttemp"
1836,0.00411053639776003,"PASM","zppttemp"
1837,0.00389531545481242,"PASM","zppttemp"
1838,0.00343856888061802,"PASM","zppttemp"
1839,0.0029510578306783,"PASM","zppttemp"
1840,0.00244463842142545,"PASM","zppttemp"
1841,0.00206549560921677,"PASM","zppttemp"
1842,0.0020460134428392,"PASM","zppttemp"
1843,0.00133018825546016,"PASM","zppttemp"
1844,0.00146720530602588,"PASM","zppttemp"
1845,0.00104101785429424,"PASM","zppttemp"
1846,0.00165213833854602,"PASM","zppttemp"
1847,0.00209144647947959,"PASM","zppttemp"
1848,0.00301559803904142,"PASM","zppttemp"
1849,0.00315048324386138,"PASM","zppttemp"
1850,0.0034974752112126,"PASM","zppttemp"
1851,0.00270492704501285,"PASM","zppttemp"
1852,0.00226506141219283,"PASM","zppttemp"
1853,0.00342151589095087,"PASM","zppttemp"
1854,0.00318441018517646,"PASM","zppttemp"
1855,0.00291331909093723,"PASM","zppttemp"
1856,0.00216650096521382,"PASM","zppttemp"
1857,0.00159355345465309,"PASM","zppttemp"
1858,0.00143849255293169,"PASM","zppttemp"
1859,0.00164532813486581,"PASM","zppttemp"
1860,0.000902879931559539,"PASM","zppttemp"
1861,0.00131674124507119,"PASM","zppttemp"
1862,0.00142425730179338,"PASM","zppttemp"
1863,0.319188473372955,"PASM","zppttemp"
1864,1.11609172838799e-06,"PASM","zppttemp"
1865,1.65469478043097e-06,"PASM","zppttemp"
1866,2.08193052320393e-06,"PASM","zppttemp"
1867,3.9190113234204e-06,"PASM","zppttemp"
1868,7.15346429888073e-06,"PASM","zppttemp"
1869,5.79959271939485e-06,"PASM","zppttemp"
1870,5.96011303931037e-06,"PASM","zppttemp"
1871,5.4817432052804e-06,"PASM","zppttemp"
1872,6.04758217655549e-06,"PASM","zppttemp"
1873,8.72710470691481e-06,"PASM","zppttemp"
1874,1.16940368416522e-05,"PASM","zppttemp"
1875,1.28680664773455e-05,"PASM","zppttemp"
1876,2.13257108126846e-05,"PASM","zppttemp"
1877,1.93314683115645e-05,"PASM","zppttemp"
1878,2.04589622942083e-05,"PASM","zppttemp"
1879,2.59098679489547e-05,"PASM","zppttemp"
1880,3.19219177378777e-05,"PASM","zppttemp"
1881,2.8782003848522e-05,"PASM","zppttemp"
1882,3.21903999945442e-05,"PASM","zppttemp"
1883,0.000172816591091975,"PASM","zppttemp"
1884,0.000315897006439154,"PASM","zppttemp"
1885,0.00030248994050488,"PASM","zppttemp"
1886,0.0002131396779388,"PASM","zppttemp"
1887,0.000292257766582518,"PASM","zppttemp"
1888,0.000217856631386697,"PASM","zppttemp"
1889,0.000253491298089538,"PASM","zppttemp"
1890,0.000294126835173343,"PASM","zppttemp"
1891,0.000482368257367123,"PASM","zppttemp"
1892,0.000544108472565584,"PASM","zppttemp"
1893,0.00046389287327452,"PASM","zppttemp"
1894,0.000599507353345437,"PASM","zppttemp"
1895,0.000469316817562018,"PASM","zppttemp"
1896,0.000593913717295755,"PASM","zppttemp"
1897,0.000592281026980548,"PASM","zppttemp"
1898,0.00051566739261551,"PASM","zppttemp"
1899,0.000603039621294831,"PASM","zppttemp"
1900,0.000765839962168244,"PASM","zppttemp"
1901,0.00104447374491257,"PASM","zppttemp"
1902,0.00112649206313573,"PASM","zppttemp"
1903,0.00073913764194254,"PASM","zppttemp"
1904,0.00100792218356703,"PASM","zppttemp"
1905,0.00151833851894152,"PASM","zppttemp"
1906,0.00214127929144997,"PASM","zppttemp"
1907,0.00290367911441682,"PASM","zppttemp"
1908,0.0024185458177227,"PASM","zppttemp"
1909,0.00296000263125496,"PASM","zppttemp"
1910,0.00330730422442007,"PASM","zppttemp"
1911,0.00311596499409284,"PASM","zppttemp"
1912,0.00323682632259878,"PASM","zppttemp"
1913,0.00221679559928833,"PASM","zppttemp"
1914,0.00247403148786463,"PASM","zppttemp"
1915,0.00341954933064482,"PASM","zppttemp"
1916,0.00256138366825765,"PASM","zppttemp"
1917,0.00213688850430577,"PASM","zppttemp"
1918,0.00166232260159347,"PASM","zppttemp"
1919,0.00189973696062026,"PASM","zppttemp"
1920,0.00201813157700247,"PASM","zppttemp"
1921,0.00289887860626746,"PASM","zppttemp"
1922,0.00304065600296217,"PASM","zppttemp"
1923,0.00304817812605432,"PASM","zppttemp"
1924,0.00305673129240602,"PASM","zppttemp"
1925,0.00338040865286713,"PASM","zppttemp"
1926,0.0024859628974232,"PASM","zppttemp"
1927,0.00399768966342643,"PASM","zppttemp"
1928,0.00267371817566175,"PASM","zppttemp"
1929,0.00215378788598441,"PASM","zppttemp"
1930,0.00194672247531714,"PASM","zppttemp"
1931,0.00176699771868224,"PASM","zppttemp"
1932,0.00192952056210896,"PASM","zppttemp"
1933,0.00226542046300441,"PASM","zppttemp"
1934,0.0020257432153377,"PASM","zppttemp"
1935,0.00201999157273453,"PASM","zppttemp"
1936,0.00331815103474611,"PASM","zppttemp"
1937,0.00172379833049734,"PASM","zppttemp"
1938,0.00181375177180994,"PASM","zppttemp"
1939,0.00182116089784653,"PASM","zppttemp"
1940,0.00158327313869343,"PASM","zppttemp"
1941,0.000762411986227614,"PASM","zppttemp"
1942,0.0010140442286542,"PASM","zppttemp"
1943,0.00310142289935007,"PASM","zppttemp"
1944,0.00330567105622979,"PASM","zppttemp"
1945,0.00253869871458018,"PASM","zppttemp"
1946,0.00221471922802859,"PASM","zppttemp"
1947,0.00239497698534483,"PASM","zppttemp"
1948,0.00282246986227803,"PASM","zppttemp"
1949,0.00295304062732864,"PASM","zppttemp"
1950,0.00206499803776958,"PASM","zppttemp"
1951,0.00215222540215584,"PASM","zppttemp"
1952,0.00216482348925178,"PASM","zppttemp"
1953,0.00131777467622764,"PASM","zppttemp"
1954,0.00146012762670167,"PASM","zppttemp"
1955,0.0020114696772884,"PASM","zppttemp"
1956,0.00179260479230925,"PASM","zppttemp"
1957,0.00154377899314925,"PASM","zppttemp"
1958,0.000991933297806738,"PASM","zppttemp"
1959,0.000754297077260356,"PASM","zppttemp"
1960,0.000696768646105211,"PASM","zppttemp"
1961,0.00178064187630531,"PASM","zppttemp"
1962,0.00195697531235351,"PASM","zppttemp"
1963,0.00356665565081278,"PASM","zppttemp"
1964,0.00290125843930261,"PASM","zppttemp"
1965,0.00197251233394988,"PASM","zppttemp"
1966,0.00238169690352691,"PASM","zppttemp"
1967,0.00250322029098356,"PASM","zppttemp"
1968,0.0019742957897358,"PASM","zppttemp"
1969,0.00193513430599581,"PASM","zppttemp"
1970,0.00277867951969051,"PASM","zppttemp"
1971,0.00155989968219157,"PASM","zppttemp"
1972,0.00163987821754647,"PASM","zppttemp"
1973,0.00151017196759204,"PASM","zppttemp"
1974,0.00147360412069911,"PASM","zppttemp"
1975,0.00175940381019402,"PASM","zppttemp"
1976,0.0019797205733537,"PASM","zppttemp"
1977,0.00229839531057013,"PASM","zppttemp"
1978,0.00229310580100135,"PASM","zppttemp"
1979,0.00178319670552725,"PASM","zppttemp"
1980,0.00140457668032707,"PASM","zppttemp"
1981,0.0017232748106707,"PASM","zppttemp"
1982,0.00198409788886076,"PASM","zppttemp"
1983,0.00157569175451283,"PASM","zppttemp"
1984,0.00180929776453268,"PASM","zppttemp"
1985,0.0019318566281128,"PASM","zppttemp"
1986,0.00181946866212236,"PASM","zppttemp"
1987,0.0015594443085836,"PASM","zppttemp"
1988,0.00135254336045333,"PASM","zppttemp"
1989,0.000856105683546932,"PASM","zppttemp"
1990,0.00104638288137978,"PASM","zppttemp"
1991,0.000942618852894364,"PASM","zppttemp"
1992,0.00128819301531621,"PASM","zppttemp"
1993,0.00123642594320805,"PASM","zppttemp"
1994,0.0138738254036134,"PASM","zppttemp"
1995,0.0119900569620397,"PASM","zppttemp"
1996,0.00723632720985678,"PASM","zppttemp"
1997,0.0076356562293144,"PASM","zppttemp"
1998,0.00914382575307319,"PASM","zppttemp"
1999,0.0170715531246033,"PASM","zppttemp"
2000,0.00692395067078359,"PASM","zppttemp"
2001,0.00823189729762997,"PASM","zppttemp"
2002,0.00579025456199244,"PASM","zppttemp"
2003,0.00420025588447486,"PASM","zppttemp"
2004,0.00400269185742098,"PASM","zppttemp"
2005,0.00355827753553292,"PASM","zppttemp"
2006,0.00375555460606181,"PASM","zppttemp"
2007,0.00421255945539769,"PASM","zppttemp"
2008,0.00452146916173731,"PASM","zppttemp"
2009,0.00606030842342509,"PASM","zppttemp"
2010,0.00397219347783308,"PASM","zppttemp"
2011,0.00328796116962941,"PASM","zppttemp"
2012,0.00323129230558191,"PASM","zppttemp"
2013,0.00260362632482736,"PASM","zppttemp"
2014,0.00226931644043452,"PASM","zppttemp"
2015,0.0029525994802993,"PASM","zppttemp"
2016,0.00280888636827678,"PASM","zppttemp"
2017,0.00282562637978184,"PASM","zppttemp"
2018,0.00358841358250065,"PASM","zppttemp"
2019,0.0045858197384338,"PASM","zppttemp"
2020,0.00577159668635474,"PASM","zppttemp"
2021,0.00749700334986979,"PASM","zppttemp"
2022,0.00523569708037982,"PASM","zppttemp"
2023,0.005315952285715,"PASM","zppttemp"
2024,0.00478201981116844,"PASM","zppttemp"
2025,0.00563737568837725,"PASM","zppttemp"
2026,0.00564590157748329,"PASM","zppttemp"
2027,0.00263707282339891,"PASM","zppttemp"
2028,0.00300706600816952,"PASM","zppttemp"
2029,0.00226701210083451,"PASM","zppttemp"
2030,0.00207019729809664,"PASM","zppttemp"
2031,0.00192486793905731,"PASM","zppttemp"
2032,0.00220354572760949,"PASM","zppttemp"
2033,0.00316917384002357,"PASM","zppttemp"
2034,0.00464400690087668,"PASM","zppttemp"
2035,0.00374181629165326,"PASM","zppttemp"
2036,0.00262643134714526,"PASM","zppttemp"
2037,0.00289889577853857,"PASM","zppttemp"
2038,0.00247269909121074,"PASM","zppttemp"
2039,0.00452949908585591,"PASM","zppttemp"
2040,0.00355722868941049,"PASM","zppttemp"
2041,0.00478594371653207,"PASM","zppttemp"
2042,0.00441842781263782,"PASM","zppttemp"
2043,0.00478840535193581,"PASM","zppttemp"
2044,0.00410740736971842,"PASM","zppttemp"
2045,0.00407652229427681,"PASM","zppttemp"
2046,0.00324095122715513,"PASM","zppttemp"
2047,0.00212972075314137,"PASM","zppttemp"
2048,0.00214070373830761,"PASM","zppttemp"
2049,0.00186062317369661,"PASM","zppttemp"
2050,0.00233262078850035,"PASM","zppttemp"
2051,0.00178438095158392,"PASM","zppttemp"
2052,0.00150629628094105,"PASM","zppttemp"
2053,0.0014561140259647,"PASM","zppttemp"
2054,0.000971997449910132,"PASM","zppttemp"
2055,0.000847204092040212,"PASM","zppttemp"
2056,0.00129287055307947,"PASM","zppttemp"
2057,0.00173337368744609,"PASM","zppttemp"
2058,0.0012521305003445,"PASM","zppttemp"
2059,0.00214696597565198,"PASM","zppttemp"
2060,0.00265880330385011,"PASM","zppttemp"
2061,0.00301522180637289,"PASM","zppttemp"
2062,0.00284504599327765,"PASM","zppttemp"
2063,0.00258177432475711,"PASM","zppttemp"
2064,0.0029813460802779,"PASM","zppttemp"
2065,0.00427603135466331,"PASM","zppttemp"
2066,0.00319680202124786,"PASM","zppttemp"
2067,0.00437620836195191,"PASM","zppttemp"
2068,0.00415124331978242,"PASM","zppttemp"
2069,0.00330791398710472,"PASM","zppttemp"
2070,0.00398191750993562,"PASM","zppttemp"
2071,0.00448769401611124,"PASM","zppttemp"
2072,0.00502812743271386,"PASM","zppttemp"
2073,0.0031191125061079,"PASM","zppttemp"
2074,0.00277368714402116,"PASM","zppttemp"
2075,0.00270675669232352,"PASM","zppttemp"
2076,0.00288926217134095,"PASM","zppttemp"
2077,0.00323420631400409,"PASM","zppttemp"
2078,0.00261695442867944,"PASM","zppttemp"
2079,0.00202377106492998,"PASM","zppttemp"
2080,0.00192270004671682,"PASM","zppttemp"
2081,0.00208007071119562,"PASM","zppttemp"
2082,0.00211265553784769,"PASM","zppttemp"
2083,0.00280784401870439,"PASM","zppttemp"
2084,0.00242563244997666,"PASM","zppttemp"
2085,0.0016633260977004,"PASM","zppttemp"
2086,0.00205606775241657,"PASM","zppttemp"
2087,0.00180073281301126,"PASM","zppttemp"
2088,0.00215187850404376,"PASM","zppttemp"
2089,0.00221755876756144,"PASM","zppttemp"
2090,0.00214273136932456,"PASM","zppttemp"
2091,0.00229956775224317,"PASM","zppttemp"
2092,0.00211772608455121,"PASM","zppttemp"
2093,0.00290470923909784,"PASM","zppttemp"
2094,0.00351287388220615,"PASM","zppttemp"
2095,0.00556770027247251,"PASM","zppttemp"
2096,0.00461249945719995,"PASM","zppttemp"
2097,0.00538317053290834,"PASM","zppttemp"
2098,0.00404607770715651,"PASM","zppttemp"
2099,0.00463891849218254,"PASM","zppttemp"
2100,0.00415008922001474,"PASM","zppttemp"
2101,0.00338414083425803,"PASM","zppttemp"
2102,0.00321392566873027,"PASM","zppttemp"
2103,0.00294774072841278,"PASM","zppttemp"
2104,0.00370946783860424,"PASM","zppttemp"
2105,0.00300470274045714,"PASM","zppttemp"
2106,0.00261461124736716,"PASM","zppttemp"
2107,0.00269439191679735,"PASM","zppttemp"
2108,0.00351995421165428,"PASM","zppttemp"
2109,0.0027043779450099,"PASM","zppttemp"
2110,0.0023524662813083,"PASM","zppttemp"
2111,0.00231559145512765,"PASM","zppttemp"
2112,0.00265559332284155,"PASM","zppttemp"
2113,0.00233185857523665,"PASM","zppttemp"
2114,0.00112024171184636,"PASM","zppttemp"
2115,0.00121919571984604,"PASM","zppttemp"
2116,0.00120946833721354,"PASM","zppttemp"
2117,0.00092630723824454,"PASM","zppttemp"
2118,0.00107893026975875,"PASM","zppttemp"
2119,0.00108015305925366,"PASM","zppttemp"
2120,0.000832624372665223,"PASM","zppttemp"
2121,0.00088539610937222,"PASM","zppttemp"
2122,0.000489301356531822,"PASM","zppttemp"
2123,0.0010363815693494,"PASM","zppttemp"
2124,0.00111697052077384,"PASM","zppttemp"
2125,0.00093685966362077,"PASM","zppttemp"
2126,0.0012127500704931,"PASM","zppttemp"
2127,0.00113357953449022,"PASM","zppttemp"
2128,0.00103393129271124,"PASM","zppttemp"
2129,0.00124599200321385,"PASM","zppttemp"
2130,0.00131171934726789,"PASM","zppttemp"
2131,0.000885020611770344,"PASM","zppttemp"
2132,0.000797014452706853,"PASM","zppttemp"
2133,0.000776365888668747,"PASM","zppttemp"
2134,0.000872354487259111,"PASM","zppttemp"
2135,0.000958579902516008,"PASM","zppttemp"
2136,0.00127124913826974,"PASM","zppttemp"
2137,0.00163110945487754,"PASM","zppttemp"
2138,0.00152224800392214,"PASM","zppttemp"
2139,0.00185235006890428,"PASM","zppttemp"
2140,0.0022374994390855,"PASM","zppttemp"
2141,0.00171405662036387,"PASM","zppttemp"
2142,0.00175191913834273,"PASM","zppttemp"
2143,0.001102987670162,"PASM","zppttemp"
2144,0.0016583092447912,"PASM","zppttemp"
2145,0.0017559462077132,"PASM","zppttemp"
2146,0.00128777601328507,"PASM","zppttemp"
2147,0.00103338315734375,"PASM","zppttemp"
2148,0.00104677412302239,"PASM","zppttemp"
2149,0.00124606408680497,"PASM","zppttemp"
2150,0.00100090405954529,"PASM","zppttemp"
2151,0.000810011317049235,"PASM","zppttemp"
2152,0.000923635214490807,"PASM","zppttemp"
2153,0.000748797365381588,"PASM","zppttemp"
2154,0.000591088750915387,"PASM","zppttemp"
2155,0.00066840285643261,"PASM","zppttemp"
2156,0.000846861162375437,"PASM","zppttemp"
2157,0.00091171670762509,"PASM","zppttemp"
2158,0.000701252216970516,"PASM","zppttemp"
2159,0.00044518490114732,"PASM","zppttemp"
2160,0.000503469481417465,"PASM","zppttemp"
2161,0.000462493551163289,"PASM","zppttemp"
2162,0.000365824043125564,"PASM","zppttemp"
2163,0.000456274665918847,"PASM","zppttemp"
2164,0.000577054773982898,"PASM","zppttemp"
2165,0.000724998326699705,"PASM","zppttemp"
2166,0.000763892524737689,"PASM","zppttemp"
2167,0.00087781875915035,"PASM","zppttemp"
2168,0.000993952670106717,"PASM","zppttemp"
2169,0.00124524238318765,"PASM","zppttemp"
2170,0.00120608128924442,"PASM","zppttemp"
2171,0.00110995301910835,"PASM","zppttemp"
2172,0.000771106266157185,"PASM","zppttemp"
2173,0.000640948205762972,"PASM","zppttemp"
2174,0.000997990915159063,"PASM","zppttemp"
2175,0.000882365788984852,"PASM","zppttemp"
2176,0.000706798255627159,"PASM","zppttemp"
2177,0.000958882781962825,"PASM","zppttemp"
2178,0.001024877062869,"PASM","zppttemp"
2179,0.000846042528356937,"PASM","zppttemp"
2180,0.00115867899845628,"PASM","zppttemp"
2181,0.0012536889590278,"PASM","zppttemp"
2182,0.00130315957152494,"PASM","zppttemp"
2183,0.000883631964628189,"PASM","zppttemp"
2184,0.00103239305774617,"PASM","zppttemp"
2185,0.000963810846937655,"PASM","zppttemp"
2186,0.00108821793484573,"PASM","zppttemp"
2187,0.000998861495263454,"PASM","zppttemp"
2188,0.00095418345965359,"PASM","zppttemp"
2189,0.00121201037998953,"PASM","zppttemp"
2190,0.000745982614133703,"PASM","zppttemp"
2191,0.336630286351485,"PASM","zppttemp"
2192,4.54543486400441e-06,"PASM","zppttemp"
2193,6.57294805004375e-06,"PASM","zppttemp"
2194,6.45659033356205e-06,"PASM","zppttemp"
2195,7.2323898045201e-06,"PASM","zppttemp"
2196,1.20751809587372e-05,"PASM","zppttemp"
2197,1.44121658122592e-05,"PASM","zppttemp"
2198,1.5328634198586e-05,"PASM","zppttemp"
2199,2.47569032876886e-05,"PASM","zppttemp"
2200,3.1183646938726e-05,"PASM","zppttemp"
2201,3.75348167100116e-05,"PASM","zppttemp"
2202,3.03775651371809e-05,"PASM","zppttemp"
2203,2.88747705683609e-05,"PASM","zppttemp"
2204,3.73423665557387e-05,"PASM","zppttemp"
2205,5.21967485104403e-05,"PASM","zppttemp"
2206,8.144957946296e-05,"PASM","zppttemp"
2207,0.000117670084957972,"PASM","zppttemp"
2208,4.80771326698976e-05,"PASM","zppttemp"
2209,4.50558077135132e-05,"PASM","zppttemp"
2210,4.24279853019381e-05,"PASM","zppttemp"
2211,4.80638322733568e-05,"PASM","zppttemp"
2212,4.37846459918269e-05,"PASM","zppttemp"
2213,5.27767134947968e-05,"PASM","zppttemp"
2214,3.41842855015556e-05,"PASM","zppttemp"
2215,5.75759889363625e-05,"PASM","zppttemp"
2216,8.34143259205924e-05,"PASM","zppttemp"
2217,0.000199158927114215,"PASM","zppttemp"
2218,0.000207339334992029,"PASM","zppttemp"
2219,0.000256680648295383,"PASM","zppttemp"
2220,0.000161670545702719,"PASM","zppttemp"
2221,0.000274086355349232,"PASM","zppttemp"
2222,0.000317569207081964,"PASM","zppttemp"
2223,0.000286330560315375,"PASM","zppttemp"
2224,0.000301301280158169,"PASM","zppttemp"
2225,0.000343029824513644,"PASM","zppttemp"
2226,0.000186718073586245,"PASM","zppttemp"
2227,0.000632700474021516,"PASM","zppttemp"
2228,0.00105933559576848,"PASM","zppttemp"
2229,0.000940735371550981,"PASM","zppttemp"
2230,0.00112338141311019,"PASM","zppttemp"
2231,0.000701102564235955,"PASM","zppttemp"
2232,0.00100903431058739,"PASM","zppttemp"
2233,0.00106549755922288,"PASM","zppttemp"
2234,0.001394326348483,"PASM","zppttemp"
2235,0.00218708370852364,"PASM","zppttemp"
2236,0.00251446328306832,"PASM","zppttemp"
2237,0.00145114966020936,"PASM","zppttemp"
2238,0.00134073104942613,"PASM","zppttemp"
2239,0.00157508731297008,"PASM","zppttemp"
2240,0.00185140837007661,"PASM","zppttemp"
2241,0.00177356310328443,"PASM","zppttemp"
2242,0.00196578991900759,"PASM","zppttemp"
2243,0.00167670885672083,"PASM","zppttemp"
2244,0.00180561096245602,"PASM","zppttemp"
2245,0.00193170253977141,"PASM","zppttemp"
2246,0.00203939028007667,"PASM","zppttemp"
2247,0.00235846257346893,"PASM","zppttemp"
2248,0.00269216198996018,"PASM","zppttemp"
2249,0.00275613764065148,"PASM","zppttemp"
2250,0.00214762016808552,"PASM","zppttemp"
2251,0.00190305423806262,"PASM","zppttemp"
2252,0.00176461090315104,"PASM","zppttemp"
2253,0.00206398512166011,"PASM","zppttemp"
2254,0.00213169288445639,"PASM","zppttemp"
2255,0.00155551083020664,"PASM","zppttemp"
2256,0.00299714404965082,"PASM","zppttemp"
2257,0.00209370718466356,"PASM","zppttemp"
2258,0.00252241148198924,"PASM","zppttemp"
2259,0.0031209880906349,"PASM","zppttemp"
2260,0.00455512482958569,"PASM","zppttemp"
2261,0.00572449444858958,"PASM","zppttemp"
2262,0.0075880135821151,"PASM","zppttemp"
2263,0.00421208855373171,"PASM","zppttemp"
2264,0.0047678383400914,"PASM","zppttemp"
2265,0.0049356186747541,"PASM","zppttemp"
2266,0.0036276033797997,"PASM","zppttemp"
2267,0.00476874743460389,"PASM","zppttemp"
2268,0.00547599576309631,"PASM","zppttemp"
2269,0.00577273988732734,"PASM","zppttemp"
2270,0.00420493779426335,"PASM","zppttemp"
2271,0.00398115087147395,"PASM","zppttemp"
2272,0.00250709472767041,"PASM","zppttemp"
2273,0.00237402212630548,"PASM","zppttemp"
2274,0.00237618433201948,"PASM","zppttemp"
2275,0.00255253651863384,"PASM","zppttemp"
2276,0.00355617448528002,"PASM","zppttemp"
2277,0.00252397606877009,"PASM","zppttemp"
2278,0.00285405537308028,"PASM","zppttemp"
2279,0.00249080975522682,"PASM","zppttemp"
2280,0.00228560095719482,"PASM","zppttemp"
2281,0.00305129962986466,"PASM","zppttemp"
2282,0.00374230209616562,"PASM","zppttemp"
2283,0.00320331913711052,"PASM","zppttemp"
2284,0.0032381898913568,"PASM","zppttemp"
2285,0.00270344427229605,"PASM","zppttemp"
2286,0.00298667543267538,"PASM","zppttemp"
2287,0.00252689124333752,"PASM","zppttemp"
2288,0.00165690666028827,"PASM","zppttemp"
2289,0.0014250851199226,"PASM","zppttemp"
2290,0.00231901929126011,"PASM","zppttemp"
2291,0.00190715284530967,"PASM","zppttemp"
2292,0.00175504134936094,"PASM","zppttemp"
2293,0.00275603088413873,"PASM","zppttemp"
2294,0.00175095141280728,"PASM","zppttemp"
2295,0.00142612798986862,"PASM","zppttemp"
2296,0.00140548134453957,"PASM","zppttemp"
2297,0.00128544348048698,"PASM","zppttemp"
2298,0.00189314908170725,"PASM","zppttemp"
2299,0.00195934360792358,"PASM","zppttemp"
2300,0.00323883056288598,"PASM","zppttemp"
2301,0.00244868448728552,"PASM","zppttemp"
2302,0.00181226608677678,"PASM","zppttemp"
2303,0.00204827222250559,"PASM","zppttemp"
2304,0.00190528600230236,"PASM","zppttemp"
2305,0.0017256856497967,"PASM","zppttemp"
2306,0.00194302133550799,"PASM","zppttemp"
2307,0.00141592684243436,"PASM","zppttemp"
2308,0.00162317063989591,"PASM","zppttemp"
2309,0.00121893493180113,"PASM","zppttemp"
2310,0.00110476360915155,"PASM","zppttemp"
2311,0.0012451745848302,"PASM","zppttemp"
2312,0.00162377586206816,"PASM","zppttemp"
2313,0.00277256525289289,"PASM","zppttemp"
2314,0.00202810727356624,"PASM","zppttemp"
2315,0.0018564054625557,"PASM","zppttemp"
2316,0.00278849638990625,"PASM","zppttemp"
2317,0.00323776405604137,"PASM","zppttemp"
2318,0.00426777588871864,"PASM","zppttemp"
2319,0.0051178071690284,"PASM","zppttemp"
2320,0.00394219698778706,"PASM","zppttemp"
2321,0.00494387732869397,"PASM","zppttemp"
2322,0.00745459442133659,"PASM","zppttemp"
2323,0.00487409765459243,"PASM","zppttemp"
2324,0.0052204898899158,"PASM","zppttemp"
2325,0.00577611610667122,"PASM","zppttemp"
2326,0.0040100858736722,"PASM","zppttemp"
2327,0.00328292626214869,"PASM","zppttemp"
2328,0.00423590713757802,"PASM","zppttemp"
2329,0.00376045848458331,"PASM","zppttemp"
2330,0.00241307224799239,"PASM","zppttemp"
2331,0.00348952303703147,"PASM","zppttemp"
2332,0.00352907371063463,"PASM","zppttemp"
2333,0.00175624047074422,"PASM","zppttemp"
2334,0.00194360628577505,"PASM","zppttemp"
2335,0.00194834970880911,"PASM","zppttemp"
2336,0.00226673625835052,"PASM","zppttemp"
2337,0.0022443006185297,"PASM","zppttemp"
2338,0.00313865126953691,"PASM","zppttemp"
2339,0.00272871975865542,"PASM","zppttemp"
2340,0.00298650634016375,"PASM","zppttemp"
2341,0.0029599031091306,"PASM","zppttemp"
2342,0.00308545167764771,"PASM","zppttemp"
2343,0.00229829156642739,"PASM","zppttemp"
2344,0.00245704399832124,"PASM","zppttemp"
2345,0.00230099536234559,"PASM","zppttemp"
2346,0.00247068571740853,"PASM","zppttemp"
2347,0.00196028702471133,"PASM","zppttemp"
2348,0.00221897480561258,"PASM","zppttemp"
2349,0.00243266388906036,"PASM","zppttemp"
2350,0.00252140811735876,"PASM","zppttemp"
2351,0.00349246519064649,"PASM","zppttemp"
2352,0.00317103253400589,"PASM","zppttemp"
2353,0.00356423489468016,"PASM","zppttemp"
2354,0.00418225474788549,"PASM","zppttemp"
2355,0.00289360648117676,"PASM","zppttemp"
2356,0.00270798388530212,"PASM","zppttemp"
2357,0.00288647183644288,"PASM","zppttemp"
2358,0.00270865895172203,"PASM","zppttemp"
2359,0.00200458989444258,"PASM","zppttemp"
2360,0.00256831459106123,"PASM","zppttemp"
2361,0.00258794842213104,"PASM","zppttemp"
2362,0.00157329078197353,"PASM","zppttemp"
2363,0.00123523660686399,"PASM","zppttemp"
2364,0.00246375111493365,"PASM","zppttemp"
2365,0.00276378684436614,"PASM","zppttemp"
2366,0.00250408663932099,"PASM","zppttemp"
2367,0.00192156830731702,"PASM","zppttemp"
2368,0.00211030740165404,"PASM","zppttemp"
2369,0.00142797046018214,"PASM","zppttemp"
2370,0.00154732898106255,"PASM","zppttemp"
2371,0.00154063156487282,"PASM","zppttemp"
2372,0.00337287728689006,"PASM","zppttemp"
2373,0.00277439150267219,"PASM","zppttemp"
2374,0.00325743166472078,"PASM","zppttemp"
2375,0.00218153919132905,"PASM","zppttemp"
2376,0.00192096467912012,"PASM","zppttemp"
2377,0.00185396990562814,"PASM","zppttemp"
2378,0.00263971904407649,"PASM","zppttemp"
2379,0.00274074255159545,"PASM","zppttemp"
2380,0.00355742253948238,"PASM","zppttemp"
2381,0.00367358706298649,"PASM","zppttemp"
2382,0.00412487649792594,"PASM","zppttemp"
2383,0.0025632274841345,"PASM","zppttemp"
2384,0.00352028915029498,"PASM","zppttemp"
2385,0.00239725429879034,"PASM","zppttemp"
2386,0.00205220727289722,"PASM","zppttemp"
2387,0.00221705732418468,"PASM","zppttemp"
2388,0.0017336378909983,"PASM","zppttemp"
2389,0.00170485060352524,"PASM","zppttemp"
2390,0.00156988090871215,"PASM","zppttemp"
2391,0.00164540516904898,"PASM","zppttemp"
2392,0.00179382304708228,"PASM","zppttemp"
2393,0.00207781030150204,"PASM","zppttemp"
2394,0.00145136697136508,"PASM","zppttemp"
2395,0.00146296876069283,"PASM","zppttemp"
2396,0.000898792809601969,"PASM","zppttemp"
2397,0.000820707957082137,"PASM","zppttemp"
2398,0.000940689857254658,"PASM","zppttemp"
2399,0.00103448578705088,"PASM","zppttemp"
2400,0.00080245174843764,"PASM","zppttemp"
2401,0.00169896299780832,"PASM","zppttemp"
2402,0.00242955451549143,"PASM","zppttemp"
2403,0.00279046134402497,"PASM","zppttemp"
2404,0.00337510067963081,"PASM","zppttemp"
2405,0.00365654862743526,"PASM","zppttemp"
2406,0.00291732922521749,"PASM","zppttemp"
2407,0.00320860275815892,"PASM","zppttemp"
2408,0.0023020706465292,"PASM","zppttemp"
2409,0.00212455273768439,"PASM","zppttemp"
2410,0.00166272586116048,"PASM","zppttemp"
2411,0.00175783343661642,"PASM","zppttemp"
2412,0.00194031115399164,"PASM","zppttemp"
2413,0.00135481282266986,"PASM","zppttemp"
2414,0.00214068928145614,"PASM","zppttemp"
2415,0.00215413428704045,"PASM","zppttemp"
2416,0.00190625430259077,"PASM","zppttemp"
2417,0.00240882572965322,"PASM","zppttemp"
2418,0.00171798763292426,"PASM","zppttemp"
2419,0.00156750750352006,"PASM","zppttemp"
2420,0.00174745781489728,"PASM","zppttemp"
2421,0.00299027267356343,"PASM","zppttemp"
2422,0.00482345794209917,"PASM","zppttemp"
2423,0.00595844188361729,"PASM","zppttemp"
2424,0.00479926565609103,"PASM","zppttemp"
2425,0.00362805573108329,"PASM","zppttemp"
2426,0.00392156111821418,"PASM","zppttemp"
2427,0.00340469221674664,"PASM","zppttemp"
2428,0.00366326701076305,"PASM","zppttemp"
2429,0.00304010165733182,"PASM","zppttemp"
2430,0.00286543200277718,"PASM","zppttemp"
2431,0.00216076826275614,"PASM","zppttemp"
2432,0.00219046861637712,"PASM","zppttemp"
2433,0.00178753378996537,"PASM","zppttemp"
2434,0.00140198063601032,"PASM","zppttemp"
2435,0.00240433763308458,"PASM","zppttemp"
2436,0.00302784569269997,"PASM","zppttemp"
2437,0.00269210802834485,"PASM","zppttemp"
2438,0.00315272983443324,"PASM","zppttemp"
2439,0.00470773031221503,"PASM","zppttemp"
2440,0.00369949191572838,"PASM","zppttemp"
2441,0.00654068637430966,"PASM","zppttemp"
2442,0.00574926183797727,"PASM","zppttemp"
2443,0.00208912121175115,"PASM","zppttemp"
2444,0.00219841176153016,"PASM","zppttemp"
2445,0.00240366112268408,"PASM","zppttemp"
2446,0.00226375701153299,"PASM","zppttemp"
2447,0.00221050069518143,"PASM","zppttemp"
2448,0.00164737630529839,"PASM","zppttemp"
2449,0.00161236622331135,"PASM","zppttemp"
2450,7.46121777261293,"PASM","zppttemp"
2451,2.04171862381923e-15,"PASM","zppttemp"
2452,2.82005876124964e-15,"PASM","zppttemp"
2453,2.70100603067894e-15,"PASM","zppttemp"
2454,2.61874089924298e-15,"PASM","zppttemp"
2455,2.76226163510626e-15,"PASM","zppttemp"
2456,2.88217701728188e-15,"PASM","zppttemp"
2457,3.08364695767448e-15,"PASM","zppttemp"
2458,4.14689041244703e-15,"PASM","zppttemp"
2459,4.35360051080097e-15,"PASM","zppttemp"
2460,5.36742768308976e-15,"PASM","zppttemp"
2461,3.12347906785205e-15,"PASM","zppttemp"
2462,5.47815817161411e-15,"PASM","zppttemp"
2463,4.05205349619308e-15,"PASM","zppttemp"
2464,6.69933281225706e-15,"PASM","zppttemp"
2465,5.24073179162725e-15,"PASM","zppttemp"
2466,5.20241633175554e-15,"PASM","zppttemp"
2467,5.72241566874962e-15,"PASM","zppttemp"
2468,7.27221442967357e-15,"PASM","zppttemp"
2469,9.74381623318298e-15,"PASM","zppttemp"
2470,1.00542561961489e-14,"PASM","zppttemp"
2471,1.5760214565477e-14,"PASM","zppttemp"
2472,1.32525146769002e-14,"PASM","zppttemp"
2473,1.45683844418813e-14,"PASM","zppttemp"
2474,1.5961052655664e-14,"PASM","zppttemp"
2475,2.07709150734776e-14,"PASM","zppttemp"
2476,2.33912870853737e-14,"PASM","zppttemp"
2477,5.3596305688563e-14,"PASM","zppttemp"
2478,4.26836450615925e-14,"PASM","zppttemp"
2479,4.83704746676374e-14,"PASM","zppttemp"
2480,3.52913908026528e-14,"PASM","zppttemp"
2481,4.80533250244792e-14,"PASM","zppttemp"
2482,6.82462277437148e-14,"PASM","zppttemp"
2483,1.213221430844e-13,"PASM","zppttemp"
2484,2.67119354086755e-13,"PASM","zppttemp"
2485,3.44357115878459e-13,"PASM","zppttemp"
2486,3.36827281642986e-13,"PASM","zppttemp"
2487,5.894728787173e-13,"PASM","zppttemp"
2488,2.89400575253718e-12,"PASM","zppttemp"
2489,6.62707900706411e-12,"PASM","zppttemp"
2490,7.98612015147178e-12,"PASM","zppttemp"
2491,6.86387410484384e-12,"PASM","zppttemp"
2492,1.10732906533147e-11,"PASM","zppttemp"
2493,1.28433639407012e-11,"PASM","zppttemp"
2494,2.49825958949057e-11,"PASM","zppttemp"
2495,3.38065021553124e-11,"PASM","zppttemp"
2496,3.61190256634096e-11,"PASM","zppttemp"
2497,4.7561969892357e-11,"PASM","zppttemp"
2498,5.89140884637019e-11,"PASM","zppttemp"
2499,4.25025236629172e-11,"PASM","zppttemp"
2500,4.0720714386485e-11,"PASM","zppttemp"
