"","quad","year","trackID","area","survives","age","distEdgeMin","allEdge"
"1","a2",36,4,0.249999991734512,0,1,8.49999999627471,0
"2","a2",36,2,1.96500002560439,0,1,38.7099999992643,0
"3","a2",36,5,0.249999994644895,1,1,7.8999999910593,0
"4","a2",37,6,0.83700000867201,0,1,1.3499999884516,1
"5","a2",37,7,0.72599999341276,0,1,2.65000001527369,1
"6","a2",37,8,0.91900003438955,0,1,5.15000000596046,0
"7","a2",43,18,55.1920000471682,0,1,0.390000001061708,1
"8","a2",43,17,1.0810000096154,0,1,0.589999998919666,1
"9","a2",49,20,2.4820000612708,0,1,0.570000009611249,1
"11","a4",22,15,0.249999994644895,0,1,2.74999999674037,1
"12","a4",22,17,0.249999991734512,0,1,4.75000003352761,0
"13","a4",22,16,0.249999994644895,1,1,23.450000025332,0
"14","a4",34,19,0.249999994644895,0,1,16.6499999817461,0
"15","a4",34,35,0.249999994644895,0,1,21.5499999991152,0
"16","a4",34,30,0.249999994644895,0,1,4.55000000074506,0
"17","a4",34,34,0.249999994644895,1,1,5.1500000001397,0
"18","a4",34,31,0.25000001792796,1,1,3.95000000135042,1
"19","a4",34,27,0.249999994644895,0,1,3.04999998770654,1
"20","a4",34,41,0.249999994644895,1,1,6.95000002160668,0
"21","a4",34,22,0.25000001792796,1,1,21.9499999657273,0
"22","a4",34,24,0.25000001792796,0,1,8.6499999742955,0
"23","a4",34,29,0.249999994644895,0,1,22.7499999979045,0
"24","a4",34,36,0.25000001792796,1,1,17.7499999990687,0
"25","a4",34,40,0.25000001792796,1,1,3.64999999292195,1
"26","a4",34,18,1.00000000535511,0,1,2.80999999959022,1
"27","a4",34,38,0.25000001792796,1,1,8.74999999068677,0
"28","a4",34,25,0.249999994644895,1,1,11.0499999951571,0
"29","a4",34,26,0.249999994644895,0,1,23.6499999999069,0
"30","a4",34,23,0.249999994644895,0,1,17.6500000059605,0
"31","a4",34,32,0.249999994644895,1,1,46.6499999980442,0
"32","a4",34,37,0.249999994644895,1,1,16.9500000309199,0
"33","a4",34,20,0.25000001792796,0,1,15.4499999713153,0
"34","a4",34,39,0.249999994644895,1,1,3.45000000670552,1
"35","a4",34,33,0.249999994644895,1,1,17.7499999990687,0
"36","a4",34,28,0.249999994644895,1,1,6.5500000026077,0
"37","a4",34,21,0.250000015017576,0,1,10.3499999735504,0
"38","a4",35,42,0.59999998772983,0,1,12.390000000596,0
"39","a4",35,47,0.25000001792796,1,1,11.9499999971595,0
"40","a4",35,44,0.2499999946449,0,1,8.74999999068677,0
"41","a4",35,46,0.25000001792796,0,1,18.4499999973923,0
"42","a4",35,45,0.2499999946449,0,1,2.25000000209548,1
"43","a4",35,51,0.2499999946449,0,1,13.9500000048429,0
"44","a4",35,43,3.35799996491568,0,1,3.28999999910593,0
"45","a4",35,48,0.2499999946449,0,1,17.0500000007451,0
"46","a4",35,50,0.2499999946449,1,1,15.6500000040978,0
"47","a4",35,49,0.2499999946449,0,1,15.6499999982771,0
"48","a4",36,52,2.4449999979767,0,1,26.510000001872,0
"49","a5",22,32,0.25000001792796,0,1,4.0500000002794,1
"50","a5",22,38,0.249999994644895,1,1,45.3500000294298,0
"51","a5",22,28,1.13000002003275,0,1,7.0899999991525,0
"52","a5",22,30,0.249999994644895,0,1,1.84999997727573,1
"53","a5",22,39,0.249999994644895,0,1,14.7500000020955,0
"54","a5",22,35,0.25000001792796,0,1,30.8499999984633,0
"55","a5",22,31,0.249999994644895,1,1,34.1500000096858,0
"56","a5",22,40,0.249999994644895,0,1,26.7500000016298,0
"57","a5",22,25,2.39500000312226,0,1,14.3099999986589,0
"58","a5",22,27,1.23999998013256,1,1,7.61000000056811,0
"59","a5",22,41,0.249999994644895,0,1,21.8499999959022,0
"60","a5",22,37,0.249999994644895,1,1,21.0499999986496,0
"61","a5",22,26,0.935000025082845,0,1,21.7100000008941,0
"62","a5",22,34,0.249999994644895,0,1,31.349999998929,0
"63","a5",22,33,0.249999994644895,0,1,29.749999998603,0
"64","a5",22,29,0.249999994644895,0,1,1.84999997727573,1
"65","a5",22,36,0.250000015017576,1,1,5.95000000321306,0
"66","a5",23,42,4.31499996286817,1,1,2.31000003404915,1
"67","a5",23,45,11.0000000161235,0,1,12.609999999404,0
"68","a5",23,44,1.14499998536892,0,1,31.5100000007078,0
"69","a5",23,43,0.90500002048677,0,1,20.5900000000838,0
"70","a5",24,50,0.93999999587191,1,1,14.091586926952,0
"71","a5",24,47,1.70000000258442,0,1,20.4084130935371,0
"72","a5",24,46,1.15999996642116,0,1,16.5084131062031,0
"73","a5",24,48,0.8300000023027,0,1,17.9100000008475,0
"74","a5",24,49,1.57500000002328,1,1,23.0099999986123,0
"75","a5",25,51,1.44000000204192,1,1,1.61000000080094,1
"76","a5",25,52,0.90000000691507,0,1,3.28999999910593,1
"77","a5",25,53,1.25999999571126,1,1,5.09000000311062,0
"78","a5",26,55,2.41999997493811,0,1,22.5915869232267,0
"79","a5",26,56,0.24999999173451,0,1,25.3484130837023,0
"80","a5",26,54,1.38499998633983,1,1,21.0084130987525,0
"81","a5",27,57,2.32000001345994,1,1,5.38999999989755,0
"82","a5",27,58,9.05850000928249,1,1,-0.00841310247778893,1
"83","a5",34,126,0.249999991734512,0,1,40.5515869148076,0
"84","a5",34,83,0.249999994644895,0,1,9.05158692039549,0
"85","a5",34,59,0.249999994644895,0,1,7.05158691853285,0
"86","a5",34,84,0.249999994644895,0,1,6.55158692970872,0
"87","a5",34,162,0.25000001792796,0,1,41.4484130684286,0
"88","a5",34,141,0.249999994644895,1,1,28.4500000008848,0
"89","a5",34,154,0.249999994644895,0,1,39.3484130967408,0
"90","a5",34,158,0.249999994644895,0,1,45.150000002468,0
"91","a5",34,127,0.25000001792796,0,1,41.7499999981374,0
"92","a5",34,223,0.249999994644895,0,1,2.25158692337573,1
"93","a5",34,168,0.249999994644895,0,1,37.0500000019092,0
"94","a5",34,167,0.249999994644895,0,1,39.4499999994878,0
"95","a5",34,160,0.249999994644895,0,1,45.6484131049365,0
"96","a5",34,82,0.249999994644895,0,1,9.9515869282186,0
"97","a5",34,122,0.25000001792796,0,1,36.9499999971595,0
"98","a5",34,65,0.249999991734512,0,1,1.45158693194389,1
"99","a5",34,142,0.249999994644895,0,1,27.4499999999534,0
"100","a5",34,201,0.249999994644895,0,1,32.9499999992549,0
"101","a5",34,163,0.249999991734512,0,1,39.2484130803496,0
"102","a5",34,100,0.25000001792796,0,1,35.3515869006515,0
"103","a5",34,139,0.25000001792796,0,1,28.4500000008848,0
"104","a5",34,140,0.249999994644895,0,1,23.5500000009779,0
"105","a5",34,96,0.25000001792796,1,1,27.9515868984163,0
"106","a5",34,161,0.25000001792796,0,1,39.1484130639583,0
"107","a5",34,159,0.249999991734512,0,1,46.348413079977,0
"108","a5",34,87,0.249999994644895,0,1,15.3515869285911,0
"109","a5",34,81,0.249999994644895,0,1,11.3515869248658,0
"110","a5",34,60,0.25000001792796,0,1,2.65158689580858,1
"111","a5",34,123,0.249999994644895,0,1,36.6500000003725,0
"112","a5",34,64,0.249999994644895,0,1,2.85158692859113,1
"113","a5",34,200,0.249999994644895,0,1,32.5499999977183,0
"114","a5",34,222,0.249999994644895,1,1,4.34841308742762,1
"115","a5",34,95,0.249999994644895,0,1,31.8515869323164,0
"116","a5",34,195,0.249999994644895,0,1,31.248413072899,0
"117","a5",34,196,0.249999994644895,0,1,28.2484130933881,0
"118","a5",34,97,0.249999994644895,0,1,29.0515869390219,0
"119","a5",34,86,0.249999994644895,0,1,18.6515869107097,0
"120","a5",34,121,0.249999994644895,0,1,33.8500000012573,0
"121","a5",34,99,0.249999994644895,0,1,37.6515869051218,0
"122","a5",34,146,0.25000001792796,0,1,33.3500000007916,0
"123","a5",34,239,0.249999994644895,0,1,22.2499999974389,0
"124","a5",34,237,0.249999994644895,0,1,7.25000000093132,0
"125","a5",34,124,0.25000001792796,1,1,43.0500000016764,0
"126","a5",34,101,0.25000001792796,1,1,35.3515869006515,0
"127","a5",34,125,0.25000001792796,0,1,38.4515868965536,0
"128","a5",34,66,0.25000001792796,1,1,2.95158689841628,1
"129","a5",34,63,0.249999994644895,0,1,2.45158690959215,1
"130","a5",34,203,0.25000001792796,0,1,12.4484130647033,0
"131","a5",34,79,0.249999991734512,0,1,14.9515869095922,0
"132","a5",34,169,0.249999994644895,0,1,38.0499999970198,0
"133","a5",34,144,0.249999994644895,0,1,30.3499999979977,0
"134","a5",34,170,0.249999994644895,0,1,38.4499999985565,0
"135","a5",34,120,0.249999994644895,0,1,22.2499999974389,0
"136","a5",34,89,0.250000015017576,1,1,15.4515868984163,0
"137","a5",34,147,0.249999994644895,0,1,34.3500000017229,0
"138","a5",34,220,0.25000001792796,0,1,2.5484130717814,1
"139","a5",34,166,0.249999994644895,0,1,41.5500000002794,0
"140","a5",34,218,0.249999994644895,1,1,22.0484131015837,0
"141","a5",34,138,0.249999994644895,0,1,30.1500000001397,0
"142","a5",34,175,0.250000015017576,1,1,32.1500000020023,0
"143","a5",34,221,0.297499989261851,1,1,6.42841309309006,0
"144","a5",34,153,0.249999994644895,0,1,39.2484130803496,0
"145","a5",34,80,0.249999994644895,0,1,12.6515869051218,0
"146","a5",34,143,0.25000001792796,1,1,29.3500000028871,0
"147","a5",34,180,0.249999994644895,0,1,28.9500000013504,0
"148","a5",34,145,0.249999994644895,0,1,30.3499999979977,0
"149","a5",34,119,0.249999994644895,0,1,25.1500000013039,0
"150","a5",34,238,0.249999994644895,0,1,12.2499999997672,0
"151","a5",34,235,0.249999994644895,0,1,7.85000000032596,0
"152","a5",34,61,0.25000001792796,1,1,2.35158689320087,1
"153","a5",34,202,0.249999994644895,0,1,5.55000000167638,0
"154","a5",34,165,0.249999994644895,0,1,44.8499999998603,0
"155","a5",34,152,0.249999994644895,0,1,39.8500000010245,0
"156","a5",34,92,0.249999994644895,1,1,29.0500000002794,0
"157","a5",34,78,0.249999994644895,0,1,17.9515869356692,0
"158","a5",34,197,0.249999994644895,0,1,27.748413104564,0
"159","a5",34,112,0.25000001792796,0,1,1.44999999902211,1
"160","a5",34,98,0.249999994644895,0,1,22.9515869170427,0
"161","a5",34,199,0.249999994644895,0,1,24.4484130758792,0
"162","a5",34,85,0.25000001792796,0,1,2.65158689580858,1
"163","a5",34,88,0.249999994644895,0,1,14.9515869095922,0
"164","a5",34,105,0.249999994644895,0,1,33.4515869151801,0
"165","a5",34,137,0.249999994644895,0,1,31.050000002142,0
"166","a5",34,219,0.249999994644895,1,1,17.6484130788594,0
"167","a5",34,77,0.25000001792796,0,1,16.0515869036317,0
"168","a5",34,62,0.249999994644895,0,1,2.45158690959215,1
"169","a5",34,164,0.249999994644895,0,1,37.6484130974859,0
"170","a5",34,194,0.25000001792796,1,1,32.6484130695462,0
"171","a5",34,176,0.249999994644895,0,1,30.7499999995343,0
"172","a5",34,204,0.25000001792796,0,1,14.7484130691737,0
"173","a5",34,67,0.25000001792796,0,1,4.95158690027893,0
"174","a5",34,128,0.249999994644895,0,1,32.4499999987893,0
"175","a5",34,118,0.249999991734512,0,1,23.4500000020489,0
"176","a5",34,157,0.249999991734512,0,1,42.3500000033528,0
"177","a5",34,116,0.249999994644895,0,1,17.7499999990687,0
"178","a5",34,184,0.25000001792796,0,1,9.5499999995809,0
"179","a5",34,76,0.25000001792796,0,1,19.4515869021416,0
"180","a5",34,215,0.25000001792796,0,1,1.34841306135058,1
"181","a5",34,217,0.249999994644895,0,1,6.34841308929026,0
"182","a5",34,149,0.25000001792796,1,1,33.5499999986496,0
"183","a5",34,191,0.25000001792796,0,1,33.4484130609781,0
"184","a5",34,151,0.25000001792796,1,1,38.9499999990221,0
"185","a5",34,94,0.249999994644895,1,1,30.9515869244933,0
"186","a5",34,177,0.249999994644895,0,1,27.4499999999534,0
"187","a5",34,178,0.249999994644895,0,1,23.7499999988358,0
"188","a5",34,104,0.249999994644895,0,1,33.9500000001863,0
"189","a5",34,225,0.25000001792796,0,1,3.25158690102398,1
"190","a5",34,103,0.249999994644895,0,1,32.850000000326,0
"191","a5",34,236,0.249999994644895,1,1,8.1499999971129,0
"192","a5",34,148,0.249999994644895,0,1,34.8500000021886,0
"193","a5",34,108,0.250000015017576,0,1,28.8500000024214,0
"194","a5",34,192,0.249999991734512,0,1,32.4484130833298,0
"195","a5",34,74,0.249999994644895,0,1,20.7515869289637,0
"196","a5",34,174,0.250000015017576,0,1,37.1484130620956,0
"197","a5",34,150,0.249999994644895,1,1,30.8499999984633,0
"198","a5",34,193,0.25000001792796,0,1,31.7484130617231,0
"199","a5",34,109,0.249999994644895,0,1,26.7515869345516,0
"200","a5",34,113,0.249999994644895,0,1,2.74999999674037,1
"201","a5",34,234,0.249999994644895,0,1,13.5499999974854,0
"202","a5",34,156,0.249999994644895,0,1,42.249999998603,0
"203","a5",34,117,0.249999994644895,1,1,19.0499999967869,0
"204","a5",34,102,0.250000015017576,0,1,32.1500000020023,0
"205","a5",34,136,0.249999994644895,0,1,32.2500000009313,0
"206","a5",34,216,0.249999994644895,1,1,7.75000000139698,0
"207","a5",34,134,0.249999994644895,0,1,28.1499999982771,0
"208","a5",34,188,0.249999991734512,0,1,35.2484130766243,0
"209","a5",34,107,0.249999991734512,0,1,26.1500000022352,0
"210","a5",34,228,0.249999994644895,0,1,22.7515869308263,0
"211","a5",34,190,0.25000001792796,0,1,33.4484130609781,0
"212","a5",34,93,0.249999994644895,0,1,27.5499999988824,0
"213","a5",34,205,0.249999994644895,0,1,16.9484131038189,0
"214","a5",34,209,0.25000001792796,1,1,17.5484130624682,0
"215","a5",34,68,0.249999994644895,0,1,11.6515869274735,0
"216","a5",34,224,0.249999994644895,0,1,3.75158693641424,1
"217","a5",34,155,0.249999994644895,0,1,41.5484130848199,0
"218","a5",34,182,0.249999994644895,0,1,9.45000000065193,0
"219","a5",34,226,0.249999994644895,0,1,7.45158693753183,0
"220","a5",34,106,0.25000001792796,0,1,27.6515868958086,0
"221","a5",34,133,0.249999994644895,0,1,27.0499999984168,0
"222","a5",34,214,0.249999994644895,0,1,13.14841308631,0
"223","a5",34,73,0.249999994644895,0,1,20.7515869289637,0
"224","a5",34,186,0.249999994644895,1,1,21.9500000006519,0
"225","a5",34,90,0.249999994644895,0,1,9.5499999995809,0
"226","a5",34,91,0.249999991734512,0,1,23.3500000031199,0
"227","a5",34,111,0.25000001792796,0,1,28.5515869036317,0
"228","a5",34,179,0.25000001792796,0,1,26.8500000005588,0
"229","a5",34,198,0.25000001792796,1,1,24.9484130647033,0
"230","a5",34,171,0.249999994644895,0,1,34.6499999985099,0
"231","a5",34,115,0.25000001792796,1,1,18.849999998929,0
"232","a5",34,172,0.249999994644895,0,1,35.2499999979045,0
"233","a5",34,75,0.25000001792796,0,1,19.4515869021416,0
"234","a5",34,132,0.249999991734512,0,1,26.0500000033062,0
"235","a5",34,173,0.249999994644895,0,1,33.4499999997206,0
"236","a5",34,187,0.249999994644895,0,1,27.748413104564,0
"237","a5",34,70,0.25000001792796,0,1,12.0515868999064,0
"238","a5",34,227,0.25000001792796,0,1,23.951586894691,0
"239","a5",34,189,0.249999994644895,0,1,34.9484130740166,0
"240","a5",34,229,0.249999994644895,0,1,21.0515869315714,0
"241","a5",34,233,0.25000001792796,0,1,16.0515869036317,0
"242","a5",34,210,0.249999994644895,1,1,13.548413105309,0
"243","a5",34,181,0.249999994644895,0,1,15.9500000008848,0
"244","a5",34,211,0.25000001792796,0,1,16.4484130684286,0
"245","a5",34,114,0.25000001792796,0,1,2.54999999888241,1
"246","a5",34,183,0.249999994644895,0,1,6.34999999892898,0
"247","a5",34,130,0.249999991734512,0,1,29.8500000033528,0
"248","a5",34,185,0.249999994644895,1,1,21.9500000006519,0
"249","a5",34,72,0.249999994644895,0,1,21.7515869066119,0
"250","a5",34,213,0.249999994644895,0,1,17.048413073644,0
"251","a5",34,71,0.249999994644895,0,1,17.3515869304538,0
"252","a5",34,231,0.249999994644895,1,1,12.7500000002328,0
"253","a5",34,206,0.249999994644895,0,1,15.6484130769968,0
"254","a5",34,207,0.249999994644895,0,1,19.9484130833298,0
"255","a5",34,232,0.249999994644895,0,1,14.9499999999534,0
"256","a5",34,69,0.249999994644895,0,1,12.8515869379044,0
"257","a5",34,208,0.249999994644895,0,1,12.6484130974859,0
"258","a5",34,131,0.249999994644895,0,1,25.8499999996275,0
"259","a5",34,135,0.25000001792796,1,1,30.4500000027474,0
"260","a5",34,129,0.25000001792796,0,1,30.6500000006054,0
"261","a5",34,230,0.249999994644895,1,1,16.8499999970663,0
"262","a5",34,212,0.25000001792796,1,1,14.7484130691737,0
"263","a5",34,110,0.25000001792796,1,1,29.3515868950635,0
"264","a5",35,241,0.2499999946449,0,1,2.14999999734573,1
"265","a5",35,240,4.42639998133774,1,1,22.0084130764008,0
"266","a5",36,243,1.72800000777631,0,1,-0.00841310247778893,1
"267","a5",36,242,1.86500002466142,0,1,-0.00841310247778893,1
"275","ar4",34,11,2.98000001183711,1,1,8.00999999046326,0
"276","ar4",34,13,0.249999994644895,1,1,10.2499999979045,0
"277","ar4",34,12,0.249999994644895,1,1,7.45000001043081,0
"278","ar4",35,14,0.249999994644895,1,1,11.8500000331551,0
"279","b1",15,54,3.05500005155802,0,1,23.7900000007357,0
"280","b1",15,55,7.76499995736172,0,1,0.290000002132729,1
"281","b1",23,60,0.7669999824937,0,1,21.8065454624593,0
"282","b1",23,61,0.7900000091549,0,1,20.9900000016205,0
"283","b1",23,62,0.2499999946449,0,1,22.2534545697272,0
"284","b1",25,63,0.91999998960644,1,1,0.0100000004749745,1
"285","b1",34,73,0.249999994644895,1,1,23.8515869248658,0
"286","b1",34,70,0.250000015017576,0,1,2.65158689580858,1
"287","b1",34,72,0.249999994644895,0,1,13.6500000022352,0
"288","b1",34,64,6.9049999842234,1,1,15.3084130957723,0
"289","b1",34,67,2.43499999819091,1,1,24.6084130834788,0
"290","b1",34,65,3.75000001338776,0,1,15.7084130682051,0
"291","b1",34,68,4.26999999060761,1,1,28.9084130898118,0
"292","b1",34,66,4.56500000728061,0,1,18.0084130726755,0
"293","b1",34,69,4.10500000229105,1,1,17.9899999988265,0
"294","b1",34,71,0.249999994644895,1,1,5.85158690810204,0
"295","b1",35,74,0.799999964237213,0,1,30.6900000025053,0
"296","b1",36,77,0.2499999946449,0,1,4.44841310381889,1
"297","b1",36,76,1.25999999571126,1,1,0.689999997848645,1
"298","b1",36,75,5.58309997948874,0,1,33.5084130987525,0
"299","b1",37,80,0.2499999946449,0,1,45.4488891584333,0
"300","b1",37,78,1.97724998564436,0,1,-0.00841310247778893,1
"301","b1",37,79,0.24999999173451,0,1,39.7488891612738,0
"308","b2",18,8,0.804999986540061,0,1,15.1000000070781,0
"309","b2",18,9,0.824999996297993,1,1,16.800000006333,0
"310","b2",22,10,0.249999994644895,0,1,0.849999999627471,1
"311","b2",23,11,5.21500003468478,0,1,12.6084130723029,0
"312","b2",34,15,0.670000020863954,0,1,0.0915869139134884,1
"313","b2",34,13,2.40500002211658,1,1,35.5900000024121,0
"314","b2",34,14,0.590000002204906,0,1,30.6900000025053,0
"315","b2",34,12,1.73000000077765,1,1,27.6899999997113,0
"316","b2",36,19,0.249999994644895,0,1,11.9484130758792,0
"317","b2",36,18,0.249999994644895,0,1,3.35000000195578,1
"318","b2",36,16,0.249999994644895,0,1,6.05000000214204,0
"319","b2",36,17,0.249999994644895,0,1,2.44999999995343,1
"325","b3",23,37,11.1500000524917,1,1,29.2900000000373,0
"326","b3",35,38,0.249999994644895,0,1,20.6499999971129,0
"332","b4",21,40,0.249999994644895,0,1,17.450000019744,0
"333","b4",21,36,1.58499997012317,0,1,45.2900000032969,0
"334","b4",21,41,0.249999994644895,1,1,4.65000001713634,0
"335","b4",21,37,1.65000000423752,1,1,41.8899999931455,0
"336","b4",21,38,3.27499995487742,1,1,13.4900000004563,0
"337","b4",21,39,1.94000002218178,0,1,17.6899999845773,0
"338","b4",22,43,1.73999999270542,1,1,5.91000000131316,0
"339","b4",22,42,1.15499999592314,0,1,5.69000000250526,0
"340","b4",24,44,0.25000001792796,0,1,0.94999996945262,1
"341","b4",27,45,28.8150000245101,1,1,0.01270507927984,0
"342","b4",34,48,8.4850000164448,1,1,12.4899999704212,0
"343","b4",34,46,1.395000012028,0,1,12.7099999983329,0
"344","b4",34,47,0.4499999894877,0,1,38.4899999946356,0
"345","b4",49,62,6.38000003010267,0,1,1.29000000306405,1
"349","b5",18,19,15.9899999202951,1,1,39.3999999971129,0
"350","b5",21,36,0.249999994644895,0,1,22.7500000037253,0
"351","b5",21,39,0.249999994644895,0,1,24.4500000029802,0
"352","b5",21,21,1.32000001654495,1,1,16.7100000195205,0
"353","b5",21,25,2.29000001788605,1,1,11.5099999995437,0
"354","b5",21,23,3.52999999277992,1,1,20.4900000011548,0
"355","b5",21,33,1.84000002868939,1,1,2.09000000031665,1
"356","b5",21,35,1.64999999259599,1,1,2.4900000076741,1
"357","b5",21,38,0.249999994644895,0,1,32.1500000078231,0
"358","b5",21,30,1.32000001450768,0,1,41.7899999767542,0
"359","b5",21,34,1.08500002157874,1,1,11.3899999763817,0
"360","b5",21,29,1.00499998807674,0,1,2.1100000012666,1
"361","b5",21,26,1.21500001704786,1,1,28.090000001248,0
"362","b5",21,31,1.43999996071449,0,1,39.6900000050664,0
"363","b5",21,24,2.13499999181135,1,1,24.2900000012014,0
"364","b5",21,32,2.58000002127839,1,1,34.389999974519,0
"365","b5",21,27,1.2300000467035,0,1,42.2900000005029,0
"366","b5",21,22,1.42000000625383,1,1,21.2100000120699,0
"367","b5",21,20,2.74999999406282,1,1,15.8100000116974,0
"368","b5",21,37,0.249999994644895,1,1,5.84999998100102,0
"369","b5",21,28,2.27999999656342,1,1,43.1899999734014,0
"370","b5",22,40,5.53500000949483,1,1,16.1099999968428,0
"371","b5",22,41,0.274999993818346,1,1,25.1900000032037,0
"372","b5",27,42,12.0199999974761,0,1,0.0100000004749745,1
"373","b5",30,43,8.92250001143897,1,1,0.00603515654802322,1
"374","b5",33,45,1.90000001052395,0,1,2.50873046461493,1
"375","b5",33,44,11.9650000615185,0,1,0.00873046810738742,1
"376","b5",35,46,0.2499999946449,1,1,5.54999997839332,0
"377","b5",35,47,0.2499999946449,1,1,39.7500000020955,0
"378","b5",36,51,0.2499999946449,0,1,1.7515869345516,1
"379","b5",36,58,0.2499999946449,0,1,10.5500000005122,0
"380","b5",36,54,0.2499999946449,0,1,12.0500000019092,0
"381","b5",36,57,0.2499999946449,0,1,16.4500000013504,0
"382","b5",36,56,0.2499999946449,0,1,5.34999999799766,0
"383","b5",36,55,0.2499999946449,0,1,8.85000000125729,0
"384","b5",36,52,0.2499999946449,0,1,0.150000001303852,1
"385","b5",36,53,0.2499999946449,0,1,24.0515869110823,0
"386","b5",36,48,0.2499999946449,0,1,7.65158692374825,0
"387","b5",36,49,0.2499999946449,0,1,4.15158690884709,1
"388","b5",36,50,0.2499999946449,0,1,1.95158692076802,1
"394","g1",15,38,0.249999994644895,1,1,19.3789952900261,0
"395","g1",16,40,0.249999994644895,0,1,23.3899999991991,0
"396","g1",16,39,0.797900000213785,0,1,31.6300000064075,0
"397","g1",16,41,0.249999994644895,0,1,4.47000000276603,1
"398","g1",16,42,0.249999994644895,0,1,17.06000000122,0
"399","g1",20,44,0.999999990221113,0,1,0.19000000320375,1
"400","g1",20,43,0.975000021024607,1,1,4.28999997675419,0
"401","g1",22,54,1.50500003673835,0,1,16.6099999973085,0
"402","g1",22,52,6.96000002233544,1,1,30.710000032559,0
"403","g1",22,65,1.57500000904547,1,1,18.1900000025053,0
"404","g1",22,67,0.249999994644895,1,1,10.0500000175089,0
"405","g1",22,47,5.80500006715767,1,1,4.11000000312924,0
"406","g1",22,63,2.80999999772525,1,1,33.0100000021048,0
"407","g1",22,58,1.74000001074979,0,1,22.1900000004098,0
"408","g1",22,46,1.14500001127133,0,1,1.11000002361834,1
"409","g1",22,55,1.6400000050338,1,1,14.3099999986589,0
"410","g1",22,57,1.0299999820115,1,1,17.3100000014529,0
"411","g1",22,62,7.12999998406041,1,1,41.0900000017136,0
"412","g1",22,61,1.34500001047971,0,1,23.3899999991991,0
"413","g1",22,59,1.16499998232117,1,1,19.6899999980815,0
"414","g1",22,51,1.39500000125961,1,1,20.8099999988917,0
"415","g1",22,49,3.15500001623761,0,1,24.9100000131875,0
"416","g1",22,45,1.40000002298039,1,1,0.609999988228083,1
"417","g1",22,64,1.17000000986271,1,1,0.689999997848645,1
"418","g1",22,66,9.48499998542015,1,1,2.19000000506639,0
"419","g1",22,50,0.889999974532984,0,1,12.9100000020117,0
"420","g1",22,60,1.77000001301756,1,1,1.29000000306405,1
"421","g1",22,53,3.81499997852603,1,1,10.81000000122,0
"422","g1",22,56,1.99999993271194,0,1,36.1100000329316,0
"423","g1",22,48,3.51999999066582,1,1,23.810000019148,0
"424","g1",23,70,0.70499999275664,0,1,0.989999994635582,1
"425","g1",23,68,3.84499994994374,1,1,0.010000029578805,1
"426","g1",23,69,0.79500001294771,1,1,17.2084130870644,0
"427","g1",24,71,0.15000001046574,0,1,0.19000000320375,1
"428","g1",25,72,26.1249999037245,1,1,0.00953369308263063,1
"429","g1",27,73,1.92000004036352,0,1,0.0100000004749745,1
"430","g1",32,74,17.6899999941839,1,1,8.20999999996275,0
"431","g1",33,75,3.35000001235167,1,1,21.6899999883026,0
"432","g1",34,82,1.14299997085985,0,1,16.0084130708128,0
"433","g1",34,76,1.10950000364985,0,1,2.70841307938099,1
"434","g1",34,78,1.25400001109019,0,1,8.40841308236122,0
"435","g1",34,83,0.79449996709079,0,1,8.2057177729439,0
"436","g1",34,79,0.83949999767542,0,1,9.50841307640076,0
"437","g1",34,80,0.6705000213189,0,1,7.81571777188219,0
"438","g1",34,84,0.93899996044487,0,1,19.6084131021053,0
"439","g1",34,87,1.60370001738886,1,1,0.00158692710101604,1
"440","g1",34,81,0.63300001403131,0,1,10.5057177715935,0
"441","g1",34,85,0.68899999571871,0,1,8.09158692136407,0
"442","g1",34,77,1.25949999793386,0,1,4.50841309502721,0
"443","g1",34,86,0.42650000978168,0,1,3.39158689603209,1
"444","g1",35,88,2.22999998773914,0,1,0.191586912842467,1
"445","g1",36,90,11.9000000093598,1,1,4.79000000050291,0
"446","g1",36,89,0.59500002014218,1,1,0.708413077518344,1
"447","g1",36,91,0.2499999946449,1,1,10.6484130956233,0
"448","g1",37,106,1.12500001839362,1,1,2.89158690720797,1
"449","g1",37,109,0.25000001792796,0,1,16.7484130710363,0
"450","g1",37,108,2.07999997983454,0,1,0.00158692710101604,1
"451","g1",37,95,2.60999997552484,1,1,1.0100000014063,1
"452","g1",37,98,4.70500001475913,1,1,13.508413080126,0
"453","g1",37,105,5.98000002266373,1,1,3.89158693142235,0
"454","g1",37,111,0.2499999946449,0,1,11.0500000009779,0
"455","g1",37,96,1.25000000145519,0,1,12.8084131050855,0
"456","g1",37,107,1.39999999795109,1,1,2.09158691577613,1
"457","g1",37,93,3.15999999139225,1,1,7.90841309353709,0
"458","g1",37,102,1.44000001281034,0,1,33.2915869075805,0
"459","g1",37,92,8.39999994114041,1,1,1.70841310173273,0
"460","g1",37,94,6.32999997762265,1,1,8.8084131013602,0
"461","g1",37,104,0.80999997828389,0,1,16.5915869176388,0
"462","g1",37,97,1.62999998516636,1,1,6.60999999963678,0
"463","g1",37,99,4.64500001138775,1,1,17.1084130648524,0
"464","g1",37,110,0.2499999946449,0,1,3.54999999981374,1
"465","g1",37,103,3.44499999518273,0,1,17.991586914286,0
"466","g1",37,101,10.3299999777973,0,1,0.609999999869615,0
"467","g1",37,100,1.00500001165085,0,1,35.1900000008754,0
"468","g1",38,112,0.2499999946449,0,1,11.2484130891971,0
"469","g1",39,113,1.60999997715466,0,1,0.00841310247778893,1
"470","g1",43,114,6.46400000324496,1,1,13.5100000014063,0
"473","g2",16,26,6.38000003854279,0,1,-0.00841310247778893,1
"474","g2",17,27,0.249999994644895,0,1,28.8499999791384,0
"475","g2",18,28,4.91999997697538,1,1,16.6000000201166,0
"476","g2",19,31,7.09000000732718,1,1,21.7899999988731,0
"477","g2",19,29,1.96000001040287,1,1,15.0100000202656,0
"478","g2",19,30,0.62999999814667,0,1,10.4899999976624,0
"479","g2",19,32,2.54999997389969,1,1,18.8099999970291,0
"480","g2",19,33,12.375000013446,1,1,2.58999997749925,0
"481","g2",22,41,3.11000002884306,0,1,0.389999989420176,1
"482","g2",22,34,3.02000003950205,0,1,1.68999999877997,1
"483","g2",22,39,9.89000011498807,1,1,18.1899999734014,0
"484","g2",22,36,0.26000001189299,0,1,26.510000001872,0
"485","g2",22,35,1.43999998312444,0,1,3.69000000064261,1
"486","g2",22,38,8.37499992887024,1,1,23.4900000039488,0
"487","g2",22,40,15.8349999207049,1,1,2.7900000102818,0
"488","g2",22,37,0.84000000528991,1,1,27.1100000012666,0
"489","g2",24,45,0.2499999946449,1,1,9.72000000183471,0
"490","g2",24,43,0.88649998875242,0,1,30.0100000109524,0
"491","g2",24,44,1.31730001267958,0,1,11.0300000291318,0
"492","g2",24,42,2.81030002132785,1,1,17.7600000053644,0
"493","g2",25,46,5.10499994390877,0,1,15.7084130682051,0
"494","g2",25,47,1.88000000134809,1,1,1.18999999831431,1
"495","g2",27,48,10.0399999150331,1,1,31.8915869109333,0
"496","g2",32,49,1.13999997558072,0,1,18.9900000113994,0
"497","g2",34,50,0.89110002332819,1,1,5.08000000263564,0
"498","g2",35,51,1.95000000072177,1,1,2.09000000031665,1
"499","g2",37,54,1.30000000474975,0,1,10.7100000022911,0
"500","g2",37,56,3.5199999874644,0,1,13.1099999998696,0
"501","g2",37,57,0.75999998721294,0,1,22.9099999996834,0
"502","g2",37,53,5.22499996520346,1,1,0.0100000004749745,1
"503","g2",37,55,12.0450000187685,1,1,6.51000000070781,0
"504","g2",37,52,2.6350000454206,0,1,25.6084130611271,0
"505","g2",39,59,4.26499998081941,1,1,47.4099999992177,0
"506","g2",39,58,5.58000000416534,1,1,0.00841310247778893,1
"507","g2",42,62,19.5025000064366,1,1,-0.00841310247778893,1
"508","g2",42,63,13.5155999473779,1,1,0.00158692710101604,1
"509","g2",42,61,20.9500000838423,1,1,-0.00841310247778893,1
"510","g2",42,60,20.6285000670385,1,1,-0.00841310247778893,1
"511","g2",45,64,2.5200000193622,1,1,0.0100000004749745,1
"518","g3",16,21,0.84999998062849,0,1,27.7900000102818,0
"519","g3",17,22,0.249999994644895,0,1,18.6499999836087,0
"520","g3",19,23,1.46000000277767,0,1,7.18999999808148,0
"521","g3",22,33,1.6499999934691,1,1,17.0899999793619,0
"522","g3",22,37,2.18000000336207,1,1,8.28999998047948,0
"523","g3",22,32,2.80000000841683,1,1,17.0899999793619,0
"524","g3",22,25,3.76000001084525,1,1,13.890000001993,0
"525","g3",22,29,1.92500003792811,0,1,29.3899999989662,0
"526","g3",22,28,1.97000003841938,1,1,34.9899999797344,0
"527","g3",22,31,1.50999997813255,1,1,19.3899999838322,0
"528","g3",22,38,0.689999989585485,0,1,3.28999999910593,1
"529","g3",22,27,0.449999989487696,1,1,42.6899999845773,0
"530","g3",22,24,1.68500000581611,1,1,14.3099999986589,0
"531","g3",22,26,0.58499999852851,1,1,39.8099999991246,0
"532","g3",22,39,0.619999980898574,1,1,2.98999999649823,1
"533","g3",22,35,0.960000005047768,0,1,14.1899999696761,0
"534","g3",22,40,1.00500003900845,1,1,1.68999996967614,1
"535","g3",22,36,5.63499996282393,1,1,0.909999996656552,1
"536","g3",22,34,0.765000019993167,0,1,9.5900000014808,0
"537","g3",22,30,3.05000001703156,1,1,30.2099999971688,0
"538","g3",23,41,7.2497999042294,1,1,-0.00380612909793854,1
"539","g3",23,42,4.57499999129213,1,1,19.5899999991525,0
"540","g3",24,43,1.08000000480562,0,1,37.6084130723029,0
"541","g3",27,44,6.60999999287072,0,1,9.60841309279203,0
"542","g3",30,45,16.6949999593268,1,1,0.206655263900757,1
"543","g3",30,46,7.01099998463038,0,1,14.6933447569609,0
"544","g3",34,61,0.249999994644895,0,1,6.5500000026077,0
"545","g3",34,56,0.810000005350448,0,1,22.2100000013597,0
"546","g3",34,58,0.399999989685603,0,1,4.81000000145286,0
"547","g3",34,60,0.370000006044284,0,1,6.48999999975786,0
"548","g3",34,57,0.720000019792933,0,1,4.91000000038184,0
"549","g3",34,49,0.764999999329448,0,1,35.910000000149,0
"550","g3",34,48,1.3049999906728,0,1,23.3100000303239,0
"551","g3",34,50,1.40000002414454,1,1,38.3100000210106,0
"552","g3",34,47,1.01499999077292,0,1,14.5100000314415,0
"553","g3",34,54,0.61499999584863,0,1,12.8900000010617,0
"554","g3",34,59,1.2599999997858,0,1,27.3899999912828,0
"555","g3",34,55,0.815000007862691,0,1,29.3899999989662,0
"556","g3",34,53,0.274999990325887,0,1,9.38999999780208,0
"557","g3",34,51,0.690000009085052,1,1,38.8100000098348,0
"558","g3",34,52,0.589999984742608,0,1,6.91000000224449,0
"559","g3",35,62,0.87000001512468,0,1,7.68999997526407,0
"560","g3",35,63,0.55999997810926,0,1,6.19000000879169,0
"561","g3",35,64,0.25999999559484,0,1,2.98999999649823,1
"562","g3",39,65,10.3550000229548,1,1,0.0100000004749745,1
"563","g3",49,84,0.64435000329334,0,1,-0.000654294854030013,1
"564","g3",49,85,0.58999999667518,1,1,17.991586914286,0
"565","g3",49,83,0.69499999733642,0,1,4.41065429477021,0
"576","g4",22,61,1.58999998631421,0,1,42.0099999988452,0
"577","g4",22,56,0.80000000614673,1,1,17.1099999919534,0
"578","g4",22,65,14.6999999284279,0,1,26.7899999977089,0
"579","g4",22,58,2.46499999172753,1,1,21.9100000336766,0
"580","g4",22,64,1.50600000202516,0,1,34.1899999883026,0
"581","g4",22,62,5.71999995110789,1,1,22.9899999976624,0
"582","g4",22,63,10.6499999974272,1,1,10.3100000007544,0
"583","g4",22,66,0.25000001792796,0,1,1.94999999366701,1
"584","g4",22,59,4.07499996859115,1,1,4.19000000110827,0
"585","g4",22,57,1.63999998873565,1,1,17.9100000299513,0
"586","g4",22,53,0.93999999790918,0,1,14.0099999960512,0
"587","g4",22,55,7.35999996341765,1,1,17.1099999919534,0
"588","g4",22,60,0.78000000599306,0,1,1.68999999877997,1
"589","g4",22,54,0.60500000246568,1,1,13.5100000014063,0
"590","g4",23,67,12.887499984249,0,1,5.81000000238419,0
"591","g4",24,70,0.91000003173016,0,1,7.3900000017602,0
"592","g4",24,72,1.68999997776933,0,1,24.3900000117719,0
"593","g4",24,73,0.72999999542255,0,1,1.18999999831431,1
"594","g4",24,69,1.18000001634238,1,1,7.29000000283122,0
"595","g4",24,71,0.88000001258217,0,1,3.69000000064261,1
"596","g4",24,68,3.41999998436775,0,1,14.3900000024587,0
"597","g4",25,74,0.9999999785796,0,1,30.891586933285,0
"598","g4",28,75,5.6204999260562,1,1,0.204958487302065,1
"599","g4",29,76,16.4013500527363,1,1,-0.0149584840983152,1
"600","g4",30,77,0.84600000329874,1,1,0.90841306373477,1
"601","g4",33,78,1.69799997745245,0,1,0.0149584840983152,1
"602","g4",34,79,1.29499998390209,1,1,0.308413105085492,1
"603","g4",36,94,0.2499999946449,0,1,35.2484130882658,0
"604","g4",36,87,0.2499999946449,0,1,22.4515869107563,0
"605","g4",36,91,0.2499999946449,1,1,1.75158691126853,1
"606","g4",36,92,0.2499999946449,0,1,3.74841308803298,1
"607","g4",36,80,0.25000001792796,0,1,5.048413091572,0
"608","g4",36,89,0.2499999946449,0,1,4.65158690931275,0
"609","g4",36,86,0.2499999946449,0,1,8.45158691518009,0
"610","g4",36,99,0.2499999946449,0,1,2.5484130892437,1
"611","g4",36,97,0.25000001792796,1,1,16.1484130658209,0
"612","g4",36,85,0.2499999946449,0,1,5.75158693827689,0
"613","g4",36,100,0.24999999173451,0,1,10.6484130956233,0
"614","g4",36,82,0.25000001792796,0,1,20.5515868961811,0
"615","g4",36,84,0.25000001792796,0,1,13.1515868939459,0
"616","g4",36,88,0.2499999946449,0,1,8.45158691518009,0
"617","g4",36,93,0.24999999173451,0,1,38.6484130925965,0
"618","g4",36,83,0.2499999946449,0,1,15.1515869074501,0
"619","g4",36,81,0.25000001501758,0,1,5.25158690288663,0
"620","g4",36,90,0.25000001792796,0,1,0.951586896553636,1
"621","g4",36,95,0.2499999946449,0,1,15.0484130892437,0
"622","g4",36,96,0.25000001792796,0,1,16.1484130658209,0
"623","g4",36,98,0.2499999946449,0,1,9.1484130884055,0
"624","g4",36,101,0.2499999946449,0,1,4.14841310121119,1
"625","g4",37,102,9.97499999937136,1,1,13.6084130906966,0
"626","g4",39,103,1.71599999217177,0,1,0.015717773931101,1
"627","g4",42,104,1.26499998599989,0,1,37.7084130886942,0
"628","g4",46,105,2.85999998588581,0,1,11.1100000329316,0
"631","g5",22,31,1.9949999537738,0,1,18.6900000029709,0
"632","g5",23,33,8.81000007176539,1,1,12.0899999979883,0
"633","g5",23,32,9.49500003468245,0,1,27.1084130741656,0
"634","g5",25,35,5.85000004436588,0,1,27.708413079381,0
"635","g5",25,34,27.2099999942794,1,1,0.290000002132729,1
"636","g5",27,36,5.70994999474026,0,1,0.985041499370709,1
"637","g5",35,37,0.25000001792796,0,1,26.4499999990221,0
"638","g5",36,38,0.249999991734512,0,1,2.25000000209548,1
"639","g5",42,39,1.50000002083834,1,1,10.4899999685585,0
"640","g5",43,40,1.0200000110385,0,1,3.50999999791384,1
"641","g6",31,70,1.57500002505258,0,1,9.40999999875203,0
"642","g6",32,71,5.22849995654286,0,1,3.70735842734575,0
"643","g6",33,72,4.30799999768077,0,1,7.9146069008857,0
"644","g6",34,74,6.22999997860054,1,1,45.5915869097225,0
"645","g6",34,79,1.23999999148306,0,1,23.1900000013411,0
"646","g6",34,82,1.37499999382999,1,1,19.8899999726564,0
"647","g6",34,84,1.26499998861924,0,1,0.989999994635582,1
"648","g6",34,76,0.61999999079388,0,1,14.3084130890202,0
"649","g6",34,81,0.90499999545747,0,1,0.00841309083625674,1
"650","g6",34,78,1.05499998234911,0,1,27.0084130926989,0
"651","g6",34,73,3.64000002040062,1,1,0.00841309083625674,1
"652","g6",34,83,1.06000001978595,0,1,11.9899999815971,0
"653","g6",34,80,1.02999999772757,0,1,20.5899999942631,0
"654","g6",34,75,1.43000001186039,0,1,3.70841309195384,0
"655","g6",34,77,0.78000000482891,0,1,9.20841309125535,0
"656","g6",43,91,5.23000000234926,1,1,6.69046631082892,0
"657","g6",43,90,16.2299999969359,1,1,10.5100000277162,0
"658","g6",43,92,5.06999995484482,1,1,17.6100000273436,0
"694","h1",15,51,1.92050000731996,0,1,31.2446096912026,0
"695","h1",15,52,2.89294999405085,1,1,3.11000000219792,0
"696","h1",16,58,0.25048851966858,0,1,31.207275390625,0
"697","h1",16,55,0.25048851966858,0,1,14.7705078125,0
"698","h1",16,53,3.23315001458107,1,1,3.63999999826774,0
"699","h1",16,57,0.25048851966858,0,1,13.76953125,0
"700","h1",16,59,0.25048851966858,0,1,11.370849609375,0
"701","h1",16,54,3.82794999733493,0,1,0.969999999506399,1
"702","h1",16,56,0.24441629648209,0,1,3.8330078125,1
"703","h1",19,61,1.83135001447992,0,1,-0.00399393611587584,1
"704","h1",19,60,7.67329999443102,1,1,-0.123993935994804,1
"705","h1",19,62,14.9751999893495,1,1,-0.123993935994804,0
"706","h1",19,63,16.2566999891114,1,1,-0.0981063116341829,1
"707","h1",21,64,1.41950000489666,0,1,20.699999993667,0
"708","h1",30,77,10.1500000436441,1,1,4.70999999670312,0
"709","h1",30,78,13.3850000078184,1,1,-0.00841310247778893,1
"710","h1",31,79,1.8749999779975,1,1,0.00158692710101604,1
"711","h1",33,80,8.714999972519,0,1,24.0900000033434,0
"712","h1",34,84,0.95999998991378,0,1,26.6084130853415,0
"713","h1",34,82,0.92999999783235,1,1,0.408413074910641,1
"714","h1",34,85,1.30000000125729,1,1,21.6084130923264,0
"715","h1",34,91,13.3249999645748,1,1,19.7915869299322,0
"716","h1",34,89,4.61999998311047,1,1,10.6084130879026,0
"717","h1",34,86,1.67500000835862,0,1,10.3084130911157,0
"718","h1",34,94,11.8450000626338,0,1,8.49158689379692,0
"719","h1",34,92,3.06500007055234,1,1,17.591586895287,0
"720","h1",34,95,4.94500006724382,1,1,8.5915869101882,0
"721","h1",34,90,3.71499997775769,1,1,20.6915869377553,0
"722","h1",34,81,1.55499999695923,1,1,0.308413105085492,1
"723","h1",34,93,10.1249999961583,1,1,9.1915869154036,0
"724","h1",34,88,3.88999997953884,0,1,-0.00841309083625674,1
"725","h1",34,83,1.45499996941537,1,1,25.0084131024778,0
"726","h1",34,87,5.10499999833293,1,1,13.5084130917676,0
"727","h1",35,96,2.87499998760177,1,1,18.0084130726755,0
"728","h1",36,117,0.2499999946449,0,1,27.8500000014901,0
"729","h1",36,115,0.2499999946449,0,1,17.8499999979977,0
"730","h1",36,100,0.2499999946449,0,1,12.9499999980908,0
"731","h1",36,121,0.2499999946449,0,1,32.750000001397,0
"732","h1",36,116,0.2499999946449,0,1,23.1499999994412,0
"733","h1",36,119,0.2499999946449,0,1,21.3500000012573,0
"734","h1",36,101,0.2499999946449,0,1,11.6500000003725,0
"735","h1",36,104,0.25000001792796,0,1,31.9515869021416,0
"736","h1",36,118,0.25000001792796,0,1,24.3499999982305,0
"737","h1",36,103,0.2499999946449,0,1,30.1515869330615,0
"738","h1",36,123,0.25000001792796,0,1,27.5499999988824,0
"739","h1",36,124,0.2499999946449,0,1,30.4499999969266,0
"740","h1",36,120,0.2499999946449,0,1,33.5499999986496,0
"741","h1",36,122,0.2499999946449,0,1,30.8499999984633,0
"742","h1",36,102,0.2499999946449,0,1,15.2500000025611,0
"743","h1",36,129,0.2499999946449,0,1,11.8484131060541,0
"744","h1",36,106,0.25000001792796,1,1,28.7499999976717,0
"745","h1",36,126,0.2499999946449,0,1,17.149999999674,0
"746","h1",36,128,0.26249999670545,0,1,14.3500000005588,0
"747","h1",36,109,0.2499999946449,1,1,26.3515869155526,0
"748","h1",36,111,0.2499999946449,0,1,16.5500000002794,0
"749","h1",36,114,0.2499999946449,1,1,16.4500000013504,0
"750","h1",36,110,0.2499999946449,0,1,26.951586920768,0
"751","h1",36,113,0.2499999946449,0,1,2.54999999888241,1
"752","h1",36,98,0.2499999946449,1,1,21.4515869040042,0
"753","h1",36,125,0.2499999946449,0,1,22.1499999985099,0
"754","h1",36,107,0.2499999946449,1,1,25.8499999996275,0
"755","h1",36,127,0.26249999670545,0,1,13.8500000000931,0
"756","h1",36,112,0.2499999946449,0,1,0.849999999627471,1
"757","h1",36,108,0.25000001792796,0,1,28.5515869036317,0
"758","h1",36,97,0.25000001792796,0,1,1.25158689916134,1
"759","h1",36,99,0.2499999946449,0,1,11.0500000009779,0
"760","h1",36,105,0.2499999946449,0,1,31.5500000026077,0
"761","h1",37,132,0.2499999946449,0,1,20.7515869115014,0
"762","h1",37,134,0.24999999173451,0,1,29.948413092643,0
"763","h1",37,133,0.2499999946449,0,1,34.1515869367868,0
"764","h1",37,136,0.25000001792796,0,1,2.34841309138574,1
"765","h1",37,131,0.25000001792796,0,1,17.2515869082417,0
"766","h1",37,135,0.2499999946449,0,1,1.94841308984905,1
"767","h1",37,130,1.22000000791857,0,1,24.7084130882286,0
"768","h1",37,137,0.2499999946449,0,1,19.951586908428,0
"769","h1",44,182,1.47499998790445,0,1,15.7899999991059,0
"837","h2",21,7,0.249999991734512,0,1,9.75000000325963,0
"838","h2",28,9,9.40499999732012,1,1,0.00841310247778893,1
"839","h2",30,10,1.59499998009531,0,1,16.0084130708128,0
"840","h2",34,13,29.3299999578903,1,1,8.50999999674968,0
"841","h2",34,12,13.7400000304822,1,1,7.11000000010245,0
"842","h2",34,15,10.3600000237208,1,1,0.0100000004749745,1
"843","h2",34,11,21.5849999605189,1,1,28.6084130872041,0
"844","h2",34,14,0.92999999492196,0,1,35.6099999975413,0
"845","h2",35,16,0.25000001792796,0,1,21.750000002794,0
"846","h2",36,20,0.57000000758097,0,1,17.1099999977741,0
"847","h2",36,19,3.61999998474028,1,1,8.90999999828637,0
"848","h2",36,18,2.31000001163688,0,1,14.4099999975879,0
"849","h2",36,17,2.54000000816537,1,1,9.30841309018433,0
"850","h2",37,22,13.2649999830313,0,1,9.00841308757663,0
"851","h2",37,21,15.329999983618,0,1,0.408413074910641,1
"852","h2",37,24,6.74999998376006,0,1,1.29000000306405,1
"853","h2",37,25,2.34999997847481,0,1,8.61000000149943,0
"854","h2",37,23,2.29499996102648,0,1,0.0100000004749745,1
"855","h2",44,31,37.1413499180252,1,1,-0.000944780185818672,0
"867","h3",19,0,7.99999995029066,1,1,0.010000029578805,1
"868","h3",29,3,5.53504993790416,0,1,0.00158692710101604,1
"869","h3",29,2,3.75469997506794,1,1,0.00158692710101604,1
"870","h3",30,5,1.55500001238426,0,1,0.591586902737617,1
"871","h3",30,4,1.22749999285676,0,1,23.3915869146585,0
"872","h3",34,13,1.0049999854574,1,1,18.4100000187755,0
"873","h3",34,10,0.459999990437646,0,1,1.58999999985099,1
"874","h3",34,20,0.334999998644926,0,1,25.2899999730289,0
"875","h3",34,6,1.14000002360204,1,1,0.609999988228083,1
"876","h3",34,16,0.849999995471444,1,1,38.3099999977276,0
"877","h3",34,9,0.500000012572855,0,1,6.41000000759959,0
"878","h3",34,18,0.399999991140794,0,1,29.9899999983609,0
"879","h3",34,11,1.03499997986713,0,1,7.71000003442168,0
"880","h3",34,12,0.810000006223563,1,1,12.0099999941885,0
"881","h3",34,14,0.9000000086613,0,1,24.8099999967963,0
"882","h3",34,15,0.610000000903383,0,1,37.2900000016671,0
"883","h3",34,19,0.49999999103602,0,1,38.1899999920279,0
"884","h3",34,7,1.15999998679385,0,1,2.81000002287328,1
"885","h3",34,17,1.44999997010454,1,1,14.9900000018533,0
"886","h3",34,8,0.319999997802079,1,1,4.11000000312924,1
"887","h3",35,24,13.8575000316033,1,1,16.1099999968428,0
"888","h3",35,27,3.64000000875909,0,1,3.58504154719412,0
"889","h3",35,23,3.4649999793293,0,1,24.6900000027381,0
"890","h3",35,26,0.66199998613982,1,1,7.39504154771566,0
"891","h3",35,25,5.65150010164501,1,1,15.6950415112078,0
"892","h3",35,28,4.43644999731001,0,1,-0.00495845451951027,1
"893","h3",35,21,1.79500000811648,0,1,4.90495846606791,0
"894","h3",35,22,1.10849999793782,0,1,17.7900000009686,0
"895","h3",36,29,10.8425001109415,1,1,19.3900000012945,0
"896","h3",36,31,0.2499999946449,0,1,11.5453931037337,0
"897","h3",36,30,5.92299999597413,0,1,6.38539311476052,0
"912","i1",15,56,8.73500008792383,1,1,33.5915869101882,0
"913","i1",19,59,2.09999997800915,0,1,19.8084130883217,0
"914","i1",19,60,3.60000001048902,1,1,4.89158690907061,0
"915","i1",22,66,2.43849996720767,1,1,32.3157177714165,0
"916","i1",22,63,3.23049990740186,1,1,3.38428223039955,0
"917","i1",22,68,0.890500006129034,0,1,32.694282225566,0
"918","i1",22,64,1.689450015814,1,1,6.70571777154692,0
"919","i1",22,62,1.2694999987965,1,1,18.8061938621104,0
"920","i1",22,61,2.04200001513655,1,1,17.1061938628554,0
"921","i1",22,67,2.4960000305865,1,1,31.09428222524,0
"922","i1",22,65,0.878550008398993,1,1,7.78428222984076,0
"923","i1",23,71,4.58000000259373,1,1,10.6099999975413,0
"924","i1",23,69,8.41499997457955,0,1,31.5100000239909,0
"925","i1",23,70,2.71999996443745,1,1,17.0099999988452,0
"926","i1",24,72,3.17000000849483,0,1,21.7100000008941,0
"927","i1",26,76,1.83599998738943,0,1,9.30654546245933,0
"928","i1",26,74,3.22449998226902,0,1,5.40841309120879,0
"929","i1",26,75,4.15499996687751,0,1,26.091586909024,0
"930","i1",26,73,9.47800000894046,0,1,2.61654541827738,0
"931","i1",27,81,9.0900000436488,1,1,3.39105469174683,0
"932","i1",27,79,2.0699999748683,0,1,35.6910547241569,0
"933","i1",27,77,4.5699999940768,0,1,18.3904663077556,0
"934","i1",27,78,1.2000000231899,0,1,38.3910547010601,0
"935","i1",27,80,7.0700000511203,1,1,0.609533692477271,1
"936","i1",31,82,4.09999998659478,1,1,0.191586912842467,1
"937","i1",32,83,5.77200000319583,1,1,15.5066552571952,0
"938","i1",33,84,6.18500002176501,0,1,4.89158690907061,0
"939","i1",34,85,0.73500000797561,1,1,3.9915869012475,0
"940","i1",35,86,4.69550001991028,1,1,15.9084130893461,0
"941","i1",43,103,11.9049999912083,1,1,6.89158691093326,0
"946","i2",20,12,1.1400000073039,0,1,1.0100000014063,1
"947","i2",22,32,2.25000002165325,0,1,8.1899999990128,0
"948","i2",22,36,2.52000003857072,0,1,23.7900000007357,0
"949","i2",22,15,0.775000005809125,0,1,6.21000002138317,0
"950","i2",22,41,1.86500004474307,1,1,22.9099999996834,0
"951","i2",22,42,0.249999994644895,0,1,10.7499999983702,0
"952","i2",22,30,0.959999982928857,0,1,32.7900000032969,0
"953","i2",22,31,1.08000001179054,1,1,34.0100000146776,0
"954","i2",22,14,0.94000002031913,0,1,4.90999999456108,0
"955","i2",22,16,0.979999995306134,1,1,6.60999999381602,0
"956","i2",22,20,1.2300000231294,1,1,10.910000000149,0
"957","i2",22,38,0.825000031222589,0,1,4.98999999836087,0
"958","i2",22,29,1.72500001980225,1,1,30.1099999982398,0
"959","i2",22,28,1.38500002388377,0,1,29.6099999919534,0
"960","i2",22,23,1.56500002148328,1,1,19.4099999964237,0
"961","i2",22,18,1.08000002285,1,1,6.80999999749474,0
"962","i2",22,34,4.40999998469837,1,1,15.9099999989849,0
"963","i2",22,39,0.959999998644926,0,1,16.0099999979138,0
"964","i2",22,26,1.27000000888482,0,1,23.9099999889731,0
"965","i2",22,24,1.23500004776055,0,1,20.5099999904633,0
"966","i2",22,40,1.60000002684537,1,1,10.1099999970756,0
"967","i2",22,25,1.53000001262873,1,1,20.9100000094622,0
"968","i2",22,13,1.47000002730172,1,1,1.8099999986589,1
"969","i2",22,21,2.40000000476139,1,1,14.9100000038743,0
"970","i2",22,22,1.65500000907807,0,1,15.0099999969825,0
"971","i2",22,37,0.945000006824266,0,1,15.8100000000559,0
"972","i2",22,35,1.20999999328982,0,1,21.5099999972153,0
"973","i2",22,33,1.79000000240281,0,1,38.2100000046194,0
"974","i2",22,17,0.659999996339902,1,1,5.69000000250526,0
"975","i2",22,27,1.08499999945983,0,1,27.710000006482,0
"976","i2",22,19,1.81499998993473,0,1,9.01000001467764,0
"977","i2",23,43,1.09500001176028,1,1,14.6100000012666,0
"978","i2",23,44,1.39000000485918,0,1,11.8900000001304,0
"979","i2",23,45,1.86000000556,1,1,0.209999998332933,1
"980","i2",24,46,5.56999996654457,0,1,0.290000002132729,1
"981","i2",25,47,0.2499999946449,0,1,17.9499999969266,0
"982","i2",26,48,4.4600000159326,1,1,0.390000001061708,1
"983","i2",27,49,0.2499999946449,0,1,20.8500000007916,0
"984","i2",28,50,0.25000001792796,0,1,3.94841306842864,1
"985","i2",32,51,10.007499981795,0,1,0.390000001061708,1
"986","i2",37,52,0.2499999946449,0,1,40.8515869174153,0
"987","i2",42,70,8.29500003332039,1,1,37.8099999972619,0
"988","i2",43,71,6.14500000515953,0,1,14.3900000024587,0
"989","i2",46,72,13.2900000709714,0,1,0.0100000004749745,1
"1001","i4",23,9,4.24400003741053,1,1,15.5065454542637,0
"1002","i4",23,10,1.8150000018673,1,1,8.7133496068418,0
"1003","i4",25,12,2.76499999106396,0,1,0.015717773931101,1
"1004","i4",25,11,12.3375000398606,0,1,3.58428222825751,0
"1011","i5",17,2,3.38250000874512,0,1,4.41302246181294,0
"1012","i5",20,3,1.8949999981164,0,1,9.78999999933876,0
"1013","i5",23,4,10.9549999882747,0,1,5.99158690311015,0
"1014","i5",24,5,9.42000004502013,1,1,2.39000000292435,0
"1015","i5",24,6,19.7600000054319,1,1,4.69158692285419,0
"1016","i5",25,7,1.86999999894295,0,1,0.90841306373477,1
"1017","i5",34,11,24.2200000047754,1,1,22.3100000061095,0
"1018","i5",34,13,1.585000006794,0,1,17.5900000031106,0
"1019","i5",34,15,0.2499999946449,0,1,31.8499999993946,0
"1020","i5",34,14,0.2499999946449,0,1,26.5499999979511,0
"1021","i5",34,12,0.34999999919673,0,1,25.4100000020117,0
"1022","i5",34,16,0.25000001792796,1,1,35.2499999979045,0
"1023","i5",34,8,2.55999997776002,1,1,8.21000002324581,0
"1024","i5",34,10,1.99499997618375,1,1,9.91000002250075,0
"1025","i5",34,9,1.28500001205597,0,1,9.21000000089407,0
"1026","i5",36,21,0.2499999946449,0,1,38.4499999985565,0
"1027","i5",36,19,0.2499999946449,0,1,36.0500000009779,0
"1028","i5",36,20,0.2499999946449,0,1,32.9499999992549,0
"1029","i5",36,17,0.25000001792796,0,1,6.65000000153668,0
"1030","i5",36,22,0.2499999946449,0,1,8.65000002086163,0
"1031","i5",36,23,0.2499999946449,0,1,1.75000000745058,1
"1032","i5",36,18,0.2499999946449,0,1,35.4499999899417,0
"1033","i5",43,30,21.0550000926526,1,1,0.208413088694215,1
"1034","i5",43,29,6.77999982333742,1,1,0.00841310247778893,1
"1035","i5",43,31,21.6700000075926,1,1,16.2899999995716,0
"1042","i6",23,34,5.77500004859175,1,1,0.00999998301267624,1
"1043","i6",36,36,0.249999994644895,0,1,5.54841309785843,0
"1044","i6",36,35,0.25000001792796,0,1,4.44697753991932,1
"1045","i6",45,37,14.9600000285055,1,1,27.6915869209915,0
"1075","i7",21,34,0.25000001792796,0,1,0.449999998090789,1
"1076","i7",24,39,0.639999980470166,0,1,6.99000000022352,0
"1077","i7",24,40,0.249999994644895,1,1,26.4515869319439,0
"1078","i7",24,36,1.02499997920822,1,1,39.3900000024587,0
"1079","i7",24,35,0.710000043290202,0,1,35.1900000008754,0
"1080","i7",24,37,0.840000008782372,0,1,32.7900000032969,0
"1081","i7",24,38,0.840000006163027,1,1,41.7100000020582,0
"1082","i7",25,41,3.37999995932216,0,1,5.70999999763444,0
"1083","i7",25,42,5.2350000063167,0,1,3.39158689603209,0
"1095","j1",27,10,11.8900000191783,1,1,13.890000001993,0
"1226","j12",34,11,1.51999997326173,0,1,28.2100000011269,0
"1227","j12",34,16,1.0250000033644,0,1,23.6899999901652,0
"1245","j8",21,4,0.25000001792796,0,1,12.7499999944121,0
"1246","j8",21,1,0.249999994644895,0,1,12.9500000271946,0
"1247","j8",21,3,0.25000001792796,0,1,10.7499999925494,0
"1248","j8",21,2,0.249999994644895,0,1,10.8500000089407,0
"1249","j8",22,6,1.69000000600005,1,1,25.5899999756366,0
"1250","j8",22,5,4.92999997472391,0,1,19.3100000265986,0
"1251","j8",23,7,3.55000003105961,1,1,12.5899999868125,0
"1252","j8",25,8,4.42199997084984,0,1,30.5915869306773,0
"1253","j8",27,9,5.49499999958323,0,1,3.50841307081282,0
"1254","j8",30,10,7.86999995249324,1,1,0.0100000004749745,1
"1255","j8",34,32,0.2499999946449,0,1,5.34841308835894,0
"1256","j8",34,19,0.25000001792796,0,1,17.8484130883589,0
"1257","j8",34,21,0.2499999946449,0,1,16.4484130917117,0
"1258","j8",34,20,0.25000001792796,0,1,22.0484130899422,0
"1259","j8",34,15,0.2499999946449,0,1,18.1499999947846,0
"1260","j8",34,28,0.2499999946449,0,1,12.9500000271946,0
"1261","j8",34,34,0.24999999173451,0,1,16.3484130927827,0
"1262","j8",34,36,0.2499999946449,0,1,10.950000025332,0
"1263","j8",34,17,0.2499999946449,1,1,21.7484130873345,0
"1264","j8",34,26,0.2499999946449,0,1,11.4484130870551,0
"1265","j8",34,11,1.75000001926674,0,1,18.3084130927455,0
"1266","j8",34,35,0.2499999946449,0,1,13.7484130915254,0
"1267","j8",34,31,0.2499999946449,0,1,10.3500000201166,0
"1268","j8",34,30,0.2499999946449,0,1,11.4500000141561,0
"1269","j8",34,23,0.2499999946449,0,1,4.84841308789328,0
"1270","j8",34,18,0.2499999946449,0,1,20.1484130870085,0
"1271","j8",34,16,0.2499999946449,1,1,23.7484130891971,0
"1272","j8",34,33,0.2499999946449,0,1,12.7484130905941,0
"1273","j8",34,27,0.25000001792796,0,1,11.3484130881261,0
"1274","j8",34,37,0.24999999173451,0,1,6.04841309250332,0
"1275","j8",34,24,0.2499999946449,0,1,1.64841308724135,1
"1276","j8",34,25,0.2499999946449,0,1,2.34841309138574,1
"1277","j8",34,14,0.2499999946449,1,1,20.6484130874742,0
"1278","j8",34,13,0.2499999946449,0,1,9.74841308780015,0
"1279","j8",34,12,0.2499999946449,0,1,9.04841308947653,0
"1280","j8",34,29,0.25000001792796,0,1,5.04999998956919,0
"1281","j8",34,22,0.2499999946449,0,1,15.4484130907804,0
"1282","j8",35,38,0.80000002244487,1,1,26.2099999934435,0
"1283","j8",37,39,0.2499999946449,0,1,4.15000002831221,1
"1284","j8",42,46,3.744999968966,0,1,43.2099999976344,0
"1296","j9",21,33,0.25000001792796,0,1,35.1499999989755,0
"1297","j9",35,34,11.2520000513254,1,1,31.7850415129215,0
"1298","j9",37,35,11.2270498944431,0,1,-0.00460688024759293,1
"1299","k1",18,99,5.93999994901475,0,1,37.9000000015367,0
"1300","k1",18,98,2.50999997068197,0,1,2.50000000232831,1
"1301","k1",18,100,2.94999997318955,1,1,15.8500000019558,0
"1302","k1",19,102,2.3900000346615,1,1,6.09158690785989,0
"1303","k1",19,101,2.53499999459367,0,1,0.508413091301918,1
"1304","k1",21,138,0.249999994644895,0,1,21.4500000001863,0
"1305","k1",21,133,0.274999995273538,0,1,26.8499999772757,0
"1306","k1",21,147,0.249999994644895,0,1,4.64999999967404,0
"1307","k1",21,137,0.249999994644895,1,1,22.1499999985099,0
"1308","k1",21,126,0.249999994644895,0,1,29.7499999869615,0
"1309","k1",21,124,0.249999994644895,0,1,19.7499999776483,0
"1310","k1",21,108,0.25000001792796,0,1,26.3500000000931,0
"1311","k1",21,121,0.249999994644895,0,1,4.55000000074506,0
"1312","k1",21,105,0.249999994644895,1,1,4.85000000335276,0
"1313","k1",21,136,0.249999994644895,0,1,7.64999999664724,0
"1314","k1",21,125,0.249999994644895,0,1,22.9499999899417,0
"1315","k1",21,109,0.25000001792796,0,1,30.6499999947846,0
"1316","k1",21,123,0.249999994644895,0,1,18.2500000111759,0
"1317","k1",21,111,0.25000001792796,0,1,24.8499999754131,0
"1318","k1",21,146,0.249999994644895,0,1,4.74999999860302,0
"1319","k1",21,149,0.249999994644895,0,1,4.74999999860302,0
"1320","k1",21,127,0.25000001792796,0,1,42.8499999921769,0
"1321","k1",21,104,0.25000001792796,0,1,13.1499999668449,0
"1322","k1",21,107,0.25000001792796,0,1,23.5500000009779,0
"1323","k1",21,131,0.249999994644895,0,1,43.2499999995343,0
"1324","k1",21,135,0.25000001792796,0,1,8.04999996908009,0
"1325","k1",21,110,0.249999994644895,1,1,23.4499999787658,0
"1326","k1",21,130,0.249999994644895,0,1,26.2500000186265,0
"1327","k1",21,145,0.249999994644895,0,1,4.74999999860302,0
"1328","k1",21,120,0.25000001792796,1,1,13.7499999720603,0
"1329","k1",21,134,0.289499993100297,0,1,26.8499999772757,0
"1330","k1",21,117,0.249999994644895,0,1,5.75000001117587,0
"1331","k1",21,122,0.249999994644895,0,1,9.95000000111759,0
"1332","k1",21,129,0.249999994644895,0,1,13.6500000022352,0
"1333","k1",21,112,0.249999994644895,0,1,25.4499999806285,0
"1334","k1",21,148,0.249999994644895,0,1,3.45000000088476,1
"1335","k1",21,128,0.249999994644895,0,1,44.4500000216067,0
"1336","k1",21,144,0.25000001792796,1,1,2.94999997131526,1
"1337","k1",21,103,0.249999994644895,0,1,14.7500000020955,0
"1338","k1",21,118,0.249999994644895,0,1,7.34999999403954,0
"1339","k1",21,143,0.249999994644895,0,1,7.25000000093132,0
"1340","k1",21,106,0.249999994644895,0,1,17.4500000022817,0
"1341","k1",21,114,0.25000001792796,0,1,1.54999997466803,1
"1342","k1",21,141,0.249999994644895,0,1,22.4500000011176,0
"1343","k1",21,119,0.249999994644895,0,1,12.7499999944121,0
"1344","k1",21,139,0.249999994644895,0,1,20.5499999981839,0
"1345","k1",21,115,0.249999994644895,0,1,3.15000000409782,1
"1346","k1",21,142,0.249999994644895,0,1,21.0499999986496,0
"1347","k1",21,132,0.249999994644895,0,1,28.0499999877065,0
"1348","k1",21,116,0.249999994644895,0,1,3.84999997913837,1
"1349","k1",21,113,0.249999994644895,0,1,20.3499999828637,0
"1350","k1",21,140,0.249999994644895,0,1,23.3499999972992,0
"1351","k1",24,163,2.99435002440526,0,1,16.8200000189245,0
"1352","k1",24,166,2.62750001490582,0,1,19.8100000154227,0
"1353","k1",24,176,0.85820000643674,1,1,26.225202070782,0
"1354","k1",24,173,0.76799998384016,0,1,1.37520206626505,1
"1355","k1",24,171,4.58389995814431,1,1,37.1800000313669,0
"1356","k1",24,178,3.93904999895399,1,1,21.2052020709962,0
"1357","k1",24,165,1.34215001364322,0,1,18.5599999967963,0
"1358","k1",24,180,0.60179999831999,0,1,33.4052020683885,0
"1359","k1",24,184,1.61024998305738,1,1,1.78000000305474,1
"1360","k1",24,177,13.3930499926634,0,1,39.3552020657808,0
"1361","k1",24,179,5.05585004084124,1,1,19.4552020693664,0
"1362","k1",24,170,5.94265001457548,1,1,6.92520206794143,0
"1363","k1",24,161,3.85010003482932,0,1,15.7399999909103,0
"1364","k1",24,168,6.79540005378928,0,1,12.9247979319189,0
"1365","k1",24,175,4.97154997031814,0,1,12.9647979338188,0
"1366","k1",24,162,1.20964999412969,0,1,9.95520206633955,0
"1367","k1",24,181,5.55530001049191,1,1,24.7200000099838,0
"1368","k1",24,157,3.30134996899297,1,1,0.59000002220273,1
"1369","k1",24,169,5.32964999502259,1,1,31.9500000216067,0
"1370","k1",24,164,4.31540000143964,0,1,15.5100000090897,0
"1371","k1",24,174,0.75904998534736,0,1,-0.00479792943224311,1
"1372","k1",24,172,15.9507999756812,0,1,38.2552020659205,0
"1373","k1",24,167,1.52385000162534,1,1,22.220000019297,0
"1374","k1",24,159,1.67735002729562,0,1,4.51000002212822,0
"1375","k1",24,160,3.19654995635995,1,1,5.89520206558518,0
"1376","k1",24,183,2.38100002344558,1,1,0.539999967440963,1
"1377","k1",24,182,1.04649998672213,1,1,2.98999999649823,1
"1378","k1",24,158,1.10914999660258,0,1,5.34000000916421,0
"1379","k1",27,191,6.74759998728647,1,1,10.4962648591027,0
"1380","k1",27,187,4.19885003670128,0,1,14.5637351379264,0
"1381","k1",27,189,2.51804994781436,0,1,13.1962648592889,0
"1382","k1",27,185,28.6067500683775,1,1,-0.0218231230974197,0
"1383","k1",27,186,4.93695001086169,0,1,12.5981769058853,0
"1384","k1",27,188,1.37229997628583,0,1,11.0162648605183,0
"1385","k1",27,190,4.68374999047606,1,1,7.61626486200839,0
"1386","k1",32,192,2.48150001518102,0,1,-0.0166552723385394,1
"1387","k1",36,200,0.2499999946449,0,1,44.7500000009313,0
"1388","k1",36,195,0.2499999946449,0,1,39.4544970709831,0
"1389","k1",36,203,0.25000001792796,0,1,15.0499999988824,0
"1390","k1",36,202,0.2499999946449,0,1,37.3544970527291,0
"1391","k1",36,196,0.2499999946449,0,1,43.949999997858,0
"1392","k1",36,193,0.2499999946449,0,1,37.1544970665127,0
"1393","k1",36,197,0.2499999946449,0,1,45.2544970437884,0
"1394","k1",36,194,0.25000001792796,0,1,35.2544970344752,0
"1395","k1",36,199,0.25000001792796,0,1,48.0455029290169,0
"1396","k1",36,198,0.25000001792796,0,1,45.4544970300049,0
"1397","k1",36,201,0.2499999946449,0,1,40.5544970650226,0
"1398","k1",37,204,8.75099995847652,0,1,23.3915869088378,0
"1399","k1",44,226,2.59000003154157,0,1,19.0099999774247,0
"1401","k3",25,40,5.13000003999798,1,1,-0.0146069098263979,1
"1402","k3",30,41,7.23999996162252,0,1,17.6900000020396,0
"1403","k3",31,42,6.84499997564242,1,1,-0.00841310247778893,1
"1404","k3",34,44,1.70500002081273,1,1,22.3100000061095,0
"1405","k3",34,43,6.05599998977827,0,1,5.41000002995133,0
"1406","k3",34,45,2.14000000043539,0,1,23.1099999975413,0
"1407","k3",35,53,0.2499999946449,0,1,31.25,0
"1408","k3",35,54,0.25000001792796,0,1,40.2500000025611,0
"1409","k3",35,51,0.2499999946449,0,1,7.64999999664724,0
"1410","k3",35,55,0.25000001792796,0,1,17.5500000012107,0
"1411","k3",35,52,0.2499999946449,0,1,7.85000000032596,0
"1412","k3",35,46,4.09999996805564,1,1,0.310000032186508,1
"1413","k3",35,47,7.27499999492429,1,1,10.7900000002701,0
"1414","k3",35,50,0.2499999946449,0,1,3.75000000931323,1
"1415","k3",35,49,1.81999999244697,0,1,38.890000001993,0
"1416","k3",35,48,3.10999998897081,1,1,12.7900000021327,0
"1417","k3",37,56,120.465500055105,0,1,17.6049584522843,0
"1418","k3",50,76,0.249999994644895,0,1,10.9500000020489,0
"1429","l1",21,78,1.14000002360204,0,1,47.4899999797344,0
"1430","l1",21,79,0.25000001792796,0,1,28.1499999982771,0
"1431","l1",28,84,0.99000000527827,0,1,34.5084130880423,0
"1432","l1",28,85,12.077250059929,1,1,23.591586900875,0
"1433","l1",28,86,1.17900000175368,1,1,24.7915869113058,0
"1434","l1",28,83,15.0913999996021,1,1,15.7084130914882,0
"1435","l1",28,82,12.4503001078233,1,1,15.2184130623937,0
"1436","l1",30,98,1.15499999708729,0,1,11.4100000006147,0
"1437","l1",30,99,9.25000006408663,0,1,15.3099999995902,0
"1438","l1",30,88,0.76499999641906,0,1,24.1084130946547,0
"1439","l1",30,97,1.17000001073582,0,1,7.20999999903142,0
"1440","l1",30,92,1.51500002517365,1,1,29.4084130786359,0
"1441","l1",30,89,1.38000000128988,0,1,25.0084131024778,0
"1442","l1",30,91,0.84099997296324,0,1,26.408413099125,0
"1443","l1",30,87,4.41999999961816,1,1,15.60841309838,0
"1444","l1",30,96,1.21999998259824,0,1,14.9099999980535,0
"1445","l1",30,94,0.89000000829343,0,1,27.0100000023376,0
"1446","l1",30,90,1.27500001488952,0,1,25.6084130611271,0
"1447","l1",30,95,0.80999998963438,0,1,21.4099999982864,0
"1448","l1",30,93,1.33999999807216,0,1,31.8084130994976,0
"1449","l1",32,100,5.5099999724864,0,1,34.6100000024308,0
"1450","l1",34,108,0.830000020929146,0,1,24.8099999967963,0
"1451","l1",34,103,0.865000007082708,0,1,33.7084130849689,0
"1452","l1",34,104,2.81499998888699,0,1,36.0084130894393,0
"1453","l1",34,107,0.83999999714084,0,1,23.0099999986123,0
"1454","l1",34,111,0.249999994644895,1,1,21.5515869203955,0
"1455","l1",34,102,2.19499999023508,0,1,10.8084131032228,0
"1456","l1",34,105,1.34999998505227,0,1,19.4100000022445,0
"1457","l1",34,101,0.609999991590157,0,1,0.689999997848645,1
"1458","l1",34,109,2.48000002778601,1,1,43.1084130890667,0
"1459","l1",34,110,1.09499999284279,1,1,45.3900000022259,0
"1460","l1",34,106,1.25999996602535,1,1,23.7099999969359,0
"1461","l1",36,112,6.22000007340219,1,1,6.30999999120831,0
"1462","l1",37,113,1.51000003692228,0,1,9.99158690683544,0
"1463","l1",43,120,2.21000000097323,0,1,10.0899999961257,0
"1465","l2",18,47,2.07000002783723,1,1,4.39999997615814,0
"1466","l2",18,49,0.665000000016298,0,1,2.3999999742955,1
"1467","l2",18,48,1.39499998583458,0,1,1.39999999664724,1
"1468","l2",18,50,1.7399999569077,0,1,0.600000005215406,1
"1469","l2",18,46,4.89499999002554,0,1,13.8999999966472,0
"1470","l2",19,52,3.58999999818858,1,1,23.3084131032228,0
"1471","l2",19,51,5.07500000683358,1,1,0.508413091301918,1
"1472","l2",21,55,0.249999994644895,0,1,5.55158690549433,0
"1473","l2",21,53,0.249999991734512,0,1,7.85158690996468,0
"1474","l2",21,56,0.25000001792796,0,1,16.7484130710363,0
"1475","l2",21,57,0.249999994644895,0,1,1.04841310530901,1
"1476","l2",21,54,0.249999994644895,0,1,6.85158693231642,0
"1477","l2",22,65,0.249999994644895,0,1,25.2500000002328,0
"1478","l2",22,60,0.25000001792796,0,1,23.0500000005122,0
"1479","l2",22,64,0.249999994644895,0,1,7.35158692114055,0
"1480","l2",22,59,0.25000001792796,1,1,11.3499999977648,0
"1481","l2",22,62,0.249999994644895,0,1,3.65158692002296,1
"1482","l2",22,61,0.249999994644895,0,1,3.45158693380654,1
"1483","l2",22,63,0.25000001792796,0,1,6.05158689431846,0
"1484","l2",22,58,5.92000002947869,1,1,25.010000000475,0
"1485","l2",23,66,3.44499996433267,1,1,0.310000032186508,1
"1486","l2",23,67,3.37500009185169,1,1,1.8099999986589,1
"1487","l2",28,75,9.3700000111666,1,1,0.00953369308263063,1
"1488","l2",28,74,7.3649999927054,0,1,9.00841308757663,0
"1489","l2",30,76,12.3935000879338,1,1,1.99428222840652,0
"1490","l2",34,85,0.44699999091984,0,1,14.0853931196034,0
"1491","l2",34,79,2.84999998086132,0,1,9.6915869100485,0
"1492","l2",34,80,1.53750001534936,0,1,15.5915869108867,0
"1493","l2",34,77,14.9474999629986,0,1,-0.00841309083625674,1
"1494","l2",34,84,0.7499999810243,0,1,13.7853931169957,0
"1495","l2",34,78,3.6730000011255,0,1,4.41460688598454,0
"1496","l2",34,82,1.23950001026574,0,1,18.8853931147605,0
"1497","l2",34,81,1.09949999542395,0,1,17.5915869127493,0
"1498","l2",34,83,1.18950001209346,0,1,11.1915869114455,0
"1499","l2",43,94,6.16000001240522,1,1,5.48999999882653,0
"1507","u1",34,50,1.18299999631289,1,1,37.2084130998701,0
"1508","u1",36,52,0.2499999946449,0,1,34.1499999980442,0
"1509","u1",36,51,0.2499999946449,0,1,12.8515869379044,0
"1510","u1",49,55,0.249999994644895,0,1,15.6484130769968,0
"1545","u3",27,6,15.1603000615319,1,1,3.76999999862164,0
"1546","u3",34,7,19.3900000072457,1,1,7.41065429756418,0
"1547","u3",36,23,0.2499999946449,0,1,22.8499999968335,0
"1548","u3",36,18,0.2499999946449,0,1,32.850000000326,0
"1549","u3",36,14,0.2499999946449,0,1,4.95000000228174,0
"1550","u3",36,34,0.2499999946449,0,1,27.8484130743891,0
"1551","u3",36,15,0.2499999946449,0,1,21.3500000012573,0
"1552","u3",36,17,0.2499999946449,1,1,36.9484130758792,0
"1553","u3",36,13,0.2499999946449,0,1,1.85158690437675,1
"1554","u3",36,40,0.25000001792796,0,1,9.04999999911524,0
"1555","u3",36,16,0.2499999946449,0,1,25.1500000013039,0
"1556","u3",36,22,0.25000001792796,0,1,26.5499999979511,0
"1557","u3",36,29,0.2499999946449,0,1,32.750000001397,0
"1558","u3",36,30,0.2499999946449,0,1,34.8484131041914,0
"1559","u3",36,27,0.25000001792796,0,1,25.5499999970198,0
"1560","u3",36,28,0.25000001792796,0,1,30.5500000016764,0
"1561","u3",36,20,0.2499999946449,0,1,34.2499999969732,0
"1562","u3",36,33,0.2499999946449,0,1,25.4484131000936,0
"1563","u3",36,38,0.25000001792796,0,1,20.9484130609781,0
"1564","u3",36,21,0.2499999946449,0,1,31.9499999983236,0
"1565","u3",36,12,0.2499999946449,0,1,12.9515869077295,0
"1566","u3",36,25,0.2499999946449,0,1,17.249999998603,0
"1567","u3",36,11,0.25000001792796,0,1,12.3499999986961,0
"1568","u3",36,35,0.2499999946449,0,1,28.2484130933881,0
"1569","u3",36,9,0.2499999946449,0,1,8.75158691778779,0
"1570","u3",36,32,0.2499999946449,0,1,28.0484131071717,0
"1571","u3",36,36,0.2499999946449,0,1,31.648413091898,0
"1572","u3",36,8,0.24999999173451,0,1,1.65158691816032,1
"1573","u3",36,19,0.2499999946449,0,1,33.1499999971129,0
"1574","u3",36,10,0.2499999946449,0,1,3.15158693119884,1
"1575","u3",36,24,0.24999999173451,0,1,7.15000000200234,0
"1576","u3",36,26,0.2499999946449,0,1,22.6499999989755,0
"1577","u3",36,31,0.2499999946449,0,1,30.8484131004661,0
"1578","u3",36,37,0.2499999946449,0,1,22.7484130766243,0
"1579","u3",36,39,0.2499999946449,0,1,11.8499999982305,0
"1580","u3",38,42,1.78850000194018,0,1,25.2099999983329,0
"1581","u3",38,41,0.40799999533501,0,1,14.1500000027008,0
"1610","u4",37,18,10.6050000830833,1,1,0.509533687727526,1
"1617","v1",35,26,5.4194999869396,1,1,27.1942822262645,0
"1618","v1",35,56,0.24999999173451,0,1,27.654282230651,0
"1619","v1",35,2,15.8499999156687,1,1,7.00841308571398,0
"1620","v2",30,42,3.77549995349883,0,1,0.985393114387989,1
"1621","v2",35,43,12.1719999841794,1,1,7.90999999735504,0
"1622","v2",35,44,8.5549999640137,1,1,0.589999998919666,1
"1623","v3",34,9,2.96500000109896,1,1,0.589999998919666,1
"1624","v3",34,11,2.5099999823235,1,1,33.6915869265795,0
"1625","v3",34,4,2.65000003171153,1,1,20.3084130771458,0
"1626","v3",34,6,1.14499998857034,0,1,2.09000000031665,1
"1627","v3",34,15,0.249999994644895,0,1,17.7499999990687,0
"1628","v3",34,10,1.64999997920822,0,1,39.8915869183838,0
"1629","v3",34,3,1.66249999349238,0,1,11.7099999974016,0
"1630","v3",35,16,16.9099999739299,1,1,10.7084130868316,0
"1631","v3",35,17,8.90499994662125,1,1,19.0084130968899,0
"1632","v3",35,18,5.86000000951812,0,1,12.1099999989383,0
"1633","v3",35,19,2.96499998480082,1,1,45.0915869325399,0
"1634","v3",36,20,7.21350004437938,1,1,-0.00841310247778893,1
"1635","v3",37,21,2.9600000014971,1,1,0.186977541306987,1
"1636","v3",38,23,0.25000001792796,0,1,21.9515869102906,0
"1637","v3",38,22,0.2499999946449,0,1,9.55158690921962,0
"1638","v3",43,27,2.45200001671514,0,1,-0.00841310247778893,1
"1639","v4",35,40,0.249999994644895,0,1,31.7457177734468,0
"1640","v4",35,10,5.53995000807331,1,1,35.8057177742012,0
"1641","v4",35,5,1.32250000793487,0,1,28.0057177704293,0
"1642","v4",35,8,3.06999998813961,0,1,31.5157177741639,0
"1643","v4",38,41,5.14999998834683,0,1,0.00841310247778893,1
"1644","v4",38,42,2.24500000662636,0,1,3.28999999910593,0
"1645","v4",42,45,13.5800000106264,0,1,0.00841310247778893,1
"1646","v4",43,46,8.5999999936088,0,1,0.290000002132729,1
"1647","v4",44,47,4.15999994814396,0,1,43.4100000013132,0
